date,symbol,open,high,low,close,volume
2024-01-02,000333,54.63,55.05,54.2,54.56,23905697.0
2024-01-02,510300,3.502,3.502,3.451,3.453,9429306.0
2024-01-02,510500,5.524,5.53,5.492,5.497,3092572.0
2024-01-02,511010,133.364,133.364,133.03,133.252,31664.0
2024-01-02,518880,4.643,4.667,4.643,4.666,2062784.0
2024-01-02,600036,27.95,27.96,27.56,27.58,542195.0
2024-01-02,600519,1715.0,1718.19,1678.1,1685.01,3215644.0
2024-01-02,600887,26.85,26.85,26.26,26.27,26732203.0
2024-01-02,600900,23.34,23.77,23.32,23.68,68880298.0
2024-01-02,600941,98.7,99.79,97.66,98.73,8018869.0
2024-01-02,601088,31.39,32.65,31.37,32.38,42184092.0
2024-01-02,601318,40.3,40.31,39.46,39.47,437592.0
2024-01-02,601398,4.78,4.83,4.77,4.79,2071811.0
2024-01-02,601857,7.06,7.19,7.05,7.14,122608689.0
2024-01-03,000333,54.59,54.8,54.1,54.45,20689673.0
2024-01-03,510300,3.446,3.46,3.428,3.443,10617503.0
2024-01-03,510500,5.49,5.517,5.461,5.49,2255497.0
2024-01-03,511010,133.215,133.247,133.155,133.217,41739.0
2024-01-03,518880,4.658,4.666,4.655,4.663,1111962.0
2024-01-03,600036,27.58,27.84,27.52,27.77,433956.0
2024-01-03,600519,1681.11,1695.22,1676.33,1694.0,2022929.0
2024-01-03,600887,26.25,26.42,26.0,26.06,28797628.0
2024-01-03,600900,23.67,23.8,23.6,23.76,60752512.0
2024-01-03,600941,98.58,99.5,97.1,97.9,8345920.0
2024-01-03,601088,32.37,33.18,32.3,32.98,31978825.0
2024-01-03,601318,39.47,39.66,39.19,39.4,363822.0
2024-01-03,601398,4.79,4.85,4.78,4.84,2488954.0
2024-01-03,601857,7.14,7.3,7.11,7.28,134655887.0
2024-01-04,000333,54.66,55.32,54.45,55.25,26702502.0
2024-01-04,510300,3.442,3.442,3.387,3.413,16661525.0
2024-01-04,510500,5.491,5.495,5.417,5.446,2747555.0
2024-01-04,511010,133.205,133.394,133.171,133.32,4005.0
2024-01-04,518880,4.64,4.656,4.633,4.651,1149663.0
2024-01-04,600036,27.76,27.83,27.36,27.81,637102.0
2024-01-04,600519,1693.0,1693.0,1662.93,1669.0,2155107.0
2024-01-04,600887,26.09,26.18,25.8,25.97,29419275.0
2024-01-04,600900,23.8,23.98,23.61,23.8,61342335.0
2024-01-04,600941,97.66,99.45,97.2,99.19,9459060.0
2024-01-04,601088,33.01,33.6,33.01,33.43,39050803.0
2024-01-04,601318,39.36,39.58,38.66,38.9,467392.0
2024-01-04,601398,4.84,4.9,4.83,4.89,2865676.0
2024-01-04,601857,7.33,7.46,7.32,7.43,149391302.0
2024-01-05,000333,55.2,56.08,54.85,55.6,30042877.0
2024-01-05,510300,3.404,3.439,3.377,3.396,16996697.0
2024-01-05,510500,5.438,5.463,5.356,5.376,2031987.0
2024-01-05,511010,133.318,133.592,133.283,133.457,3307.0
2024-01-05,518880,4.659,4.665,4.656,4.664,1267497.0
2024-01-05,600036,27.75,28.78,27.62,28.29,1190633.0
2024-01-05,600519,1661.33,1678.66,1652.11,1663.36,2024286.0
2024-01-05,600887,25.98,26.45,25.91,26.12,38718766.0
2024-01-05,600900,23.78,23.95,23.66,23.74,70563121.0
2024-01-05,600941,99.2,99.7,97.37,98.25,8802163.0
2024-01-05,601088,33.33,33.8,33.08,33.45,31655586.0
2024-01-05,601318,38.85,39.58,38.68,38.97,499202.0
2024-01-05,601398,4.89,4.94,4.86,4.87,2860747.0
2024-01-05,601857,7.39,7.59,7.35,7.49,152900232.0
2024-01-08,000333,55.6,55.6,54.62,55.0,27809739.0
2024-01-08,510300,3.389,3.403,3.346,3.349,17304244.0
2024-01-08,510500,5.361,5.364,5.248,5.25,2922712.0
2024-01-08,511010,133.444,133.699,133.36,133.423,30614.0
2024-01-08,518880,4.663,4.667,4.646,4.65,1161639.0
2024-01-08,600036,28.17,28.59,27.95,28.13,816821.0
2024-01-08,600519,1661.0,1662.0,1640.01,1643.99,2558620.0
2024-01-08,600887,26.24,26.5,26.01,26.15,41747081.0
2024-01-08,600900,23.74,23.82,23.53,23.6,65439403.0
2024-01-08,600941,97.73,98.56,97.01,98.39,8298194.0
2024-01-08,601088,33.3,33.81,33.05,33.65,45969032.0
2024-01-08,601318,38.97,39.17,38.22,38.45,514732.0
2024-01-08,601398,4.87,4.91,4.85,4.88,3252257.0
2024-01-08,601857,7.5,7.57,7.42,7.47,116656527.0
2024-01-09,000333,54.71,55.33,54.11,55.17,21607041.0
2024-01-09,510300,3.351,3.371,3.339,3.357,11312178.0
2024-01-09,510500,5.252,5.309,5.238,5.262,2220795.0
2024-01-09,511010,133.422,133.486,133.41,133.444,29256.0
2024-01-09,518880,4.651,4.654,4.642,4.649,848128.0
2024-01-09,600036,28.12,28.28,27.9,28.17,558663.0
2024-01-09,600519,1641.01,1652.32,1635.07,1641.0,2441204.0
2024-01-09,600887,26.1,26.44,25.85,26.31,32953927.0
2024-01-09,600900,23.6,23.68,23.3,23.54,80150503.0
2024-01-09,600941,98.2,98.46,96.59,97.86,6751872.0
2024-01-09,601088,33.5,34.15,33.22,34.05,29580995.0
2024-01-09,601318,38.45,38.58,38.2,38.38,370651.0
2024-01-09,601398,4.88,4.89,4.83,4.88,2257345.0
2024-01-09,601857,7.38,7.48,7.32,7.46,106987184.0
2024-01-10,000333,55.17,55.77,54.84,55.22,17820813.0
2024-01-10,510300,3.35,3.381,3.332,3.341,9582541.0
2024-01-10,510500,5.244,5.303,5.2,5.249,2096542.0
2024-01-10,511010,133.469,133.487,133.396,133.427,22250.0
2024-01-10,518880,4.647,4.653,4.628,4.631,1615040.0
2024-01-10,600036,28.02,28.35,28.02,28.05,453640.0
2024-01-10,600519,1641.1,1659.46,1638.0,1641.5,1735067.0
2024-01-10,600887,26.36,26.64,26.2,26.57,35659020.0
2024-01-10,600900,23.51,23.64,23.21,23.34,67243039.0
2024-01-10,600941,97.69,98.48,96.23,96.53,6293660.0
2024-01-10,601088,34.05,34.5,33.54,33.85,24398494.0
2024-01-10,601318,38.29,38.45,37.82,37.82,441304.0
2024-01-10,601398,4.87,4.91,4.83,4.85,2342435.0
2024-01-10,601857,7.46,7.55,7.39,7.41,79849103.0
2024-01-11,000333,55.22,55.49,54.73,55.0,21236920.0
2024-01-11,510300,3.341,3.38,3.334,3.36,12662372.0
2024-01-11,510500,5.24,5.335,5.235,5.312,2695309.0
2024-01-11,511010,133.428,133.476,133.369,133.46,27339.0
2024-01-11,518880,4.632,4.637,4.627,4.631,976424.0
2024-01-11,600036,28.0,28.57,27.85,28.38,735318.0
2024-01-11,600519,1640.1,1657.94,1638.06,1646.57,1644055.0
2024-01-11,600887,26.48,26.97,26.45,26.6,36742732.0
2024-01-11,600900,23.38,23.39,23.11,23.18,60919882.0
2024-01-11,600941,96.21,96.31,93.69,95.36,8826628.0
2024-01-11,601088,33.85,33.85,33.17,33.25,29463357.0
2024-01-11,601318,37.8,38.66,37.62,38.43,381571.0
2024-01-11,601398,4.84,4.85,4.77,4.78,3306669.0
2024-01-11,601857,7.37,7.39,7.2,7.23,128745612.0
2024-01-12,000333,54.9,55.71,54.58,55.0,24361080.0
2024-01-12,510300,3.351,3.377,3.346,3.349,8413273.0
2024-01-12,510500,5.295,5.358,5.289,5.292,2377712.0
2024-01-12,511010,133.499,133.499,133.254,133.417,26873.0
2024-01-12,518880,4.637,4.648,4.633,4.646,1103102.0
2024-01-12,600036,28.26,28.78,28.26,28.54,577832.0
2024-01-12,600519,1639.97,1651.26,1639.4,1643.06,1160324.0
2024-01-12,600887,26.5,26.8,26.47,26.75,24894170.0
2024-01-12,600900,23.09,23.59,23.09,23.53,62005621.0
2024-01-12,600941,94.7,96.1,94.12,95.3,5573162.0
2024-01-12,601088,33.15,33.69,33.06,33.62,21163491.0
2024-01-12,601318,38.19,38.54,38.03,38.03,303001.0
2024-01-12,601398,4.77,4.83,4.76,4.81,2300665.0
2024-01-12,601857,7.26,7.3,7.17,7.23,95005360.0
2024-01-15,000333,54.84,55.98,54.66,55.88,19124097.0
2024-01-15,510300,3.33,3.375,3.324,3.345,9055706.0
2024-01-15,510500,5.275,5.333,5.254,5.279,1577415.0
2024-01-15,511010,133.417,133.456,133.367,133.373,61964.0
2024-01-15,518880,4.664,4.676,4.664,4.673,964553.0
2024-01-15,600036,28.5,28.94,28.37,28.77,482452.0
2024-01-15,600519,1635.0,1654.97,1634.45,1640.0,1785403.0
2024-01-15,600887,26.67,26.95,26.5,26.71,24475931.0
2024-01-15,600900,23.48,23.65,23.4,23.5,40987662.0
2024-01-15,600941,95.19,97.1,95.0,96.65,6093728.0
2024-01-15,601088,33.5,34.18,33.43,34.04,23839567.0
2024-01-15,601318,37.87,38.49,37.7,38.17,327022.0
2024-01-15,601398,4.8,4.86,4.79,4.86,1810483.0
2024-01-15,601857,7.21,7.35,7.18,7.33,87215501.0
2024-01-16,000333,55.61,56.95,55.1,56.92,33730399.0
2024-01-16,510300,3.34,3.368,3.326,3.367,17689524.0
2024-01-16,510500,5.266,5.297,5.21,5.274,2390412.0
2024-01-16,511010,133.331,133.359,133.28,133.282,46331.0
2024-01-16,518880,4.674,4.68,4.668,4.677,832432.0
2024-01-16,600036,28.63,29.13,28.6,29.13,853440.0
2024-01-16,600519,1638.5,1647.0,1624.94,1639.43,2590314.0
2024-01-16,600887,26.6,26.94,26.57,26.9,34821275.0
2024-01-16,600900,23.42,23.57,23.3,23.55,57834255.0
2024-01-16,600941,96.65,97.15,95.84,96.74,6633706.0
2024-01-16,601088,33.89,34.47,33.82,34.28,21816280.0
2024-01-16,601318,38.04,38.76,37.94,38.7,544963.0
2024-01-16,601398,4.84,4.9,4.84,4.89,2480399.0
2024-01-16,601857,7.31,7.37,7.25,7.34,100607620.0
2024-01-17,000333,56.63,57.29,56.37,56.37,26914126.0
2024-01-17,510300,3.357,3.357,3.29,3.292,12862152.0
2024-01-17,510500,5.254,5.262,5.138,5.141,1981661.0
2024-01-17,511010,133.264,133.379,133.264,133.379,42925.0
2024-01-17,518880,4.661,4.662,4.628,4.631,1055515.0
2024-01-17,600036,29.12,29.58,29.03,29.19,1308601.0
2024-01-17,600519,1630.0,1635.48,1577.0,1577.0,5163276.0
2024-01-17,600887,26.86,26.88,26.4,26.4,34169454.0
2024-01-17,600900,23.55,23.6,23.32,23.32,66509131.0
2024-01-17,600941,96.74,97.11,95.77,95.89,6415322.0
2024-01-17,601088,34.18,34.66,34.04,34.14,31967604.0
2024-01-17,601318,38.46,38.55,38.01,38.01,561229.0
2024-01-17,601398,4.88,4.9,4.84,4.84,2766317.0
2024-01-17,601857,7.3,7.34,7.2,7.2,100884100.0
2024-01-18,000333,56.79,56.99,55.08,56.4,39023100.0
2024-01-18,510300,3.218,3.275,3.166,3.268,47543511.0
2024-01-18,510500,5.136,5.153,5.002,5.146,4760788.0
2024-01-18,511010,133.415,133.557,133.334,133.35,42701.0
2024-01-18,518880,4.624,4.627,4.613,4.616,1250719.0
2024-01-18,600036,28.94,29.68,28.6,29.58,1295126.0
2024-01-18,600519,1574.0,1612.8,1555.55,1610.87,6043981.0
2024-01-18,600887,26.3,26.85,25.98,26.75,51282449.0
2024-01-18,600900,23.3,23.42,22.88,23.32,122738921.0
2024-01-18,600941,95.58,98.5,94.4,98.18,10050967.0
2024-01-18,601088,34.14,34.4,33.2,34.07,46466888.0
2024-01-18,601318,37.75,39.03,37.64,38.99,861544.0
2024-01-18,601398,4.83,4.88,4.72,4.85,5232773.0
2024-01-18,601857,7.22,7.27,6.89,7.19,195562937.0
2024-01-19,000333,56.0,56.6,55.86,56.14,29937004.0
2024-01-19,510300,3.249,3.285,3.242,3.275,36944521.0
2024-01-19,510500,5.119,5.162,5.095,5.106,3196218.0
2024-01-19,511010,133.44,133.575,133.44,133.575,50477.0
2024-01-19,518880,4.636,4.643,4.635,4.643,870581.0
2024-01-19,600036,29.37,29.9,29.14,29.73,968616.0
2024-01-19,600519,1608.87,1638.01,1600.88,1635.0,4637843.0
2024-01-19,600887,26.51,26.92,26.47,26.87,40141585.0
2024-01-19,600900,23.3,23.52,23.12,23.5,94494749.0
2024-01-19,600941,97.6,98.46,97.0,98.16,6465471.0
2024-01-19,601088,34.01,34.01,32.81,33.25,60297481.0
2024-01-19,601318,38.8,39.34,38.55,39.2,639744.0
2024-01-19,601398,4.83,4.89,4.79,4.89,3867215.0
2024-01-19,601857,7.15,7.2,7.05,7.14,119694368.0
2024-01-22,000333,55.88,56.66,55.08,55.34,35980322.0
2024-01-22,510300,3.265,3.275,3.193,3.206,46470565.0
2024-01-22,510500,5.088,5.095,4.82,4.87,3745535.0
2024-01-22,511010,133.577,133.7,133.548,133.637,30624.0
2024-01-22,518880,4.646,4.652,4.624,4.625,906883.0
2024-01-22,600036,29.76,30.5,29.7,30.25,1549703.0
2024-01-22,600519,1629.0,1643.0,1618.88,1642.0,4694589.0
2024-01-22,600887,26.91,27.0,26.37,26.68,57716962.0
2024-01-22,600900,23.16,23.48,23.07,23.23,110790646.0
2024-01-22,600941,98.16,98.4,96.27,96.96,8965460.0
2024-01-22,601088,33.22,33.49,32.65,32.96,38100918.0
2024-01-22,601318,39.07,39.93,38.97,39.48,961099.0
2024-01-22,601398,4.87,4.94,4.86,4.89,4420635.0
2024-01-22,601857,7.14,7.2,6.98,7.05,130931082.0
2024-01-23,000333,55.52,56.69,54.8,56.38,28848518.0
2024-01-23,510300,3.199,3.247,3.186,3.228,13924804.0
2024-01-23,510500,4.844,4.971,4.801,4.948,3309903.0
2024-01-23,511010,133.637,133.637,133.502,133.559,31376.0
2024-01-23,518880,4.623,4.632,4.609,4.632,1042699.0
2024-01-23,600036,30.01,30.35,29.8,29.99,886056.0
2024-01-23,600519,1632.01,1639.95,1609.0,1619.0,3483490.0
2024-01-23,600887,26.65,26.74,26.18,26.46,36896364.0
2024-01-23,600900,23.16,23.35,22.93,23.25,85306405.0
2024-01-23,600941,96.69,96.69,94.66,95.28,7829549.0
2024-01-23,601088,32.82,33.8,32.65,33.62,29930816.0
2024-01-23,601318,39.2,39.71,38.7,39.36,601721.0
2024-01-23,601398,4.89,4.92,4.84,4.89,3107488.0
2024-01-23,601857,7.01,7.08,6.86,7.01,135385464.0
2024-01-24,000333,56.15,57.44,56.02,57.19,26463721.0
2024-01-24,510300,3.239,3.28,3.188,3.279,22789369.0
2024-01-24,510500,4.951,5.026,4.839,5.018,3446637.0
2024-01-24,511010,133.511,133.598,133.496,133.512,14214.0
2024-01-24,518880,4.63,4.63,4.624,4.626,673747.0
2024-01-24,600036,30.15,30.29,29.38,30.09,974892.0
2024-01-24,600519,1629.0,1633.84,1603.56,1626.0,3321635.0
2024-01-24,600887,26.51,26.93,26.2,26.8,33367891.0
2024-01-24,600900,23.31,23.87,23.28,23.85,108649042.0
2024-01-24,600941,95.0,97.66,94.85,97.1,7969721.0
2024-01-24,601088,33.79,34.7,33.59,34.61,32600623.0
2024-01-24,601318,39.66,40.3,39.08,40.17,761151.0
2024-01-24,601398,4.9,4.98,4.88,4.97,3348475.0
2024-01-24,601857,7.02,7.27,6.99,7.26,169985431.0
2024-01-25,000333,57.3,57.49,56.24,56.35,24963629.0
2024-01-25,510300,3.27,3.34,3.261,3.335,16487014.0
2024-01-25,510500,5.018,5.169,4.976,5.166,3445700.0
2024-01-25,511010,133.564,133.721,133.564,133.682,16875.0
2024-01-25,518880,4.607,4.612,4.602,4.605,1102489.0
2024-01-25,600036,30.31,31.0,30.18,30.9,1234509.0
2024-01-25,600519,1626.82,1641.0,1622.0,1638.0,3120580.0
2024-01-25,600887,26.79,27.09,26.73,27.07,39456231.0
2024-01-25,600900,23.86,24.1,23.71,23.94,82891286.0
2024-01-25,600941,97.1,101.0,96.41,100.51,16651174.0
2024-01-25,601088,34.78,35.39,34.45,35.12,33269597.0
2024-01-25,601318,40.15,41.51,40.0,41.15,986581.0
2024-01-25,601398,4.98,5.05,4.97,5.01,3437584.0
2024-01-25,601857,7.3,7.99,7.27,7.99,378027534.0
2024-01-26,000333,56.35,57.75,56.35,57.51,32745737.0
2024-01-26,510300,3.328,3.35,3.312,3.329,21833051.0
2024-01-26,510500,5.145,5.168,5.091,5.109,2914766.0
2024-01-26,511010,133.75,133.847,133.747,133.775,40995.0
2024-01-26,518880,4.623,4.627,4.618,4.625,756760.0
2024-01-26,600036,30.92,31.35,30.66,31.12,1009916.0
2024-01-26,600519,1630.36,1644.1,1623.0,1637.32,2695475.0
2024-01-26,600887,26.92,27.25,26.76,27.2,39674351.0
2024-01-26,600900,23.85,24.19,23.81,24.13,71370324.0
2024-01-26,600941,99.6,102.28,98.63,101.4,11537126.0
2024-01-26,601088,35.0,35.96,34.9,35.8,30660100.0
2024-01-26,601318,41.05,41.34,40.65,41.25,785925.0
2024-01-26,601398,5.01,5.11,4.99,5.09,3899368.0
2024-01-26,601857,8.05,8.55,7.88,8.5,593009559.0
2024-01-29,000333,57.9,59.48,57.69,58.69,37498736.0
2024-01-29,510300,3.331,3.345,3.298,3.299,10113930.0
2024-01-29,510500,5.115,5.135,5.012,5.013,1966042.0
2024-01-29,511010,133.775,133.825,133.754,133.821,30873.0
2024-01-29,518880,4.636,4.638,4.632,4.634,803554.0
2024-01-29,600036,31.2,31.6,31.17,31.35,838824.0
2024-01-29,600519,1640.3,1660.58,1640.29,1650.0,3142068.0
2024-01-29,600887,27.14,27.63,27.12,27.49,47326322.0
2024-01-29,600900,24.09,24.5,24.06,24.27,69416961.0
2024-01-29,600941,100.82,105.01,100.77,102.85,13116029.0
2024-01-29,601088,35.82,36.03,35.5,35.65,25157315.0
2024-01-29,601318,41.26,41.69,40.92,40.98,620785.0
2024-01-29,601398,5.08,5.2,5.08,5.16,3844041.0
2024-01-29,601857,8.39,8.85,8.25,8.4,586392463.0
2024-01-30,000333,58.7,59.2,58.0,58.22,27373299.0
2024-01-30,510300,3.281,3.298,3.241,3.243,18892623.0
2024-01-30,510500,4.993,5.027,4.888,4.911,1885736.0
2024-01-30,511010,134.016,134.308,133.918,134.167,36493.0
2024-01-30,518880,4.641,4.652,4.638,4.647,879719.0
2024-01-30,600036,31.2,31.5,30.78,31.0,743999.0
2024-01-30,600519,1649.98,1649.98,1610.0,1613.0,3086633.0
2024-01-30,600887,27.35,27.61,27.27,27.28,33480461.0
2024-01-30,600900,24.26,24.36,24.01,24.1,79784398.0
2024-01-30,600941,102.5,103.36,101.1,101.2,8029396.0
2024-01-30,601088,35.7,36.0,35.25,35.76,27717552.0
2024-01-30,601318,40.6,40.91,40.17,40.19,570640.0
2024-01-30,601398,5.14,5.18,5.09,5.13,2914817.0
2024-01-30,601857,8.32,8.65,8.3,8.4,364425093.0
2024-01-31,000333,57.91,58.94,57.42,58.25,25544153.0
2024-01-31,510300,3.233,3.249,3.197,3.222,19090997.0
2024-01-31,510500,4.9,4.918,4.776,4.783,3470484.0
2024-01-31,511010,134.27,134.39,134.118,134.2,25205.0
2024-01-31,518880,4.654,4.656,4.648,4.653,1367351.0
2024-01-31,600036,30.92,31.19,30.59,30.71,808949.0
2024-01-31,600519,1613.0,1619.97,1598.13,1604.91,2964912.0
2024-01-31,600887,27.25,27.48,26.9,27.09,35340671.0
2024-01-31,600900,24.08,24.46,24.03,24.4,88550152.0
2024-01-31,600941,100.87,102.98,99.79,102.43,8711121.0
2024-01-31,601088,35.39,37.19,35.35,37.12,46737348.0
2024-01-31,601318,40.15,40.85,39.99,40.51,557014.0
2024-01-31,601398,5.12,5.19,5.1,5.17,2963859.0
2024-01-31,601857,8.34,8.56,8.3,8.36,321814304.0
2024-02-01,000333,58.23,59.46,58.0,58.81,30340175.0
2024-02-01,510300,3.2,3.248,3.19,3.218,18909976.0
2024-02-01,510500,4.756,4.856,4.709,4.765,3482025.0
2024-02-01,511010,134.12,134.177,133.944,134.078,34043.0
2024-02-01,518880,4.652,4.67,4.652,4.668,1195280.0
2024-02-01,600036,30.67,30.84,30.2,30.42,859700.0
2024-02-01,600519,1605.5,1623.89,1601.0,1610.03,2648515.0
2024-02-01,600887,27.09,27.29,26.88,26.96,35076653.0
2024-02-01,600900,24.3,24.44,24.15,24.15,66074108.0
2024-02-01,600941,101.0,102.37,100.0,100.86,8441946.0
2024-02-01,601088,36.85,36.95,36.03,36.3,34954276.0
2024-02-01,601318,40.12,40.63,39.93,40.3,490925.0
2024-02-01,601398,5.15,5.2,5.13,5.14,2993715.0
2024-02-01,601857,8.2,8.35,8.09,8.15,364404315.0
2024-02-02,000333,58.5,58.88,57.31,58.25,28950504.0
2024-02-02,510300,3.218,3.232,3.102,3.188,25386942.0
2024-02-02,510500,4.764,4.811,4.504,4.637,3845023.0
2024-02-02,511010,134.063,134.09,134.031,134.066,40738.0
2024-02-02,518880,4.671,4.679,4.671,4.679,939806.0
2024-02-02,600036,30.45,30.66,29.64,30.23,987292.0
2024-02-02,600519,1615.0,1627.78,1581.0,1596.0,3938202.0
2024-02-02,600887,27.19,27.65,26.57,26.96,59666708.0
2024-02-02,600900,24.22,24.52,24.15,24.28,101817510.0
2024-02-02,600941,100.86,102.8,100.0,101.88,10046670.0
2024-02-02,601088,36.3,37.3,35.9,37.02,42696282.0
2024-02-02,601318,40.3,40.55,39.0,40.1,690773.0
2024-02-02,601398,5.14,5.2,5.09,5.17,4075978.0
2024-02-02,601857,8.1,8.3,7.97,8.1,308338869.0
2024-02-05,000333,58.0,59.6,57.82,59.45,46160268.0
2024-02-05,510300,3.158,3.234,3.111,3.208,26601787.0
2024-02-05,510500,4.62,4.68,4.351,4.535,35130238.0
2024-02-05,511010,134.322,134.39,134.169,134.224,34413.0
2024-02-05,518880,4.659,4.666,4.638,4.643,1448549.0
2024-02-05,600036,30.23,30.95,30.06,30.71,1063979.0
2024-02-05,600519,1596.0,1637.44,1595.25,1630.01,5313036.0
2024-02-05,600887,27.07,27.9,26.84,27.65,84638860.0
2024-02-05,600900,24.35,24.88,24.29,24.76,114937132.0
2024-02-05,600941,102.19,104.04,101.85,103.49,10913928.0
2024-02-05,601088,36.81,38.13,36.7,38.13,41335662.0
2024-02-05,601318,40.0,40.99,39.68,40.68,806148.0
2024-02-05,601398,5.17,5.3,5.16,5.29,6159388.0
2024-02-05,601857,8.06,8.42,8.06,8.31,435567239.0
2024-02-06,000333,59.26,60.79,59.02,59.95,37946385.0
2024-02-06,510300,3.185,3.314,3.182,3.311,20089182.0
2024-02-06,510500,4.483,4.93,4.465,4.913,10280444.0
2024-02-06,511010,134.145,134.17,133.97,134.023,42677.0
2024-02-06,518880,4.641,4.642,4.633,4.633,857482.0
2024-02-06,600036,30.71,31.35,30.6,31.33,1062158.0
2024-02-06,600519,1630.01,1685.48,1626.1,1676.0,5247204.0
2024-02-06,600887,27.65,28.5,27.62,28.14,77511024.0
2024-02-06,600900,24.7,25.26,24.58,24.72,126603040.0
2024-02-06,600941,103.44,104.39,100.65,101.45,14328420.0
2024-02-06,601088,37.95,38.6,37.41,37.74,43284055.0
2024-02-06,601318,40.67,41.68,40.37,41.56,823835.0
2024-02-06,601398,5.29,5.38,5.27,5.32,5649137.0
2024-02-06,601857,8.25,8.34,8.04,8.12,328011383.0
2024-02-07,000333,59.29,61.17,59.03,61.11,46195919.0
2024-02-07,510300,3.31,3.342,3.287,3.34,34658147.0
2024-02-07,510500,4.941,5.235,4.903,5.225,13240326.0
2024-02-07,511010,133.969,134.23,133.745,133.961,15312.0
2024-02-07,518880,4.649,4.651,4.639,4.642,1182408.0
2024-02-07,600036,31.42,31.48,30.81,31.31,1110511.0
2024-02-07,600519,1681.03,1714.59,1661.61,1710.99,5260107.0
2024-02-07,600887,28.14,28.28,27.92,28.28,73080230.0
2024-02-07,600900,24.79,24.8,24.24,24.7,135642238.0
2024-02-07,600941,101.0,101.68,99.42,101.4,12866062.0
2024-02-07,601088,37.74,38.66,36.8,38.59,51536462.0
2024-02-07,601318,41.69,42.4,41.35,42.38,916154.0
2024-02-07,601398,5.31,5.31,5.08,5.23,7753355.0
2024-02-07,601857,8.1,8.32,7.93,8.31,373426118.0
2024-02-08,000333,61.29,62.36,59.98,60.29,34723180.0
2024-02-08,510300,3.352,3.366,3.333,3.362,23942620.0
2024-02-08,510500,5.297,5.475,5.215,5.249,16205182.0
2024-02-08,511010,134.195,134.2,134.002,134.2,25645.0
2024-02-08,518880,4.655,4.663,4.653,4.662,923975.0
2024-02-08,600036,31.31,31.45,31.02,31.4,873004.0
2024-02-08,600519,1720.01,1725.0,1685.0,1706.0,4675654.0
2024-02-08,600887,28.32,28.5,27.77,28.18,59343641.0
2024-02-08,600900,24.61,24.74,24.4,24.64,87497217.0
2024-02-08,600941,101.03,101.2,99.0,101.2,11343206.0
2024-02-08,601088,38.29,38.37,37.53,38.07,36272091.0
2024-02-08,601318,42.52,42.95,42.15,42.78,768747.0
2024-02-08,601398,5.16,5.17,5.09,5.16,4653693.0
2024-02-08,601857,8.21,8.4,8.13,8.28,268741800.0
2024-02-19,000333,61.7,61.7,59.81,60.6,35695854.0
2024-02-19,510300,3.374,3.392,3.355,3.389,14861876.0
2024-02-19,510500,5.3,5.3,5.145,5.215,15512755.0
2024-02-19,511010,134.119,134.178,134.026,134.16,38908.0
2024-02-19,518880,4.638,4.645,4.626,4.644,1302395.0
2024-02-19,600036,31.99,31.99,31.41,31.62,875490.0
2024-02-19,600519,1737.87,1737.93,1688.0,1695.43,3697744.0
2024-02-19,600887,28.36,28.4,28.08,28.33,51527522.0
2024-02-19,600900,24.58,25.29,24.5,25.2,87245684.0
2024-02-19,600941,100.53,104.04,99.47,103.95,11643888.0
2024-02-19,601088,37.81,39.95,37.51,39.81,40326529.0
2024-02-19,601318,42.99,43.08,42.52,42.73,544134.0
2024-02-19,601398,5.16,5.28,5.1,5.27,4797144.0
2024-02-19,601857,8.28,8.66,8.21,8.65,321573775.0
2024-02-20,000333,60.3,61.79,59.67,61.7,29630917.0
2024-02-20,510300,3.383,3.405,3.372,3.401,9801668.0
2024-02-20,510500,5.186,5.228,5.149,5.215,4763525.0
2024-02-20,511010,134.148,134.22,134.13,134.202,35983.0
2024-02-20,518880,4.645,4.647,4.637,4.642,537232.0
2024-02-20,600036,31.62,31.62,31.29,31.4,606405.0
2024-02-20,600519,1697.36,1697.36,1656.56,1670.0,3447007.0
2024-02-20,600887,28.32,28.72,28.18,28.68,56661323.0
2024-02-20,600900,25.18,25.72,25.11,25.54,68608378.0
2024-02-20,600941,103.98,106.96,103.43,106.0,14406740.0
2024-02-20,601088,39.76,40.26,39.28,39.76,30985576.0
2024-02-20,601318,42.65,42.67,42.1,42.35,469355.0
2024-02-20,601398,5.27,5.36,5.23,5.35,3059781.0
2024-02-20,601857,8.6,8.67,8.52,8.64,184550268.0
2024-02-21,000333,61.0,62.55,60.68,61.71,27797182.0
2024-02-21,510300,3.388,3.496,3.382,3.449,16009581.0
2024-02-21,510500,5.181,5.34,5.165,5.212,6000901.0
2024-02-21,511010,134.252,134.427,134.16,134.285,29469.0
2024-02-21,518880,4.648,4.65,4.641,4.642,830906.0
2024-02-21,600036,31.4,33.39,31.35,33.0,1528656.0
2024-02-21,600519,1666.02,1731.0,1662.0,1717.66,4615407.0
2024-02-21,600887,28.61,29.2,28.49,28.85,54495279.0
2024-02-21,600900,25.52,25.7,25.39,25.39,79877592.0
2024-02-21,600941,105.85,106.54,104.95,105.15,9499320.0
2024-02-21,601088,39.76,40.03,39.33,39.58,34692133.0
2024-02-21,601318,42.18,44.3,42.02,43.59,1112492.0
2024-02-21,601398,5.34,5.47,5.33,5.41,3467349.0
2024-02-21,601857,8.6,8.94,8.58,8.71,312287893.0
2024-02-22,000333,61.21,61.79,61.03,61.35,19259055.0
2024-02-22,510300,3.447,3.477,3.441,3.475,9446351.0
2024-02-22,510500,5.212,5.27,5.195,5.257,2948423.0
2024-02-22,511010,134.285,134.357,134.231,134.343,26980.0
2024-02-22,518880,4.639,4.641,4.633,4.639,1036637.0
2024-02-22,600036,32.81,32.95,32.39,32.8,752760.0
2024-02-22,600519,1707.5,1723.01,1700.53,1718.38,2279361.0
2024-02-22,600887,28.93,29.14,28.8,29.06,35115639.0
2024-02-22,600900,25.5,25.68,25.36,25.55,66689215.0
2024-02-22,600941,105.9,107.08,105.19,106.73,9415281.0
2024-02-22,601088,39.37,41.0,39.27,40.83,41316132.0
2024-02-22,601318,43.36,43.74,43.21,43.7,517452.0
2024-02-22,601398,5.4,5.43,5.36,5.42,2231279.0
2024-02-22,601857,8.63,9.21,8.63,9.21,322411660.0
2024-02-23,000333,61.68,62.1,59.32,59.62,43093597.0
2024-02-23,510300,3.475,3.497,3.464,3.478,10908774.0
2024-02-23,510500,5.259,5.283,5.194,5.281,3225140.0
2024-02-23,511010,134.48,134.578,134.387,134.509,36790.0
2024-02-23,518880,4.639,4.641,4.626,4.63,1007119.0
2024-02-23,600036,32.81,33.4,32.62,32.95,639849.0
2024-02-23,600519,1711.11,1724.38,1700.02,1714.09,2730589.0
2024-02-23,600887,28.98,29.13,28.76,28.98,35285895.0
2024-02-23,600900,25.5,25.74,25.32,25.69,61030579.0
2024-02-23,600941,106.57,106.59,104.35,104.68,9100888.0
2024-02-23,601088,40.9,40.9,39.5,39.85,37105415.0
2024-02-23,601318,43.68,44.45,43.6,44.07,644217.0
2024-02-23,601398,5.41,5.52,5.41,5.48,3583185.0
2024-02-23,601857,9.29,9.33,9.0,9.07,282484704.0
2024-02-26,000333,59.85,61.5,59.85,60.3,34097731.0
2024-02-26,510300,3.476,3.482,3.437,3.443,11172368.0
2024-02-26,510500,5.27,5.341,5.241,5.271,3868468.0
2024-02-26,511010,134.499,134.566,134.41,134.521,25915.0
2024-02-26,518880,4.647,4.652,4.647,4.651,691384.0
2024-02-26,600036,32.86,33.06,32.08,32.25,666390.0
2024-02-26,600519,1708.0,1708.74,1685.02,1694.98,2731832.0
2024-02-26,600887,28.92,29.04,28.68,28.69,32837483.0
2024-02-26,600900,25.49,25.54,24.93,24.95,80588451.0
2024-02-26,600941,104.01,104.92,102.68,103.16,8230600.0
2024-02-26,601088,39.34,39.7,38.42,38.6,50102990.0
2024-02-26,601318,43.9,43.91,42.9,42.95,616196.0
2024-02-26,601398,5.48,5.48,5.3,5.32,3677179.0
2024-02-26,601857,9.0,9.13,8.81,8.84,248728463.0
2024-02-27,000333,60.59,61.99,60.1,61.92,28014795.0
2024-02-27,510300,3.435,3.486,3.433,3.484,10468849.0
2024-02-27,510500,5.26,5.4,5.245,5.398,3670872.0
2024-02-27,511010,134.551,134.612,134.528,134.559,28539.0
2024-02-27,518880,4.647,4.651,4.646,4.646,589874.0
2024-02-27,600036,32.24,32.4,31.99,32.18,543492.0
2024-02-27,600519,1683.0,1692.92,1678.0,1689.5,2207985.0
2024-02-27,600887,28.58,28.75,28.21,28.41,47891732.0
2024-02-27,600900,24.91,25.04,24.82,24.93,54655099.0
2024-02-27,600941,103.15,103.59,102.58,103.46,7329947.0
2024-02-27,601088,38.4,38.99,38.22,38.58,30242950.0
2024-02-27,601318,42.82,43.15,42.7,43.12,429013.0
2024-02-27,601398,5.3,5.36,5.25,5.3,2940999.0
2024-02-27,601857,8.84,9.01,8.8,8.88,208408701.0
2024-02-28,000333,62.0,62.31,60.95,61.82,25367364.0
2024-02-28,510300,3.487,3.514,3.446,3.448,28549979.0
2024-02-28,510500,5.399,5.472,5.257,5.259,4803429.0
2024-02-28,511010,134.525,134.597,134.498,134.57,25255.0
2024-02-28,518880,4.647,4.648,4.642,4.645,638726.0
2024-02-28,600036,32.29,32.29,31.6,32.02,683708.0
2024-02-28,600519,1688.92,1696.57,1674.01,1681.55,3186731.0
2024-02-28,600887,28.32,28.45,28.1,28.2,47170718.0
2024-02-28,600900,24.82,25.44,24.59,25.3,120223309.0
2024-02-28,600941,103.0,103.26,100.5,101.6,17142917.0
2024-02-28,601088,38.47,39.22,37.85,39.0,48928559.0
2024-02-28,601318,43.19,43.28,42.65,42.65,535764.0
2024-02-28,601398,5.3,5.37,5.23,5.33,3806094.0
2024-02-28,601857,8.81,8.97,8.68,8.84,278727374.0
2024-02-29,000333,62.0,63.48,61.75,62.63,48920998.0
2024-02-29,510300,3.44,3.507,3.437,3.503,14835850.0
2024-02-29,510500,5.241,5.444,5.241,5.431,6347472.0
2024-02-29,511010,134.581,134.639,134.58,134.621,54219.0
2024-02-29,518880,4.65,4.652,4.645,4.647,664134.0
2024-02-29,600036,31.89,32.2,31.85,32.04,498928.0
2024-02-29,600519,1681.55,1696.5,1679.2,1695.0,2475833.0
2024-02-29,600887,28.19,28.45,28.12,28.35,43634660.0
2024-02-29,600900,25.2,25.32,25.0,25.05,76228710.0
2024-02-29,600941,101.1,102.12,101.0,102.0,10063240.0
2024-02-29,601088,38.6,38.88,38.22,38.6,37572751.0
2024-02-29,601318,42.52,43.07,42.5,42.9,455092.0
2024-02-29,601398,5.31,5.36,5.3,5.33,2520778.0
2024-02-29,601857,8.78,8.88,8.74,8.84,206939563.0
2024-03-01,000333,63.5,64.51,62.88,64.47,32844906.0
2024-03-01,510300,3.501,3.54,3.495,3.53,12256393.0
2024-03-01,510500,5.423,5.478,5.406,5.467,3341373.0
2024-03-01,511010,134.6,134.624,134.53,134.54,52223.0
2024-03-01,518880,4.659,4.668,4.659,4.667,869293.0
2024-03-01,600036,31.92,32.08,31.75,31.94,427174.0
2024-03-01,600519,1690.0,1694.97,1676.68,1685.06,2686796.0
2024-03-01,600887,28.3,28.43,28.11,28.26,37130686.0
2024-03-01,600900,25.05,25.15,24.9,25.0,57112914.0
2024-03-01,600941,101.54,102.61,101.41,101.93,9090282.0
2024-03-01,601088,38.35,38.94,38.08,38.38,32051478.0
2024-03-01,601318,42.8,43.09,42.52,42.99,445774.0
2024-03-01,601398,5.32,5.35,5.29,5.34,2477511.0
2024-03-01,601857,8.78,8.88,8.72,8.78,176714038.0
2024-03-04,000333,65.0,66.0,63.5,64.6,37384392.0
2024-03-04,510300,3.526,3.537,3.508,3.527,10146550.0
2024-03-04,510500,5.461,5.485,5.403,5.465,4340663.0
2024-03-04,511010,134.507,134.566,134.425,134.545,43927.0
2024-03-04,518880,4.726,4.733,4.72,4.725,1121867.0
2024-03-04,600036,31.76,31.87,31.47,31.52,591350.0
2024-03-04,600519,1679.0,1680.99,1670.05,1676.3,2648477.0
2024-03-04,600887,28.16,28.25,27.91,28.14,41221211.0
2024-03-04,600900,24.97,25.47,24.87,25.45,86329895.0
2024-03-04,600941,101.63,104.52,101.41,104.01,13064525.0
2024-03-04,601088,38.2,39.1,38.03,38.99,42137234.0
2024-03-04,601318,42.73,42.82,42.2,42.34,545047.0
2024-03-04,601398,5.32,5.34,5.28,5.32,2557573.0
2024-03-04,601857,8.81,9.15,8.78,9.12,313545401.0
2024-03-05,000333,64.65,65.4,63.45,65.04,35525326.0
2024-03-05,510300,3.515,3.566,3.508,3.556,27991019.0
2024-03-05,510500,5.434,5.475,5.419,5.438,14374634.0
2024-03-05,511010,134.527,134.578,134.501,134.55,41925.0
2024-03-05,518880,4.782,4.79,4.773,4.789,1520853.0
2024-03-05,600036,31.42,32.21,31.31,32.18,894029.0
2024-03-05,600519,1670.81,1697.0,1666.68,1695.1,3623837.0
2024-03-05,600887,28.14,28.87,28.04,28.85,58169095.0
2024-03-05,600900,25.35,26.0,25.33,25.94,98844338.0
2024-03-05,600941,104.2,105.21,103.52,105.0,11158318.0
2024-03-05,601088,38.96,39.78,38.8,39.55,38384327.0
2024-03-05,601318,42.15,42.88,42.05,42.81,623437.0
2024-03-05,601398,5.32,5.48,5.3,5.46,4298467.0
2024-03-05,601857,9.05,9.14,8.93,9.05,249929865.0
2024-03-06,000333,64.9,65.53,64.3,64.51,21923001.0
2024-03-06,510300,3.551,3.572,3.538,3.542,12995274.0
2024-03-06,510500,5.43,5.496,5.382,5.433,3197713.0
2024-03-06,511010,134.64,134.734,134.58,134.73,37172.0
2024-03-06,518880,4.804,4.824,4.803,4.824,1313545.0
2024-03-06,600036,32.14,32.26,31.87,31.87,516102.0
2024-03-06,600519,1691.0,1695.0,1678.02,1680.55,2214248.0
2024-03-06,600887,28.76,28.86,28.47,28.5,36188164.0
2024-03-06,600900,25.9,26.3,25.81,25.86,87775400.0
2024-03-06,600941,105.0,106.5,104.67,105.59,11090669.0
2024-03-06,601088,39.55,40.38,39.16,39.42,36900751.0
2024-03-06,601318,42.79,42.91,42.46,42.5,342763.0
2024-03-06,601398,5.45,5.49,5.35,5.35,3527872.0
2024-03-06,601857,9.03,9.18,8.92,8.98,191910508.0
2024-03-07,000333,64.45,66.65,64.2,65.8,30634033.0
2024-03-07,510300,3.541,3.56,3.515,3.523,10589480.0
2024-03-07,510500,5.432,5.474,5.357,5.363,2502329.0
2024-03-07,511010,134.955,134.955,134.742,134.846,37630.0
2024-03-07,518880,4.848,4.896,4.845,4.885,1716553.0
2024-03-07,600036,31.87,32.13,31.78,32.0,519492.0
2024-03-07,600519,1680.0,1689.8,1678.0,1683.63,2159912.0
2024-03-07,600887,28.44,28.73,28.38,28.55,32675768.0
2024-03-07,600900,25.85,26.12,25.8,25.9,76693945.0
2024-03-07,600941,104.99,105.96,104.3,105.46,7997986.0
2024-03-07,601088,39.28,40.15,39.2,40.09,31494276.0
2024-03-07,601318,42.77,43.46,42.73,43.06,648962.0
2024-03-07,601398,5.35,5.4,5.34,5.38,3074594.0
2024-03-07,601857,8.95,9.24,8.95,9.07,212986731.0
2024-03-08,000333,65.87,66.49,64.88,66.1,26125410.0
2024-03-08,510300,3.525,3.54,3.504,3.533,8621877.0
2024-03-08,510500,5.37,5.453,5.353,5.434,3050536.0
2024-03-08,511010,134.844,134.873,134.72,134.793,43724.0
2024-03-08,518880,4.885,4.885,4.865,4.881,1050007.0
2024-03-08,600036,31.89,32.01,31.55,31.67,441071.0
2024-03-08,600519,1680.56,1686.68,1670.05,1671.43,2215623.0
2024-03-08,600887,28.55,28.66,28.16,28.3,29025499.0
2024-03-08,600900,25.92,26.09,25.76,25.83,61448903.0
2024-03-08,600941,104.98,109.18,104.56,108.5,12338247.0
2024-03-08,601088,39.93,40.09,39.16,39.75,30809455.0
2024-03-08,601318,42.87,43.2,42.55,42.88,372494.0
2024-03-08,601398,5.37,5.4,5.34,5.39,2472004.0
2024-03-08,601857,9.05,9.21,8.96,9.18,202721600.0
2024-03-11,000333,66.09,66.1,64.56,65.42,28027002.0
2024-03-11,510300,3.531,3.584,3.53,3.581,11207615.0
2024-03-11,510500,5.432,5.539,5.423,5.536,3991841.0
2024-03-11,511010,134.696,134.792,134.671,134.708,42286.0
2024-03-11,518880,4.912,4.921,4.894,4.899,1380299.0
2024-03-11,600036,31.55,31.75,31.2,31.48,738538.0
2024-03-11,600519,1675.0,1698.88,1673.18,1694.49,2989509.0
2024-03-11,600887,28.3,28.55,28.12,28.5,35719145.0
2024-03-11,600900,25.77,25.99,25.57,25.76,76887209.0
2024-03-11,600941,108.0,108.69,106.0,106.89,9726509.0
2024-03-11,601088,39.5,39.66,38.3,38.7,40288021.0
2024-03-11,601318,42.78,43.28,42.74,43.16,435973.0
2024-03-11,601398,5.38,5.39,5.33,5.37,2243026.0
2024-03-11,601857,9.1,9.14,8.89,9.0,223114002.0
2024-03-12,000333,65.35,65.35,63.05,64.13,50739915.0
2024-03-12,510300,3.583,3.599,3.568,3.586,11058396.0
2024-03-12,510500,5.535,5.564,5.468,5.505,4177689.0
2024-03-12,511010,134.608,134.66,134.508,134.581,41780.0
2024-03-12,518880,4.901,4.906,4.875,4.879,1477876.0
2024-03-12,600036,31.42,32.15,31.28,31.95,769254.0
2024-03-12,600519,1693.94,1749.1,1690.5,1745.0,5422654.0
2024-03-12,600887,28.5,28.77,28.34,28.66,42331309.0
2024-03-12,600900,25.7,25.75,24.76,24.83,159072692.0
2024-03-12,600941,106.68,107.11,102.5,102.77,16796719.0
2024-03-12,601088,38.5,38.6,36.92,37.18,65997701.0
2024-03-12,601318,43.17,43.88,42.88,43.81,679206.0
2024-03-12,601398,5.36,5.36,5.19,5.2,5117148.0
2024-03-12,601857,8.95,8.96,8.66,8.68,256919902.0
2024-03-13,000333,63.66,64.33,63.0,64.07,32723164.0
2024-03-13,510300,3.585,3.585,3.555,3.565,6858706.0
2024-03-13,510500,5.506,5.549,5.47,5.497,3468047.0
2024-03-13,511010,134.469,134.555,134.374,134.544,39384.0
2024-03-13,518880,4.861,4.871,4.86,4.87,971193.0
2024-03-13,600036,31.96,31.99,31.43,31.52,469387.0
2024-03-13,600519,1739.97,1748.0,1720.1,1727.45,2649954.0
2024-03-13,600887,28.62,28.66,28.07,28.17,47688167.0
2024-03-13,600900,24.83,24.93,24.51,24.89,129403361.0
2024-03-13,600941,102.52,102.9,101.01,102.0,12853566.0
2024-03-13,601088,37.16,37.17,36.39,37.07,35628203.0
2024-03-13,601318,43.73,43.76,42.57,42.63,701216.0
2024-03-13,601398,5.19,5.21,5.14,5.17,3003607.0
2024-03-13,601857,8.63,8.75,8.53,8.69,173854176.0
2024-03-14,000333,63.86,64.75,63.6,64.5,31531677.0
2024-03-14,510300,3.56,3.587,3.535,3.552,7018811.0
2024-03-14,510500,5.488,5.531,5.433,5.474,3181945.0
2024-03-14,511010,134.513,134.513,134.413,134.471,34673.0
2024-03-14,518880,4.896,4.901,4.873,4.877,1143476.0
2024-03-14,600036,31.46,31.72,31.16,31.25,508175.0
2024-03-14,600519,1719.0,1734.84,1711.5,1716.63,1940479.0
2024-03-14,600887,28.1,28.55,28.06,28.16,32590186.0
2024-03-14,600900,24.76,24.88,24.59,24.69,99913194.0
2024-03-14,600941,102.01,103.29,101.76,102.76,7978357.0
2024-03-14,601088,36.99,37.53,36.5,37.42,33722920.0
2024-03-14,601318,42.37,42.89,42.3,42.45,360890.0
2024-03-14,601398,5.16,5.23,5.14,5.19,2413114.0
2024-03-14,601857,8.68,8.92,8.67,8.79,213697775.0
2024-03-15,000333,64.39,64.5,63.3,64.02,25463904.0
2024-03-15,510300,3.542,3.566,3.522,3.561,8490238.0
2024-03-15,510500,5.463,5.55,5.437,5.549,5115451.0
2024-03-15,511010,134.499,134.603,134.492,134.554,41887.0
2024-03-15,518880,4.879,4.9,4.876,4.899,800613.0
2024-03-15,600036,31.24,31.42,31.0,31.18,520781.0
2024-03-15,600519,1712.5,1732.4,1712.0,1717.49,1783358.0
2024-03-15,600887,28.11,28.9,28.09,28.82,70716557.0
2024-03-15,600900,24.69,24.93,24.66,24.71,73946991.0
2024-03-15,600941,102.76,102.76,101.23,102.1,7961670.0
2024-03-15,601088,37.25,37.4,36.22,37.31,44778666.0
2024-03-15,601318,42.51,42.64,42.02,42.48,398675.0
2024-03-15,601398,5.19,5.24,5.19,5.21,2258614.0
2024-03-15,601857,8.8,8.88,8.69,8.85,161067415.0
2024-03-18,000333,63.88,63.89,62.35,62.36,42501113.0
2024-03-18,510300,3.561,3.593,3.561,3.592,7873329.0
2024-03-18,510500,5.552,5.624,5.541,5.62,3232054.0
2024-03-18,511010,134.544,134.68,134.534,134.677,41509.0
2024-03-18,518880,4.879,4.879,4.857,4.86,970311.0
2024-03-18,600036,31.15,31.34,31.0,31.13,461898.0
2024-03-18,600519,1715.0,1719.85,1699.0,1708.26,2605501.0
2024-03-18,600887,28.8,29.25,28.69,29.11,56899032.0
2024-03-18,600900,24.69,24.87,24.61,24.67,80008345.0
2024-03-18,600941,102.1,103.77,101.66,103.13,9834190.0
2024-03-18,601088,36.85,36.94,36.38,36.76,38624101.0
2024-03-18,601318,42.35,42.66,42.07,42.56,416263.0
2024-03-18,601398,5.21,5.22,5.17,5.18,1911735.0
2024-03-18,601857,8.83,8.92,8.75,8.86,108472056.0
2024-03-19,000333,62.2,63.12,62.17,62.6,29794618.0
2024-03-19,510300,3.586,3.6,3.565,3.569,6548752.0
2024-03-19,510500,5.61,5.615,5.557,5.561,2756072.0
2024-03-19,511010,134.68,134.792,134.68,134.783,34378.0
2024-03-19,518880,4.877,4.884,4.863,4.87,722725.0
2024-03-19,600036,31.1,31.11,30.73,30.8,547025.0
2024-03-19,600519,1703.0,1719.94,1693.11,1708.02,2394753.0
2024-03-19,600887,29.05,29.29,28.85,29.09,37406363.0
2024-03-19,600900,24.67,24.98,24.6,24.72,79130509.0
2024-03-19,600941,103.0,103.89,101.9,103.18,9406731.0
2024-03-19,601088,36.61,38.1,36.53,37.33,37338641.0
2024-03-19,601318,42.4,42.4,41.8,41.83,486015.0
2024-03-19,601398,5.18,5.2,5.15,5.15,2028046.0
2024-03-19,601857,8.88,9.05,8.87,8.9,154847775.0
2024-03-20,000333,62.2,62.5,61.4,61.88,37790890.0
2024-03-20,510300,3.561,3.582,3.558,3.572,5379620.0
2024-03-20,510500,5.562,5.591,5.543,5.575,1883091.0
2024-03-20,511010,134.777,134.794,134.734,134.759,67407.0
2024-03-20,518880,4.878,4.882,4.877,4.88,487890.0
2024-03-20,600036,30.8,31.2,30.66,31.18,498272.0
2024-03-20,600519,1703.36,1713.68,1700.23,1709.6,1524925.0
2024-03-20,600887,29.15,29.17,28.88,29.0,24940450.0
2024-03-20,600900,24.72,25.22,24.66,25.0,104635892.0
2024-03-20,600941,103.0,104.5,102.71,103.74,8316226.0
2024-03-20,601088,37.25,38.06,36.86,37.49,28673923.0
2024-03-20,601318,41.75,42.05,41.68,41.92,283617.0
2024-03-20,601398,5.15,5.22,5.12,5.2,2453976.0
2024-03-20,601857,8.93,9.18,8.81,9.14,183131638.0
2024-03-21,000333,61.91,62.04,60.13,60.55,39189153.0
2024-03-21,510300,3.58,3.594,3.565,3.57,6197332.0
2024-03-21,510500,5.588,5.599,5.537,5.548,2434399.0
2024-03-21,511010,134.709,134.791,134.624,134.783,35896.0
2024-03-21,518880,4.97,4.979,4.961,4.978,1003699.0
2024-03-21,600036,31.17,31.76,31.05,31.55,646761.0
2024-03-21,600519,1708.1,1719.0,1704.5,1709.0,1659597.0
2024-03-21,600887,29.1,29.1,28.82,28.9,22851654.0
2024-03-21,600900,25.05,25.1,24.92,24.94,66811218.0
2024-03-21,600941,103.4,103.78,102.5,102.68,7381957.0
2024-03-21,601088,37.4,38.03,36.9,37.67,30620434.0
2024-03-21,601318,42.09,42.43,41.81,42.03,414976.0
2024-03-21,601398,5.2,5.24,5.18,5.22,2051063.0
2024-03-21,601857,9.08,9.23,9.03,9.17,120783606.0
2024-03-22,000333,60.56,62.65,60.5,62.62,43156777.0
2024-03-22,510300,3.567,3.568,3.512,3.539,14506378.0
2024-03-22,510500,5.547,5.548,5.437,5.465,2469633.0
2024-03-22,511010,134.84,134.9,134.783,134.816,38493.0
2024-03-22,518880,4.943,4.959,4.931,4.946,976804.0
2024-03-22,600036,31.53,31.55,30.9,31.2,552879.0
2024-03-22,600519,1705.03,1708.99,1688.0,1701.35,2545614.0
2024-03-22,600887,28.91,28.97,28.33,28.65,32472851.0
2024-03-22,600900,24.93,25.09,24.77,25.01,77408692.0
2024-03-22,600941,103.12,106.27,101.73,105.39,13409924.0
2024-03-22,601088,37.67,38.09,37.33,37.94,33265084.0
2024-03-22,601318,41.03,41.13,40.25,40.56,1125504.0
2024-03-22,601398,5.23,5.27,5.18,5.25,2657844.0
2024-03-22,601857,9.11,9.23,8.96,9.08,160444702.0
2024-03-25,000333,62.19,63.66,61.78,62.9,26903326.0
2024-03-25,510300,3.53,3.555,3.517,3.52,6305427.0
2024-03-25,510500,5.459,5.485,5.374,5.384,2705562.0
2024-03-25,511010,134.68,134.776,134.658,134.752,41118.0
2024-03-25,518880,4.964,4.987,4.954,4.956,1165334.0
2024-03-25,600036,31.11,31.51,30.92,31.35,483759.0
2024-03-25,600519,1698.54,1698.77,1680.58,1689.01,2447285.0
2024-03-25,600887,28.58,28.65,28.35,28.38,26119000.0
2024-03-25,600900,25.09,25.1,24.94,24.98,67464484.0
2024-03-25,600941,105.0,105.95,103.86,104.0,10521011.0
2024-03-25,601088,37.2,39.15,37.02,38.51,51160466.0
2024-03-25,601318,40.45,40.88,40.35,40.44,437601.0
2024-03-25,601398,5.25,5.29,5.24,5.29,2374081.0
2024-03-25,601857,9.04,9.38,9.03,9.28,180288068.0
2024-03-26,000333,62.31,63.25,62.31,62.72,25353749.0
2024-03-26,510300,3.52,3.538,3.512,3.531,8791033.0
2024-03-26,510500,5.386,5.408,5.325,5.36,4751668.0
2024-03-26,511010,134.705,134.744,134.698,134.737,31516.0
2024-03-26,518880,4.959,4.97,4.956,4.966,970528.0
2024-03-26,600036,31.8,32.66,31.73,32.4,1244308.0
2024-03-26,600519,1687.46,1712.8,1687.46,1709.29,2806907.0
2024-03-26,600887,28.5,28.53,28.16,28.31,35446601.0
2024-03-26,600900,25.0,25.02,24.7,24.84,76837709.0
2024-03-26,600941,103.38,104.76,103.38,104.01,7058830.0
2024-03-26,601088,38.99,39.0,37.53,38.03,38554813.0
2024-03-26,601318,40.44,40.95,40.44,40.9,402991.0
2024-03-26,601398,5.29,5.33,5.26,5.33,2433596.0
2024-03-26,601857,9.29,9.33,9.11,9.21,190946491.0
2024-03-27,000333,62.53,64.88,62.51,63.67,34842794.0
2024-03-27,510300,3.526,3.532,3.492,3.493,8746475.0
2024-03-27,510500,5.358,5.358,5.233,5.236,3402235.0
2024-03-27,511010,134.732,134.812,134.721,134.791,40304.0
2024-03-27,518880,4.977,4.992,4.977,4.99,1200666.0
2024-03-27,600036,32.29,32.65,32.21,32.3,782085.0
2024-03-27,600519,1705.0,1712.0,1699.0,1701.0,1811258.0
2024-03-27,600887,28.25,28.37,28.13,28.14,29068219.0
2024-03-27,600900,24.79,25.02,24.77,24.83,72631540.0
2024-03-27,600941,103.99,106.48,103.5,105.31,11737357.0
2024-03-27,601088,38.17,39.2,38.06,38.84,32594013.0
2024-03-27,601318,40.78,40.98,40.65,40.65,346190.0
2024-03-27,601398,5.32,5.39,5.3,5.36,2907079.0
2024-03-27,601857,9.14,9.24,9.09,9.17,132450804.0
2024-03-28,000333,64.23,65.39,63.18,64.58,45185411.0
2024-03-28,510300,3.491,3.544,3.481,3.51,10319251.0
2024-03-28,510500,5.239,5.361,5.239,5.303,3555236.0
2024-03-28,511010,134.848,134.848,134.756,134.775,2827.0
2024-03-28,518880,5.0,5.031,4.997,5.029,1276030.0
2024-03-28,600036,32.34,32.5,32.07,32.18,694745.0
2024-03-28,600519,1695.0,1718.0,1693.2,1701.64,2464218.0
2024-03-28,600887,28.0,28.28,27.73,27.81,47908387.0
2024-03-28,600900,24.86,25.02,24.65,24.85,81593841.0
2024-03-28,600941,105.1,106.15,104.42,106.09,6789999.0
2024-03-28,601088,38.9,39.14,38.36,38.64,34991740.0
2024-03-28,601318,40.6,41.26,40.45,40.69,432340.0
2024-03-28,601398,5.34,5.35,5.22,5.25,3978898.0
2024-03-28,601857,9.18,9.32,9.04,9.25,157585261.0
2024-03-29,000333,64.58,65.73,63.66,64.22,25468858.0
2024-03-29,510300,3.507,3.53,3.505,3.526,6511959.0
2024-03-29,510500,5.295,5.375,5.288,5.371,3831434.0
2024-03-29,511010,134.807,134.933,134.779,134.923,40632.0
2024-03-29,518880,5.1,5.137,5.085,5.126,2097015.0
2024-03-29,600036,32.1,32.64,32.07,32.2,514001.0
2024-03-29,600519,1701.64,1710.99,1698.1,1702.9,1345655.0
2024-03-29,600887,27.84,28.14,27.76,27.9,27627047.0
2024-03-29,600900,24.83,24.98,24.82,24.93,59329136.0
2024-03-29,600941,105.88,106.88,104.88,105.76,7991402.0
2024-03-29,601088,38.56,39.44,38.41,39.09,23946673.0
2024-03-29,601318,40.78,41.24,40.69,40.81,335122.0
2024-03-29,601398,5.25,5.33,5.23,5.28,2298123.0
2024-03-29,601857,9.33,9.9,9.32,9.88,264647085.0
2024-04-01,000333,64.5,66.28,64.1,66.22,32771225.0
2024-04-01,510300,3.54,3.594,3.539,3.584,10932625.0
2024-04-01,510500,5.387,5.493,5.386,5.484,4064103.0
2024-04-01,511010,134.925,134.926,134.816,134.878,30373.0
2024-04-01,518880,5.175,5.2,5.145,5.155,1960394.0
2024-04-01,600036,32.18,32.85,32.18,32.64,570152.0
2024-04-01,600519,1709.99,1734.0,1708.7,1721.33,2713137.0
2024-04-01,600887,27.99,28.42,27.95,28.15,43091890.0
2024-04-01,600900,24.95,24.99,24.67,24.73,87831553.0
2024-04-01,600941,105.77,105.96,104.46,104.59,9064253.0
2024-04-01,601088,39.1,39.11,38.0,38.38,38410759.0
2024-04-01,601318,40.95,41.25,40.9,41.25,387063.0
2024-04-01,601398,5.28,5.32,5.27,5.29,2019199.0
2024-04-01,601857,9.8,9.9,9.66,9.74,194136016.0
2024-04-02,000333,66.0,66.53,65.75,66.25,22653632.0
2024-04-02,510300,3.583,3.587,3.561,3.572,5831914.0
2024-04-02,510500,5.483,5.489,5.431,5.462,3321813.0
2024-04-02,511010,134.878,134.93,134.878,134.926,37738.0
2024-04-02,518880,5.137,5.163,5.13,5.159,1521359.0
2024-04-02,600036,32.7,32.92,32.44,32.55,536619.0
2024-04-02,600519,1722.0,1724.99,1705.05,1713.99,2544925.0
2024-04-02,600887,28.16,28.21,27.65,27.77,37693702.0
2024-04-02,600900,24.72,24.84,24.55,24.64,92854480.0
2024-04-02,600941,104.4,105.34,104.2,104.44,6004848.0
2024-04-02,601088,38.37,39.13,38.21,39.05,32697622.0
2024-04-02,601318,41.19,41.46,40.91,41.0,399966.0
2024-04-02,601398,5.29,5.36,5.28,5.34,3142501.0
2024-04-02,601857,9.79,10.12,9.78,9.96,222150619.0
2024-04-03,000333,66.2,66.9,65.98,66.73,20626495.0
2024-04-03,510300,3.57,3.572,3.548,3.558,5983464.0
2024-04-03,510500,5.456,5.466,5.428,5.459,3977985.0
2024-04-03,511010,134.976,135.07,134.968,135.063,34318.0
2024-04-03,518880,5.204,5.238,5.204,5.231,2199878.0
2024-04-03,600036,32.54,32.63,32.23,32.23,498082.0
2024-04-03,600519,1734.0,1739.44,1710.02,1715.11,2904580.0
2024-04-03,600887,27.7,27.83,27.43,27.67,38062866.0
2024-04-03,600900,24.6,24.62,24.26,24.44,115308126.0
2024-04-03,600941,104.1,104.95,103.69,104.55,6893096.0
2024-04-03,601088,39.05,39.75,38.88,39.59,27795306.0
2024-04-03,601318,40.9,41.05,40.5,40.5,463640.0
2024-04-03,601398,5.34,5.36,5.3,5.33,2182241.0
2024-04-03,601857,10.07,10.34,10.0,10.18,282812551.0
2024-04-08,000333,66.72,66.85,64.67,65.32,32434492.0
2024-04-08,510300,3.55,3.556,3.524,3.529,7099487.0
2024-04-08,510500,5.45,5.465,5.375,5.379,3293272.0
2024-04-08,511010,135.063,135.258,135.052,135.23,31544.0
2024-04-08,518880,5.289,5.427,5.289,5.354,4694739.0
2024-04-08,600036,32.24,32.56,32.03,32.4,477291.0
2024-04-08,600519,1695.0,1696.0,1662.6,1666.66,5916659.0
2024-04-08,600887,27.5,27.57,27.0,27.27,54044341.0
2024-04-08,600900,24.41,25.41,24.39,25.36,179639804.0
2024-04-08,600941,104.15,106.25,104.02,105.61,7983088.0
2024-04-08,601088,39.36,40.0,38.88,39.58,23025510.0
2024-04-08,601318,40.28,40.43,39.88,40.22,435902.0
2024-04-08,601398,5.33,5.41,5.31,5.4,3070469.0
2024-04-08,601857,10.05,10.52,10.0,10.27,281490891.0
2024-04-09,000333,65.0,65.6,64.82,65.04,19478279.0
2024-04-09,510300,3.527,3.534,3.512,3.523,5345371.0
2024-04-09,510500,5.374,5.426,5.369,5.424,1786721.0
2024-04-09,511010,135.23,135.373,135.182,135.355,41409.0
2024-04-09,518880,5.383,5.396,5.365,5.369,2340934.0
2024-04-09,600036,32.5,32.63,32.31,32.31,384772.0
2024-04-09,600519,1660.67,1673.0,1658.45,1662.22,2558982.0
2024-04-09,600887,27.26,27.54,27.16,27.36,24316230.0
2024-04-09,600900,25.2,25.37,24.99,25.15,104343345.0
2024-04-09,600941,105.4,105.79,103.8,104.76,6680421.0
2024-04-09,601088,39.73,40.06,39.19,39.69,19673782.0
2024-04-09,601318,40.27,40.48,40.1,40.11,293924.0
2024-04-09,601398,5.4,5.44,5.32,5.33,3139150.0
2024-04-09,601857,10.23,10.42,9.97,10.12,198101747.0
2024-04-10,000333,64.87,66.2,64.56,65.17,18081970.0
2024-04-10,510300,3.524,3.524,3.48,3.497,6816711.0
2024-04-10,510500,5.421,5.421,5.32,5.361,1975754.0
2024-04-10,511010,135.287,135.4,135.258,135.369,52895.0
2024-04-10,518880,5.38,5.405,5.375,5.388,2025717.0
2024-04-10,600036,32.19,32.68,32.19,32.49,504014.0
2024-04-10,600519,1662.27,1664.99,1645.0,1647.98,2763050.0
2024-04-10,600887,27.38,27.46,27.1,27.19,32378435.0
2024-04-10,600900,25.15,25.73,25.14,25.63,112399910.0
2024-04-10,600941,104.44,105.89,104.09,104.68,6399735.0
2024-04-10,601088,39.68,40.58,39.65,40.13,30002489.0
2024-04-10,601318,39.99,40.07,39.1,39.2,667545.0
2024-04-10,601398,5.34,5.39,5.32,5.34,2449472.0
2024-04-10,601857,10.06,10.33,10.03,10.27,179033247.0
2024-04-11,000333,64.95,65.95,64.61,65.07,19004769.0
2024-04-11,510300,3.481,3.513,3.475,3.494,5391159.0
2024-04-11,510500,5.336,5.441,5.325,5.386,3038010.0
2024-04-11,511010,135.37,135.457,135.368,135.394,39365.0
2024-04-11,518880,5.37,5.379,5.34,5.348,2428650.0
2024-04-11,600036,32.31,32.42,32.13,32.3,443748.0
2024-04-11,600519,1640.11,1650.0,1634.69,1648.0,2276624.0
2024-04-11,600887,27.05,27.2,26.81,27.02,37454724.0
2024-04-11,600900,25.58,25.66,25.27,25.61,68916555.0
2024-04-11,600941,104.39,104.94,102.92,103.02,8552653.0
2024-04-11,601088,40.0,40.48,39.6,40.0,19469582.0
2024-04-11,601318,39.03,39.14,38.61,38.95,443214.0
2024-04-11,601398,5.32,5.34,5.27,5.32,2002638.0
2024-04-11,601857,10.24,10.37,10.18,10.23,158878499.0
2024-04-12,000333,64.99,65.6,64.58,64.89,21734388.0
2024-04-12,510300,3.494,3.505,3.457,3.466,7405129.0
2024-04-12,510500,5.386,5.425,5.347,5.357,3122913.0
2024-04-12,511010,135.437,135.599,135.437,135.569,39987.0
2024-04-12,518880,5.456,5.506,5.455,5.504,2747128.0
2024-04-12,600036,32.28,32.47,32.06,32.12,478204.0
2024-04-12,600519,1651.0,1664.0,1634.03,1634.03,2674433.0
2024-04-12,600887,26.96,27.09,26.55,26.57,42132494.0
2024-04-12,600900,25.55,25.64,25.35,25.42,62788587.0
2024-04-12,600941,103.02,103.4,100.8,101.05,12663156.0
2024-04-12,601088,39.9,40.08,39.49,39.73,21525318.0
2024-04-12,601318,38.8,38.99,37.67,37.78,918947.0
2024-04-12,601398,5.32,5.35,5.29,5.32,2483944.0
2024-04-12,601857,10.19,10.31,10.14,10.27,158392436.0
2024-04-15,000333,64.89,67.0,64.71,66.84,31783741.0
2024-04-15,510300,3.466,3.545,3.464,3.539,10999537.0
2024-04-15,510500,5.35,5.464,5.303,5.428,3151158.0
2024-04-15,511010,135.575,135.645,135.542,135.55,30803.0
2024-04-15,518880,5.39,5.435,5.39,5.417,3214255.0
2024-04-15,600036,32.1,33.0,32.09,32.83,764645.0
2024-04-15,600519,1635.01,1675.61,1634.98,1672.98,3581771.0
2024-04-15,600887,26.58,27.34,26.58,27.04,49938164.0
2024-04-15,600900,25.43,25.93,25.42,25.89,78534769.0
2024-04-15,600941,101.05,104.98,101.0,104.84,13126227.0
2024-04-15,601088,39.7,41.24,39.67,41.05,33012766.0
2024-04-15,601318,37.78,38.5,37.68,38.36,771609.0
2024-04-15,601398,5.33,5.43,5.33,5.42,4012439.0
2024-04-15,601857,10.17,10.73,10.12,10.67,267663570.0
2024-04-16,000333,66.78,68.77,66.57,68.31,39191380.0
2024-04-16,510300,3.524,3.535,3.491,3.507,9132298.0
2024-04-16,510500,5.396,5.429,5.263,5.28,3905146.0
2024-04-16,511010,135.55,135.55,135.388,135.477,38683.0
2024-04-16,518880,5.471,5.496,5.438,5.452,3356552.0
2024-04-16,600036,32.71,32.97,32.45,32.75,741556.0
2024-04-16,600519,1665.49,1679.56,1659.0,1670.0,2626623.0
2024-04-16,600887,26.9,27.44,26.81,27.23,44852897.0
2024-04-16,600900,25.81,26.16,25.68,25.93,83440594.0
2024-04-16,600941,104.9,105.86,104.32,105.2,9341923.0
2024-04-16,601088,41.05,42.19,40.87,41.7,39246863.0
2024-04-16,601318,38.36,38.79,38.08,38.28,626747.0
2024-04-16,601398,5.42,5.5,5.38,5.47,4000693.0
2024-04-16,601857,10.6,11.02,10.59,10.9,318585062.0
2024-04-17,000333,68.0,68.8,66.98,68.58,24549649.0
2024-04-17,510300,3.507,3.557,3.491,3.553,9964664.0
2024-04-17,510500,5.288,5.424,5.288,5.421,3833425.0
2024-04-17,511010,135.477,135.542,135.477,135.512,34128.0
2024-04-17,518880,5.469,5.477,5.441,5.461,2381284.0
2024-04-17,600036,32.69,33.49,32.47,33.3,948212.0
2024-04-17,600519,1668.0,1675.2,1658.0,1667.0,2481911.0
2024-04-17,600887,27.23,27.39,26.95,27.36,36442766.0
2024-04-17,600900,25.85,26.1,25.53,25.98,81773935.0
2024-04-17,600941,104.9,106.3,103.38,106.1,7928614.0
2024-04-17,601088,41.6,41.99,40.89,41.9,25015767.0
2024-04-17,601318,38.27,39.02,38.01,38.95,594585.0
2024-04-17,601398,5.45,5.52,5.39,5.5,3322042.0
2024-04-17,601857,10.75,10.93,10.58,10.93,243997534.0
2024-04-18,000333,68.58,71.33,68.38,70.0,39542136.0
2024-04-18,510300,3.544,3.594,3.541,3.559,9302193.0
2024-04-18,510500,5.41,5.5,5.377,5.431,3403176.0
2024-04-18,511010,135.56,135.629,135.492,135.618,31451.0
2024-04-18,518880,5.421,5.447,5.4,5.445,2284805.0
2024-04-18,600036,33.26,34.1,33.19,33.65,1006574.0
2024-04-18,600519,1659.01,1682.98,1658.18,1670.78,2656841.0
2024-04-18,600887,27.23,27.81,27.21,27.7,43283246.0
2024-04-18,600900,25.92,26.19,25.8,25.95,84898080.0
2024-04-18,600941,105.76,107.69,104.95,105.15,8043276.0
2024-04-18,601088,41.61,42.4,41.07,41.36,26529769.0
2024-04-18,601318,38.9,40.3,38.81,39.7,846089.0
2024-04-18,601398,5.49,5.63,5.48,5.52,3879728.0
2024-04-18,601857,10.72,10.84,10.56,10.62,260051276.0
2024-04-19,000333,69.43,70.58,69.43,70.0,28812335.0
2024-04-19,510300,3.545,3.554,3.518,3.531,6442757.0
2024-04-19,510500,5.413,5.451,5.37,5.394,3573340.0
2024-04-19,511010,135.679,135.736,135.679,135.706,68993.0
2024-04-19,518880,5.464,5.547,5.444,5.471,4431506.0
2024-04-19,600036,33.56,33.84,33.42,33.62,540384.0
2024-04-19,600519,1660.78,1668.5,1641.28,1646.64,2349992.0
2024-04-19,600887,27.59,27.76,27.42,27.66,27448541.0
2024-04-19,600900,25.9,26.09,25.73,26.0,77485367.0
2024-04-19,600941,104.85,107.08,104.81,106.76,8737718.0
2024-04-19,601088,41.08,42.2,41.05,41.89,26154651.0
2024-04-19,601318,39.47,39.78,39.2,39.42,368395.0
2024-04-19,601398,5.5,5.59,5.5,5.55,2559406.0
2024-04-19,601857,10.69,11.06,10.68,10.92,341766333.0
2024-04-22,000333,70.2,71.19,69.5,69.98,28943754.0
2024-04-22,510300,3.53,3.552,3.518,3.524,7251824.0
2024-04-22,510500,5.386,5.43,5.34,5.349,1958489.0
2024-04-22,511010,135.72,135.79,135.72,135.787,30708.0
2024-04-22,518880,5.447,5.45,5.357,5.364,3196573.0
2024-04-22,600036,33.78,34.19,33.05,33.34,607535.0
2024-04-22,600519,1654.0,1678.88,1645.0,1675.06,2995139.0
2024-04-22,600887,27.72,28.1,27.7,27.89,32663171.0
2024-04-22,600900,25.93,26.19,25.81,25.86,64125192.0
2024-04-22,600941,106.73,108.0,105.89,106.13,6944291.0
2024-04-22,601088,41.88,42.57,40.24,40.3,32248938.0
2024-04-22,601318,39.49,40.09,39.49,39.83,391228.0
2024-04-22,601398,5.57,5.64,5.47,5.48,3275212.0
2024-04-22,601857,10.8,11.05,10.57,10.63,257175836.0
2024-04-23,000333,69.83,70.0,67.59,68.39,38217940.0
2024-04-23,510300,3.524,3.53,3.493,3.499,9428474.0
2024-04-23,510500,5.348,5.374,5.276,5.287,1890163.0
2024-04-23,511010,135.798,135.979,135.793,135.977,29838.0
2024-04-23,518880,5.325,5.33,5.223,5.232,5095873.0
2024-04-23,600036,33.3,33.82,33.23,33.38,512452.0
2024-04-23,600519,1675.0,1695.0,1675.0,1692.28,2497995.0
2024-04-23,600887,27.84,28.07,27.7,27.92,37873734.0
2024-04-23,600900,25.84,26.05,25.6,25.77,57550366.0
2024-04-23,600941,106.05,106.5,104.1,104.66,8550791.0
2024-04-23,601088,39.91,40.49,39.01,39.9,27856359.0
2024-04-23,601318,39.82,40.1,39.61,39.89,342653.0
2024-04-23,601398,5.49,5.58,5.46,5.5,3309130.0
2024-04-23,601857,10.54,10.54,10.22,10.35,249454837.0
2024-04-24,000333,68.34,68.64,66.75,67.9,30783047.0
2024-04-24,510300,3.505,3.517,3.489,3.513,5942319.0
2024-04-24,510500,5.296,5.35,5.26,5.349,1771454.0
2024-04-24,511010,135.785,135.977,135.568,135.618,34713.0
2024-04-24,518880,5.281,5.301,5.263,5.287,3452005.0
2024-04-24,600036,33.38,33.55,33.1,33.46,443384.0
2024-04-24,600519,1696.98,1699.91,1683.33,1693.6,1708643.0
2024-04-24,600887,28.01,28.05,27.64,27.98,28087593.0
2024-04-24,600900,25.9,25.94,25.67,25.77,56309187.0
2024-04-24,600941,104.66,105.35,104.3,104.85,6269805.0
2024-04-24,601088,40.3,40.45,39.38,39.8,22562994.0
2024-04-24,601318,40.39,40.7,40.11,40.6,549964.0
2024-04-24,601398,5.5,5.52,5.46,5.47,2360260.0
2024-04-24,601857,10.39,10.45,10.24,10.43,158228408.0
2024-04-25,000333,67.13,68.56,67.13,68.24,22033298.0
2024-04-25,510300,3.503,3.537,3.495,3.523,6647552.0
2024-04-25,510500,5.33,5.385,5.31,5.341,1926664.0
2024-04-25,511010,135.626,135.782,135.626,135.713,31794.0
2024-04-25,518880,5.275,5.29,5.25,5.288,2832036.0
2024-04-25,600036,33.44,34.4,33.38,34.4,919482.0
2024-04-25,600519,1690.33,1695.6,1682.25,1693.04,1447648.0
2024-04-25,600887,27.95,28.24,27.92,28.08,28228028.0
2024-04-25,600900,25.75,25.85,25.56,25.68,42847022.0
2024-04-25,600941,104.8,104.97,103.7,104.3,5362202.0
2024-04-25,601088,39.72,40.3,39.45,39.96,20235973.0
2024-04-25,601318,40.52,41.28,40.3,41.06,582178.0
2024-04-25,601398,5.48,5.5,5.45,5.49,1650746.0
2024-04-25,601857,10.36,10.55,10.28,10.54,162001712.0
2024-04-26,000333,68.25,68.65,67.42,68.37,24225747.0
2024-04-26,510300,3.524,3.581,3.524,3.573,13743140.0
2024-04-26,510500,5.347,5.475,5.346,5.461,7970795.0
2024-04-26,511010,135.765,135.84,135.48,135.489,28061.0
2024-04-26,518880,5.29,5.334,5.29,5.329,2595143.0
2024-04-26,600036,34.4,34.87,34.22,34.48,954899.0
2024-04-26,600519,1694.0,1714.0,1693.98,1709.43,3099592.0
2024-04-26,600887,28.08,28.35,28.0,28.01,36381355.0
2024-04-26,600900,25.61,25.86,25.55,25.57,69028833.0
2024-04-26,600941,104.3,105.0,103.2,103.66,12149870.0
2024-04-26,601088,39.75,40.12,39.5,39.55,28337837.0
2024-04-26,601318,40.99,41.78,40.81,41.53,694276.0
2024-04-26,601398,5.49,5.54,5.39,5.4,4710331.0
2024-04-26,601857,10.61,10.85,10.58,10.68,244980102.0
2024-04-29,000333,68.3,68.88,67.23,68.2,33226398.0
2024-04-29,510300,3.577,3.638,3.572,3.616,15303224.0
2024-04-29,510500,5.469,5.586,5.465,5.567,5666415.0
2024-04-29,511010,135.625,135.625,134.512,134.929,10692.0
2024-04-29,518880,5.299,5.31,5.288,5.294,2265815.0
2024-04-29,600036,34.4,35.16,34.2,34.88,818064.0
2024-04-29,600519,1696.95,1728.0,1693.82,1704.0,4133223.0
2024-04-29,600887,27.8,28.48,27.74,28.29,58571952.0
2024-04-29,600900,25.57,25.66,25.3,25.48,77653000.0
2024-04-29,600941,103.67,103.67,102.11,102.79,15183468.0
2024-04-29,601088,39.48,39.48,38.61,39.0,41781253.0
2024-04-29,601318,41.5,42.88,41.41,42.08,875455.0
2024-04-29,601398,5.39,5.44,5.34,5.38,3490151.0
2024-04-29,601857,10.59,10.59,10.2,10.22,332167031.0
2024-04-30,000333,66.84,71.15,66.8,69.78,57131843.0
2024-04-30,510300,3.615,3.624,3.596,3.598,8231090.0
2024-04-30,510500,5.565,5.575,5.526,5.529,2767038.0
2024-04-30,511010,135.07,135.34,135.07,135.312,36085.0
2024-04-30,518880,5.296,5.3,5.271,5.286,1920943.0
2024-04-30,600036,34.4,34.58,34.05,34.31,868042.0
2024-04-30,600519,1705.01,1729.88,1705.0,1705.0,3075989.0
2024-04-30,600887,28.89,28.99,28.1,28.61,117329211.0
2024-04-30,600900,25.4,26.02,25.36,25.79,88274253.0
2024-04-30,600941,102.8,104.1,102.53,102.67,10443808.0
2024-04-30,601088,39.0,40.01,38.91,39.83,29738706.0
2024-04-30,601318,42.08,42.16,41.32,41.36,518190.0
2024-04-30,601398,5.37,5.45,5.36,5.43,2601744.0
2024-04-30,601857,10.12,10.4,10.06,10.27,245067206.0
2024-05-06,000333,70.5,71.46,69.65,71.01,46179914.0
2024-05-06,510300,3.64,3.664,3.635,3.648,13090611.0
2024-05-06,510500,5.6,5.63,5.589,5.614,5129670.0
2024-05-06,511010,135.317,135.525,135.058,135.525,18296.0
2024-05-06,518880,5.224,5.255,5.217,5.254,1766624.0
2024-05-06,600036,35.1,35.36,34.72,34.88,1000705.0
2024-05-06,600519,1733.97,1765.0,1727.0,1760.2,5990949.0
2024-05-06,600887,28.82,29.03,28.56,28.8,86179089.0
2024-05-06,600900,25.79,25.79,25.43,25.47,110588987.0
2024-05-06,600941,103.0,103.04,100.2,100.8,27815172.0
2024-05-06,601088,39.69,39.73,38.8,39.55,33779856.0
2024-05-06,601318,43.15,43.28,42.37,42.49,1062747.0
2024-05-06,601398,5.45,5.47,5.36,5.37,4058714.0
2024-05-06,601857,10.0,10.04,9.82,10.01,417952703.0
2024-05-07,000333,70.81,72.33,70.62,71.1,30431457.0
2024-05-07,510300,3.645,3.656,3.637,3.65,6860184.0
2024-05-07,510500,5.61,5.631,5.593,5.613,2289327.0
2024-05-07,511010,135.642,135.795,135.545,135.691,29758.0
2024-05-07,518880,5.278,5.286,5.261,5.268,1880533.0
2024-05-07,600036,34.88,34.95,34.63,34.87,473849.0
2024-05-07,600519,1765.79,1777.8,1756.68,1770.0,2492452.0
2024-05-07,600887,28.78,28.79,28.2,28.35,63800651.0
2024-05-07,600900,25.47,25.51,25.32,25.35,63482761.0
2024-05-07,600941,100.94,101.72,100.4,101.12,11139927.0
2024-05-07,601088,39.49,39.99,39.4,39.93,22047370.0
2024-05-07,601318,42.5,42.79,42.19,42.59,528152.0
2024-05-07,601398,5.37,5.41,5.35,5.4,2781631.0
2024-05-07,601857,9.96,10.12,9.94,10.12,242615926.0
2024-05-08,000333,70.5,71.34,70.39,70.75,17661960.0
2024-05-08,510300,3.643,3.644,3.618,3.621,6387759.0
2024-05-08,510500,5.61,5.61,5.538,5.542,3975570.0
2024-05-08,511010,135.691,135.734,135.679,135.715,28353.0
2024-05-08,518880,5.258,5.279,5.24,5.261,2357123.0
2024-05-08,600036,34.82,34.96,34.55,34.57,412862.0
2024-05-08,600519,1769.69,1769.97,1755.67,1763.97,1476909.0
2024-05-08,600887,28.34,28.48,28.21,28.23,41568562.0
2024-05-08,600900,25.35,25.55,25.31,25.31,60627239.0
2024-05-08,600941,101.12,101.58,100.28,101.03,10084664.0
2024-05-08,601088,40.01,41.45,40.01,41.15,38193795.0
2024-05-08,601318,42.45,42.7,41.88,41.95,447335.0
2024-05-08,601398,5.4,5.45,5.38,5.41,2967672.0
2024-05-08,601857,10.07,10.32,10.06,10.13,204559297.0
2024-05-09,000333,71.0,72.34,70.62,71.85,28571831.0
2024-05-09,510300,3.62,3.662,3.619,3.656,6502023.0
2024-05-09,510500,5.539,5.663,5.539,5.643,2970079.0
2024-05-09,511010,135.65,135.66,135.559,135.596,41169.0
2024-05-09,518880,5.252,5.265,5.242,5.25,2163457.0
2024-05-09,600036,34.6,34.93,34.6,34.84,512391.0
2024-05-09,600519,1758.0,1764.98,1750.0,1756.0,2238734.0
2024-05-09,600887,28.18,28.37,28.12,28.22,52975417.0
2024-05-09,600900,25.35,25.4,25.16,25.36,68681549.0
2024-05-09,600941,100.9,101.25,99.88,100.3,16312004.0
2024-05-09,601088,40.99,41.3,40.61,40.85,26529150.0
2024-05-09,601318,41.87,42.58,41.86,42.34,413541.0
2024-05-09,601398,5.4,5.41,5.37,5.38,2401956.0
2024-05-09,601857,10.16,10.2,10.02,10.07,170534187.0
2024-05-10,000333,72.2,72.33,71.34,71.88,22487905.0
2024-05-10,510300,3.663,3.67,3.631,3.658,8650954.0
2024-05-10,510500,5.647,5.666,5.582,5.623,5121579.0
2024-05-10,511010,135.588,135.624,135.554,135.572,29335.0
2024-05-10,518880,5.33,5.371,5.314,5.369,3037136.0
2024-05-10,600036,34.84,35.85,34.8,35.62,940366.0
2024-05-10,600519,1761.1,1767.88,1733.99,1738.98,2620661.0
2024-05-10,600887,28.23,28.31,27.83,27.95,58876257.0
2024-05-10,600900,25.36,25.52,25.26,25.48,79808793.0
2024-05-10,600941,100.2,101.85,99.5,101.4,18938656.0
2024-05-10,601088,40.84,41.2,40.66,40.97,22703051.0
2024-05-10,601318,42.6,43.18,42.52,42.93,677670.0
2024-05-10,601398,5.39,5.42,5.38,5.4,2646861.0
2024-05-10,601857,10.11,10.17,10.05,10.08,155578991.0
2024-05-13,000333,71.88,72.99,70.7,72.71,27167410.0
2024-05-13,510300,3.637,3.666,3.619,3.655,7411594.0
2024-05-13,510500,5.586,5.62,5.548,5.594,3272228.0
2024-05-13,511010,135.612,135.719,135.6,135.716,27803.0
2024-05-13,518880,5.34,5.358,5.33,5.337,2809580.0
2024-05-13,600036,35.44,36.07,35.33,35.91,747800.0
2024-05-13,600519,1732.02,1732.66,1701.22,1706.0,3766212.0
2024-05-13,600887,27.88,28.06,27.72,28.0,49574864.0
2024-05-13,600900,25.5,25.7,25.36,25.62,92647353.0
2024-05-13,600941,100.84,101.42,100.49,100.99,9386292.0
2024-05-13,601088,40.76,40.96,39.95,40.78,21847559.0
2024-05-13,601318,42.51,42.89,42.17,42.65,493481.0
2024-05-13,601398,5.4,5.43,5.36,5.41,2390940.0
2024-05-13,601857,9.93,10.1,9.91,10.02,167112341.0
2024-05-14,000333,72.68,72.89,70.2,70.84,39923610.0
2024-05-14,510300,3.655,3.67,3.638,3.649,5876668.0
2024-05-14,510500,5.593,5.636,5.57,5.588,2687404.0
2024-05-14,511010,135.749,135.826,135.721,135.791,38968.0
2024-05-14,518880,5.33,5.347,5.316,5.329,2649568.0
2024-05-14,600036,35.89,36.13,35.2,35.34,687779.0
2024-05-14,600519,1705.99,1713.27,1700.01,1701.98,2127417.0
2024-05-14,600887,28.03,28.1,27.82,27.86,47040633.0
2024-05-14,600900,25.62,25.62,25.38,25.58,60506173.0
2024-05-14,600941,101.0,101.1,100.05,100.25,7640515.0
2024-05-14,601088,40.61,40.73,39.65,40.27,26466990.0
2024-05-14,601318,42.65,42.8,42.15,42.31,396512.0
2024-05-14,601398,5.41,5.41,5.36,5.37,2578667.0
2024-05-14,601857,10.04,10.06,9.86,9.93,210858826.0
2024-05-15,000333,68.5,70.1,68.11,69.76,30189455.0
2024-05-15,510300,3.647,3.651,3.617,3.623,8559463.0
2024-05-15,510500,5.588,5.588,5.527,5.539,2731969.0
2024-05-15,511010,135.797,135.851,135.731,135.79,34142.0
2024-05-15,518880,5.36,5.375,5.358,5.37,2157842.0
2024-05-15,600036,35.33,35.44,34.69,35.05,674944.0
2024-05-15,600519,1702.58,1708.0,1698.59,1700.0,1573876.0
2024-05-15,600887,27.86,27.96,27.73,27.8,27453039.0
2024-05-15,600900,25.55,25.69,25.45,25.48,44384153.0
2024-05-15,600941,100.03,100.55,99.21,100.03,9779182.0
2024-05-15,601088,40.0,40.33,39.85,40.17,14442600.0
2024-05-15,601318,42.28,42.3,41.66,41.84,399119.0
2024-05-15,601398,5.37,5.39,5.36,5.38,1427081.0
2024-05-15,601857,9.88,9.97,9.8,9.89,144959510.0
2024-05-16,000333,69.76,69.8,68.8,69.34,24600403.0
2024-05-16,510300,3.63,3.651,3.621,3.635,10511975.0
2024-05-16,510500,5.555,5.577,5.495,5.513,2383653.0
2024-05-16,511010,135.778,135.778,135.656,135.726,33005.0
2024-05-16,518880,5.445,5.45,5.415,5.417,2585079.0
2024-05-16,600036,35.08,36.45,35.0,36.25,1291476.0
2024-05-16,600519,1705.0,1709.88,1690.0,1704.5,2967954.0
2024-05-16,600887,27.75,27.91,27.63,27.77,53348456.0
2024-05-16,600900,25.49,25.54,25.4,25.42,57841400.0
2024-05-16,600941,100.03,100.03,98.6,98.9,14165972.0
2024-05-16,601088,40.17,40.22,39.55,39.6,21260529.0
2024-05-16,601318,42.2,43.39,41.96,43.05,934782.0
2024-05-16,601398,5.37,5.42,5.36,5.41,2971889.0
2024-05-16,601857,9.92,9.94,9.81,9.83,129952952.0
2024-05-17,000333,68.78,69.5,66.52,68.03,41848256.0
2024-05-17,510300,3.635,3.679,3.623,3.676,9320469.0
2024-05-17,510500,5.439,5.507,5.42,5.504,5151667.0
2024-05-17,511010,135.628,135.71,135.527,135.627,38343.0
2024-05-17,518880,5.406,5.418,5.397,5.416,2336818.0
2024-05-17,600036,36.3,36.9,36.06,36.85,916879.0
2024-05-17,600519,1700.01,1716.58,1700.0,1715.0,2892388.0
2024-05-17,600887,27.71,28.14,27.71,28.11,62086533.0
2024-05-17,600900,25.45,25.85,25.44,25.78,94950720.0
2024-05-17,600941,98.89,98.89,97.6,98.17,14356827.0
2024-05-17,601088,39.53,39.92,39.4,39.89,20810624.0
2024-05-17,601318,43.6,45.2,43.45,45.2,1894580.0
2024-05-17,601398,5.41,5.47,5.39,5.47,3830016.0
2024-05-17,601857,9.83,9.96,9.79,9.92,155688787.0
2024-05-20,000333,67.01,67.88,66.21,66.57,42643037.0
2024-05-20,510300,3.682,3.7,3.67,3.684,9365359.0
2024-05-20,510500,5.507,5.548,5.492,5.524,5322736.0
2024-05-20,511010,135.702,135.79,135.63,135.789,33931.0
2024-05-20,518880,5.519,5.586,5.519,5.55,4070430.0
2024-05-20,600036,36.85,37.0,36.09,36.38,914250.0
2024-05-20,600519,1717.99,1732.99,1708.11,1709.0,3142572.0
2024-05-20,600887,28.09,28.69,28.01,28.56,80907333.0
2024-05-20,600900,25.74,26.16,25.66,25.99,91014753.0
2024-05-20,600941,98.1,98.16,96.8,98.02,22208903.0
2024-05-20,601088,39.9,41.12,39.86,40.93,27194546.0
2024-05-20,601318,45.7,46.07,44.83,45.46,1479453.0
2024-05-20,601398,5.47,5.53,5.44,5.46,3318203.0
2024-05-20,601857,9.95,10.28,9.88,10.21,287740653.0
2024-05-21,000333,66.27,67.3,66.2,66.55,24358794.0
2024-05-21,510300,3.679,3.683,3.66,3.672,4969839.0
2024-05-21,510500,5.506,5.518,5.464,5.484,2808569.0
2024-05-21,511010,135.797,135.797,135.698,135.719,32296.0
2024-05-21,518880,5.549,5.549,5.471,5.481,3495102.0
2024-05-21,600036,36.36,36.52,36.13,36.24,445999.0
2024-05-21,600519,1708.0,1709.73,1698.16,1705.0,1629339.0
2024-05-21,600887,28.82,29.26,28.81,29.16,113516000.0
2024-05-21,600900,26.05,26.25,25.98,26.1,64932506.0
2024-05-21,600941,97.89,99.29,97.8,98.86,12999700.0
2024-05-21,601088,40.88,42.0,40.64,41.97,29403082.0
2024-05-21,601318,45.08,45.54,45.02,45.4,551096.0
2024-05-21,601398,5.46,5.51,5.44,5.5,2736760.0
2024-05-21,601857,10.13,10.18,9.98,10.13,165579572.0
2024-05-22,000333,66.34,66.54,65.31,65.41,26105215.0
2024-05-22,510300,3.67,3.689,3.663,3.68,6766846.0
2024-05-22,510500,5.479,5.493,5.461,5.478,2296000.0
2024-05-22,511010,135.732,135.78,135.722,135.777,33810.0
2024-05-22,518880,5.5,5.514,5.48,5.492,1887946.0
2024-05-22,600036,36.22,36.38,35.76,36.06,664477.0
2024-05-22,600519,1703.0,1709.96,1691.0,1697.71,2028568.0
2024-05-22,600887,29.06,29.45,29.02,29.23,73778215.0
2024-05-22,600900,26.16,26.21,25.93,25.98,56950230.0
2024-05-22,600941,98.98,99.29,98.24,98.52,9733024.0
2024-05-22,601088,41.9,42.52,41.66,41.74,24271138.0
2024-05-22,601318,45.3,46.05,45.15,45.4,751337.0
2024-05-22,601398,5.5,5.54,5.49,5.51,2458441.0
2024-05-22,601857,10.1,10.17,10.01,10.05,131460554.0
2024-05-23,000333,65.4,66.19,65.0,65.74,24096149.0
2024-05-23,510300,3.671,3.674,3.631,3.643,6988061.0
2024-05-23,510500,5.465,5.465,5.362,5.383,3992422.0
2024-05-23,511010,135.81,135.878,135.81,135.871,34495.0
2024-05-23,518880,5.38,5.386,5.341,5.366,3144944.0
2024-05-23,600036,35.9,36.01,35.32,35.5,924585.0
2024-05-23,600519,1700.0,1706.38,1690.08,1692.01,1888497.0
2024-05-23,600887,29.08,29.34,28.8,29.29,73851931.0
2024-05-23,600900,26.05,26.34,25.96,26.15,77312597.0
2024-05-23,600941,98.4,98.59,97.55,98.29,7471586.0
2024-05-23,601088,41.71,42.13,41.42,42.0,16752780.0
2024-05-23,601318,44.92,45.17,44.52,44.78,635923.0
2024-05-23,601398,5.52,5.53,5.47,5.49,2241625.0
2024-05-23,601857,9.98,10.0,9.89,9.91,128172137.0
2024-05-24,000333,65.4,66.98,65.1,66.62,25926968.0
2024-05-24,510300,3.632,3.65,3.598,3.602,8412742.0
2024-05-24,510500,5.361,5.417,5.324,5.331,2092201.0
2024-05-24,511010,135.899,135.906,135.838,135.874,32052.0
2024-05-24,518880,5.287,5.321,5.287,5.319,2277706.0
2024-05-24,600036,35.3,35.48,34.66,34.74,870440.0
2024-05-24,600519,1693.0,1695.0,1677.0,1677.08,2021663.0
2024-05-24,600887,29.05,29.38,28.82,28.88,51262296.0
2024-05-24,600900,26.21,26.55,26.13,26.3,77715134.0
2024-05-24,600941,98.17,98.98,97.96,98.06,8778930.0
2024-05-24,601088,42.08,42.2,41.3,41.31,16586026.0
2024-05-24,601318,44.55,44.8,43.86,43.89,541286.0
2024-05-24,601398,5.49,5.51,5.44,5.44,2261861.0
2024-05-24,601857,9.91,10.06,9.89,9.97,131032908.0
2024-05-27,000333,66.5,68.28,65.54,67.59,30546219.0
2024-05-27,510300,3.605,3.634,3.601,3.632,6696225.0
2024-05-27,510500,5.345,5.387,5.294,5.383,2425547.0
2024-05-27,511010,135.873,135.873,135.804,135.84,35643.0
2024-05-27,518880,5.323,5.353,5.323,5.338,2179564.0
2024-05-27,600036,34.85,35.21,34.75,35.14,570938.0
2024-05-27,600519,1678.0,1687.45,1668.01,1670.12,2509791.0
2024-05-27,600887,28.82,29.16,28.82,29.02,42145949.0
2024-05-27,600900,26.31,26.7,26.31,26.51,78000895.0
2024-05-27,600941,98.18,100.58,98.1,100.33,16007904.0
2024-05-27,601088,41.59,43.02,41.52,42.0,25686009.0
2024-05-27,601318,44.0,44.39,43.88,44.1,412742.0
2024-05-27,601398,5.45,5.49,5.44,5.48,2155682.0
2024-05-27,601857,9.98,10.3,9.98,10.24,224801370.0
2024-05-28,000333,67.6,67.78,66.5,67.03,19173667.0
2024-05-28,510300,3.631,3.633,3.602,3.609,5317532.0
2024-05-28,510500,5.377,5.379,5.324,5.336,2146284.0
2024-05-28,511010,135.857,135.921,135.843,135.916,30882.0
2024-05-28,518880,5.367,5.374,5.333,5.334,2159096.0
2024-05-28,600036,35.1,35.33,34.72,34.83,476191.0
2024-05-28,600519,1670.4,1675.17,1663.0,1664.64,2352087.0
2024-05-28,600887,29.01,29.15,28.72,28.77,33348601.0
2024-05-28,600900,26.52,26.83,26.48,26.71,67259257.0
2024-05-28,600941,100.0,100.55,99.51,99.75,7058250.0
2024-05-28,601088,42.01,43.41,41.94,42.9,23792715.0
2024-05-28,601318,44.16,44.35,43.62,43.76,421922.0
2024-05-28,601398,5.48,5.51,5.46,5.49,1957240.0
2024-05-28,601857,10.25,10.5,10.22,10.39,211589081.0
2024-05-29,000333,66.6,67.2,65.5,65.85,24132098.0
2024-05-29,510300,3.608,3.633,3.601,3.61,6152451.0
2024-05-29,510500,5.33,5.386,5.325,5.347,3143561.0
2024-05-29,511010,135.966,136.0,135.929,135.988,28917.0
2024-05-29,518880,5.368,5.384,5.359,5.37,2432939.0
2024-05-29,600036,34.75,35.06,34.46,34.57,491041.0
2024-05-29,600519,1666.0,1680.0,1665.0,1674.0,1965128.0
2024-05-29,600887,28.81,29.08,28.81,28.95,30245901.0
2024-05-29,600900,26.7,26.77,26.41,26.69,62051985.0
2024-05-29,600941,99.8,100.0,99.04,99.8,6660513.0
2024-05-29,601088,42.9,43.65,42.6,43.45,21603456.0
2024-05-29,601318,43.59,44.13,43.36,43.47,439423.0
2024-05-29,601398,5.49,5.51,5.45,5.47,2277199.0
2024-05-29,601857,10.46,10.53,10.32,10.49,145369863.0
2024-05-30,000333,65.71,66.19,65.14,65.18,19358623.0
2024-05-30,510300,3.603,3.625,3.588,3.596,7779253.0
2024-05-30,510500,5.347,5.375,5.318,5.336,2025748.0
2024-05-30,511010,135.986,136.048,135.985,136.041,28778.0
2024-05-30,518880,5.33,5.335,5.295,5.317,2361366.0
2024-05-30,600036,34.45,34.9,34.18,34.34,559245.0
2024-05-30,600519,1675.0,1675.38,1649.0,1649.0,3220792.0
2024-05-30,600887,28.87,28.93,28.5,28.51,45302182.0
2024-05-30,600900,26.66,26.95,26.6,26.7,53980515.0
2024-05-30,600941,99.6,100.85,99.4,100.36,10583245.0
2024-05-30,601088,43.11,43.86,42.7,43.09,23332714.0
2024-05-30,601318,43.31,43.66,42.9,43.15,393955.0
2024-05-30,601398,5.47,5.48,5.42,5.44,2239851.0
2024-05-30,601857,10.36,10.53,10.16,10.2,173354142.0
2024-05-31,000333,65.19,65.57,64.55,64.76,26129419.0
2024-05-31,510300,3.602,3.616,3.58,3.582,7232183.0
2024-05-31,510500,5.347,5.386,5.332,5.335,3021095.0
2024-05-31,511010,135.98,136.059,135.98,136.018,35903.0
2024-05-31,518880,5.334,5.343,5.318,5.343,1597626.0
2024-05-31,600036,34.53,34.6,34.28,34.28,508932.0
2024-05-31,600519,1650.5,1663.5,1648.45,1648.45,2185665.0
2024-05-31,600887,28.57,28.68,28.31,28.31,35357073.0
2024-05-31,600900,26.76,27.02,26.58,26.61,70818931.0
2024-05-31,600941,100.55,100.85,99.56,100.2,8441178.0
2024-05-31,601088,43.26,43.4,42.33,42.33,20058323.0
2024-05-31,601318,43.4,44.1,43.06,43.07,482492.0
2024-05-31,601398,5.45,5.47,5.43,5.43,2037423.0
2024-05-31,601857,10.11,10.22,10.08,10.14,135394499.0
2024-06-03,000333,64.88,66.3,64.27,65.02,35755629.0
2024-06-03,510300,3.58,3.599,3.565,3.587,7075116.0
2024-06-03,510500,5.329,5.343,5.253,5.294,2973093.0
2024-06-03,511010,136.025,136.16,136.023,136.16,43246.0
2024-06-03,518880,5.319,5.319,5.274,5.296,2198757.0
2024-06-03,600036,34.22,34.38,33.92,34.15,608111.0
2024-06-03,600519,1650.0,1650.92,1635.11,1639.39,3026105.0
2024-06-03,600887,28.32,28.61,28.23,28.58,37865336.0
2024-06-03,600900,26.89,27.5,26.75,27.43,114876331.0
2024-06-03,600941,100.21,102.14,100.21,101.89,13716788.0
2024-06-03,601088,42.7,43.58,42.62,43.34,26577489.0
2024-06-03,601318,42.99,43.46,42.61,43.13,446518.0
2024-06-03,601398,5.43,5.45,5.41,5.44,2157727.0
2024-06-03,601857,10.16,10.28,10.09,10.16,181787212.0
2024-06-04,000333,64.99,64.99,63.4,64.68,30621198.0
2024-06-04,510300,3.585,3.624,3.579,3.612,6817379.0
2024-06-04,510500,5.289,5.382,5.273,5.365,2318048.0
2024-06-04,511010,136.14,136.199,136.124,136.192,35781.0
2024-06-04,518880,5.34,5.355,5.333,5.346,2009475.0
2024-06-04,600036,34.15,34.68,34.1,34.54,533788.0
2024-06-04,600519,1640.5,1656.0,1636.55,1653.2,2084108.0
2024-06-04,600887,28.53,28.85,28.35,28.62,48130815.0
2024-06-04,600900,27.43,27.7,27.3,27.48,79276175.0
2024-06-04,600941,101.8,102.35,101.49,102.1,11588099.0
2024-06-04,601088,43.22,43.26,42.33,42.34,33072957.0
2024-06-04,601318,43.08,43.51,43.01,43.27,398178.0
2024-06-04,601398,5.44,5.47,5.44,5.47,1756288.0
2024-06-04,601857,9.96,10.02,9.85,9.99,214128444.0
2024-06-05,000333,64.55,65.2,63.8,63.92,28331925.0
2024-06-05,510300,3.613,3.622,3.597,3.599,5839394.0
2024-06-05,510500,5.365,5.373,5.304,5.307,1862866.0
2024-06-05,511010,136.158,136.349,136.158,136.231,33142.0
2024-06-05,518880,5.306,5.338,5.302,5.324,2036654.0
2024-06-05,600036,34.68,34.7,33.89,33.99,691041.0
2024-06-05,600519,1652.0,1658.68,1643.03,1644.0,1905557.0
2024-06-05,600887,27.57,27.7,27.29,27.32,48223404.0
2024-06-05,600900,27.54,28.08,27.49,27.96,88722153.0
2024-06-05,600941,102.07,103.0,101.1,101.68,12997209.0
2024-06-05,601088,42.31,43.4,42.2,42.75,26564584.0
2024-06-05,601318,43.26,43.28,42.94,43.08,361880.0
2024-06-05,601398,5.47,5.48,5.45,5.46,1889975.0
2024-06-05,601857,9.95,10.02,9.7,9.77,217594766.0
2024-06-06,000333,63.8,66.03,63.8,65.76,43603719.0
2024-06-06,510300,3.606,3.63,3.585,3.599,10266993.0
2024-06-06,510500,5.324,5.34,5.244,5.269,2534543.0
2024-06-06,511010,136.233,136.27,136.159,136.205,28371.0
2024-06-06,518880,5.396,5.421,5.387,5.398,2347283.0
2024-06-06,600036,34.09,34.2,33.78,34.0,677241.0
2024-06-06,600519,1643.66,1651.99,1635.91,1639.81,2561005.0
2024-06-06,600887,27.35,27.67,27.27,27.47,36706822.0
2024-06-06,600900,27.9,28.38,27.76,28.03,106120323.0
2024-06-06,600941,99.99,102.01,99.31,100.52,13665724.0
2024-06-06,601088,42.77,44.76,42.77,44.16,32650986.0
2024-06-06,601318,43.2,43.33,42.37,42.45,542621.0
2024-06-06,601398,5.46,5.49,5.45,5.46,2375214.0
2024-06-06,601857,9.8,10.08,9.76,9.99,254753743.0
2024-06-07,000333,65.2,65.45,63.71,65.16,40064590.0
2024-06-07,510300,3.602,3.61,3.555,3.576,10281271.0
2024-06-07,510500,5.291,5.304,5.212,5.244,2743246.0
2024-06-07,511010,136.215,136.255,136.208,136.254,32798.0
2024-06-07,518880,5.413,5.421,5.386,5.399,2569719.0
2024-06-07,600036,34.05,34.25,33.65,33.99,678266.0
2024-06-07,600519,1646.13,1646.18,1619.01,1619.18,3352455.0
2024-06-07,600887,27.43,27.55,26.91,27.06,45483277.0
2024-06-07,600900,28.0,28.37,27.9,28.31,86811639.0
2024-06-07,600941,100.45,101.36,100.1,101.0,8478048.0
2024-06-07,601088,44.21,44.39,43.85,44.15,22146552.0
2024-06-07,601318,42.6,42.78,42.0,42.12,421394.0
2024-06-07,601398,5.46,5.52,5.45,5.52,2972943.0
2024-06-07,601857,10.06,10.12,9.9,9.99,145314301.0
2024-06-11,000333,64.5,66.5,64.18,65.0,33689664.0
2024-06-11,510300,3.567,3.569,3.533,3.551,8799170.0
2024-06-11,510500,5.227,5.275,5.199,5.256,1877216.0
2024-06-11,511010,136.254,136.298,136.218,136.254,26420.0
2024-06-11,518880,5.25,5.259,5.224,5.237,3264085.0
2024-06-11,600036,33.78,33.97,33.12,33.36,690448.0
2024-06-11,600519,1602.99,1605.0,1567.0,1569.0,7024676.0
2024-06-11,600887,26.98,27.1,26.63,26.72,38224534.0
2024-06-11,600900,28.32,28.49,27.92,28.18,87333796.0
2024-06-11,600941,101.2,101.78,99.51,100.58,8377962.0
2024-06-11,601088,44.16,44.52,43.11,43.44,24360172.0
2024-06-11,601318,41.91,42.19,41.6,41.83,422363.0
2024-06-11,601398,5.52,5.54,5.44,5.44,3337614.0
2024-06-11,601857,10.08,10.11,9.78,9.82,197392985.0
2024-06-12,000333,64.84,65.74,64.53,65.16,25707199.0
2024-06-12,510300,3.544,3.556,3.536,3.547,5698353.0
2024-06-12,510500,5.245,5.288,5.243,5.271,1893932.0
2024-06-12,511010,136.243,136.284,136.211,136.236,25551.0
2024-06-12,518880,5.253,5.271,5.253,5.267,1724985.0
2024-06-12,600036,33.35,33.36,32.95,33.09,511381.0
2024-06-12,600519,1570.0,1590.0,1570.0,1571.68,3317050.0
2024-06-12,600887,26.73,27.08,26.66,27.02,37688732.0
2024-06-12,600900,28.08,28.5,28.0,28.38,75624228.0
2024-06-12,600941,100.31,100.61,99.61,100.4,7515991.0
2024-06-12,601088,43.23,44.85,43.01,44.65,26472574.0
2024-06-12,601318,41.83,41.9,41.36,41.4,398340.0
2024-06-12,601398,5.44,5.45,5.36,5.4,3234762.0
2024-06-12,601857,9.79,10.01,9.72,10.0,172416942.0
2024-06-13,000333,65.31,65.45,63.66,63.92,27485047.0
2024-06-13,510300,3.555,3.558,3.525,3.534,5488037.0
2024-06-13,510500,5.279,5.283,5.229,5.244,1952078.0
2024-06-13,511010,136.238,136.277,136.237,136.249,28111.0
2024-06-13,518880,5.261,5.27,5.246,5.269,1802420.0
2024-06-13,600036,33.2,33.22,32.72,32.82,550184.0
2024-06-13,600519,1576.77,1576.89,1553.15,1555.01,3618597.0
2024-06-13,600887,27.04,27.07,26.8,26.87,30471246.0
2024-06-13,600900,28.39,28.8,28.32,28.7,89282721.0
2024-06-13,600941,100.25,101.41,99.64,101.31,9583611.0
2024-06-13,601088,44.5,44.98,44.17,44.58,18226751.0
2024-06-13,601318,41.58,41.66,41.19,41.3,320428.0
2024-06-13,601398,5.4,5.44,5.39,5.43,1804745.0
2024-06-13,601857,10.01,10.03,9.86,9.91,120775559.0
2024-06-14,000333,63.51,65.76,63.5,65.61,37924447.0
2024-06-14,510300,3.527,3.558,3.517,3.554,6741040.0
2024-06-14,510500,5.235,5.29,5.214,5.269,3141984.0
2024-06-14,511010,136.265,136.279,136.233,136.27,33934.0
2024-06-14,518880,5.249,5.273,5.243,5.271,1889985.0
2024-06-14,600036,32.82,34.02,32.82,33.81,991674.0
2024-06-14,600519,1555.0,1563.96,1520.46,1555.0,5951416.0
2024-06-14,600887,26.84,27.25,26.68,27.17,42549459.0
2024-06-14,600900,28.65,28.77,27.73,27.9,242643011.0
2024-06-14,600941,101.05,101.79,99.63,100.98,12489866.0
2024-06-14,601088,44.45,45.12,44.0,44.35,28165983.0
2024-06-14,601318,41.19,42.19,41.16,41.87,635624.0
2024-06-14,601398,5.43,5.52,5.42,5.5,3698141.0
2024-06-14,601857,9.87,9.9,9.8,9.83,125843905.0
2024-06-17,000333,65.76,65.76,64.18,64.53,25335808.0
2024-06-17,510300,3.537,3.553,3.532,3.544,3930172.0
2024-06-17,510500,5.247,5.273,5.239,5.251,1440541.0
2024-06-17,511010,136.272,136.328,136.271,136.327,27625.0
2024-06-17,518880,5.302,5.306,5.275,5.279,1690694.0
2024-06-17,600036,33.6,33.8,33.39,33.73,457682.0
2024-06-17,600519,1532.29,1548.77,1511.01,1541.5,4831816.0
2024-06-17,600887,27.0,27.08,26.73,26.88,27683356.0
2024-06-17,600900,27.75,28.06,27.59,27.89,106730295.0
2024-06-17,600941,100.4,100.69,98.83,98.9,12349768.0
2024-06-17,601088,44.22,44.47,43.3,43.54,27547526.0
2024-06-17,601318,41.6,41.83,41.38,41.58,384727.0
2024-06-17,601398,5.49,5.5,5.4,5.43,2737858.0
2024-06-17,601857,9.8,9.83,9.64,9.65,155383510.0
2024-06-18,000333,64.3,65.19,63.67,64.84,21867469.0
2024-06-18,510300,3.549,3.565,3.543,3.555,5490352.0
2024-06-18,510500,5.255,5.296,5.255,5.278,2480729.0
2024-06-18,511010,136.327,136.382,136.327,136.364,28487.0
2024-06-18,518880,5.283,5.296,5.282,5.284,1711600.0
2024-06-18,600036,33.86,34.3,33.62,33.71,453675.0
2024-06-18,600519,1530.89,1554.54,1516.68,1521.5,4125825.0
2024-06-18,600887,26.87,26.96,26.32,26.4,55874550.0
2024-06-18,600900,27.89,27.94,27.59,27.8,65893578.0
2024-06-18,600941,98.86,100.11,98.18,99.96,12907997.0
2024-06-18,601088,43.52,43.73,42.8,43.57,16946544.0
2024-06-18,601318,41.7,42.05,41.57,41.73,353452.0
2024-06-18,601398,5.42,5.46,5.39,5.45,2010650.0
2024-06-18,601857,9.69,9.76,9.54,9.76,143145064.0
2024-06-19,000333,64.77,65.08,62.8,64.0,34699957.0
2024-06-19,510300,3.557,3.561,3.54,3.545,5308595.0
2024-06-19,510500,5.287,5.292,5.218,5.224,1973026.0
2024-06-19,511010,136.366,136.423,136.171,136.391,53157.0
2024-06-19,518880,5.301,5.306,5.296,5.305,1973012.0
2024-06-19,600036,33.71,34.4,33.66,34.15,585937.0
2024-06-19,600519,1497.99,1504.0,1482.1,1501.0,4126153.0
2024-06-19,600887,26.44,26.44,26.1,26.32,34295891.0
2024-06-19,600900,27.78,28.07,27.72,28.04,53659074.0
2024-06-19,600941,100.0,101.5,99.94,101.44,11621674.0
2024-06-19,601088,43.4,44.12,43.17,43.44,23464678.0
2024-06-19,601318,41.74,42.19,41.61,42.0,410640.0
2024-06-19,601398,5.44,5.5,5.44,5.5,2479370.0
2024-06-19,601857,9.76,9.94,9.74,9.89,147923871.0
2024-06-20,000333,63.9,64.75,63.54,64.47,28085788.0
2024-06-20,510300,3.543,3.551,3.516,3.522,5546558.0
2024-06-20,510500,5.219,5.235,5.141,5.146,1739755.0
2024-06-20,511010,136.476,136.51,136.424,136.506,30529.0
2024-06-20,518880,5.313,5.354,5.313,5.351,2822644.0
2024-06-20,600036,34.16,34.23,33.9,34.01,392467.0
2024-06-20,600519,1500.0,1516.01,1498.0,1500.1,2471068.0
2024-06-20,600887,26.26,26.33,25.61,25.65,61810741.0
2024-06-20,600900,28.07,28.4,28.01,28.34,65568919.0
2024-06-20,600941,101.44,101.78,100.9,101.5,7978389.0
2024-06-20,601088,43.41,44.83,43.19,44.63,35704871.0
2024-06-20,601318,41.99,42.07,41.51,41.51,364790.0
2024-06-20,601398,5.5,5.52,5.48,5.52,2133767.0
2024-06-20,601857,9.87,10.08,9.86,10.06,226430922.0
2024-06-21,000333,64.49,64.75,63.5,63.95,24153669.0
2024-06-21,510300,3.517,3.525,3.493,3.516,19658677.0
2024-06-21,510500,5.139,5.181,5.129,5.155,2661721.0
2024-06-21,511010,136.509,136.509,136.392,136.437,29703.0
2024-06-21,518880,5.383,5.393,5.374,5.376,2994478.0
2024-06-21,600036,33.88,34.08,33.49,33.7,523963.0
2024-06-21,600519,1500.5,1504.98,1470.22,1471.0,4331997.0
2024-06-21,600887,25.6,25.92,25.4,25.78,55610009.0
2024-06-21,600900,28.34,28.52,28.03,28.33,74296501.0
2024-06-21,600941,101.35,102.98,101.13,102.55,9694957.0
2024-06-21,601088,44.41,44.68,43.76,44.11,19866304.0
2024-06-21,601318,41.49,41.82,41.32,41.67,385055.0
2024-06-21,601398,5.51,5.53,5.48,5.51,2248274.0
2024-06-21,601857,10.05,10.23,9.94,9.97,177274620.0
2024-06-24,000333,63.71,65.55,63.61,64.88,30799053.0
2024-06-24,510300,3.502,3.526,3.493,3.499,20875455.0
2024-06-24,510500,5.14,5.14,5.036,5.047,8320736.0
2024-06-24,511010,136.437,136.525,136.331,136.52,28418.0
2024-06-24,518880,5.3,5.311,5.284,5.29,4959867.0
2024-06-24,600036,33.79,34.22,33.49,34.07,692590.0
2024-06-24,600519,1423.0,1488.99,1414.01,1476.55,6383993.0
2024-06-24,600887,25.66,26.14,25.61,25.97,46202466.0
2024-06-24,600900,28.4,29.0,28.35,28.89,106929642.0
2024-06-24,600941,102.55,103.33,102.0,102.5,9522619.0
2024-06-24,601088,44.29,44.6,43.91,44.25,20110686.0
2024-06-24,601318,41.53,42.05,41.22,41.8,445928.0
2024-06-24,601398,5.51,5.58,5.5,5.57,3317211.0
2024-06-24,601857,9.95,10.07,9.95,10.03,118502694.0
2024-06-25,000333,64.85,65.79,64.52,65.29,25309206.0
2024-06-25,510300,3.495,3.504,3.459,3.478,17384585.0
2024-06-25,510500,5.05,5.065,4.964,5.003,5414475.0
2024-06-25,511010,136.515,136.62,136.514,136.562,38625.0
2024-06-25,518880,5.3,5.303,5.292,5.302,2849134.0
2024-06-25,600036,34.07,34.47,33.97,34.3,638160.0
2024-06-25,600519,1477.0,1502.99,1477.0,1486.65,4209795.0
2024-06-25,600887,25.9,26.19,25.71,25.77,43559484.0
2024-06-25,600900,28.87,28.92,28.3,28.65,88021088.0
2024-06-25,600941,102.32,102.82,101.54,102.4,8477921.0
2024-06-25,601088,44.34,44.36,43.67,43.93,18014773.0
2024-06-25,601318,41.79,42.12,41.44,41.55,382836.0
2024-06-25,601398,5.56,5.61,5.55,5.6,2924741.0
2024-06-25,601857,10.03,10.2,9.97,10.05,159843932.0
2024-06-26,000333,65.01,65.39,63.91,64.25,23831407.0
2024-06-26,510300,3.47,3.507,3.464,3.499,10454895.0
2024-06-26,510500,4.992,5.082,4.97,5.072,3800469.0
2024-06-26,511010,136.595,136.677,136.595,136.662,35230.0
2024-06-26,518880,5.287,5.287,5.253,5.271,3337006.0
2024-06-26,600036,34.18,34.36,33.95,34.06,452638.0
2024-06-26,600519,1480.0,1501.07,1477.8,1489.22,2956977.0
2024-06-26,600887,25.76,26.04,25.62,25.99,28638392.0
2024-06-26,600900,28.69,28.87,28.38,28.65,51424125.0
2024-06-26,600941,102.1,103.3,101.6,102.66,6488679.0
2024-06-26,601088,43.82,44.15,43.05,43.75,18863833.0
2024-06-26,601318,41.48,41.82,41.29,41.65,265061.0
2024-06-26,601398,5.6,5.66,5.59,5.63,2524705.0
2024-06-26,601857,9.83,9.84,9.63,9.7,130294612.0
2024-06-27,000333,64.05,64.48,63.47,64.1,27409461.0
2024-06-27,510300,3.49,3.496,3.474,3.48,14337049.0
2024-06-27,510500,5.053,5.059,4.984,4.988,6434058.0
2024-06-27,511010,136.674,136.812,136.674,136.803,31055.0
2024-06-27,518880,5.236,5.245,5.231,5.242,2674882.0
2024-06-27,600036,33.96,34.34,33.83,34.26,555173.0
2024-06-27,600519,1492.0,1493.97,1468.0,1490.49,3282178.0
2024-06-27,600887,25.89,25.99,25.67,25.77,35968988.0
2024-06-27,600900,28.6,28.95,28.58,28.82,66550911.0
2024-06-27,600941,102.66,105.0,102.32,104.79,15155414.0
2024-06-27,601088,43.57,43.99,43.17,43.5,25068964.0
2024-06-27,601318,41.51,41.64,41.25,41.42,367975.0
2024-06-27,601398,5.62,5.71,5.6,5.7,3156536.0
2024-06-27,601857,9.66,9.75,9.56,9.69,138692437.0
2024-06-28,000333,63.5,64.79,63.48,64.5,25195612.0
2024-06-28,510300,3.474,3.511,3.473,3.487,12755434.0
2024-06-28,510500,4.978,5.065,4.972,4.996,4148317.0
2024-06-28,511010,136.838,136.946,136.833,136.899,49050.0
2024-06-28,518880,5.283,5.299,5.277,5.297,2758656.0
2024-06-28,600036,34.2,34.48,34.04,34.19,525749.0
2024-06-28,600519,1480.0,1494.49,1464.0,1467.39,3858202.0
2024-06-28,600887,25.77,26.17,25.72,25.84,37159882.0
2024-06-28,600900,28.82,29.03,28.58,28.92,72366983.0
2024-06-28,600941,104.35,107.75,104.3,107.5,15066325.0
2024-06-28,601088,43.23,44.63,43.2,44.37,22105842.0
2024-06-28,601318,41.35,41.9,41.26,41.36,399345.0
2024-06-28,601398,5.69,5.72,5.65,5.7,2685533.0
2024-06-28,601857,9.71,10.34,9.7,10.32,270254946.0
2024-07-01,000333,64.29,65.38,63.6,64.09,19528313.0
2024-07-01,510300,3.487,3.507,3.467,3.501,8536040.0
2024-07-01,510500,4.996,5.078,4.981,5.055,3095527.0
2024-07-01,511010,136.93,136.98,136.56,136.672,8915.0
2024-07-01,518880,5.297,5.303,5.281,5.299,1512313.0
2024-07-01,600036,34.19,34.4,33.95,34.36,472239.0
2024-07-01,600519,1468.88,1472.99,1428.0,1440.38,3216138.0
2024-07-01,600887,25.84,25.99,25.56,25.97,34312984.0
2024-07-01,600900,28.92,29.65,28.92,29.48,72351910.0
2024-07-01,600941,107.12,109.42,106.52,107.46,15202304.0
2024-07-01,601088,44.41,45.96,44.4,45.28,20995421.0
2024-07-01,601318,41.41,41.67,40.64,41.62,474198.0
2024-07-01,601398,5.69,5.85,5.68,5.82,3202846.0
2024-07-01,601857,10.29,10.54,10.24,10.43,174330715.0
2024-07-02,000333,63.7,64.2,62.8,63.0,29181345.0
2024-07-02,510300,3.494,3.511,3.489,3.496,5992049.0
2024-07-02,510500,5.052,5.057,4.99,5.009,1998284.0
2024-07-02,511010,136.639,136.798,136.331,136.795,34446.0
2024-07-02,518880,5.311,5.317,5.302,5.306,1563664.0
2024-07-02,600036,34.38,35.25,34.36,35.08,868771.0
2024-07-02,600519,1433.0,1498.0,1433.0,1490.7,5185298.0
2024-07-02,600887,25.9,26.08,25.75,25.77,33341851.0
2024-07-02,600900,29.47,29.56,29.24,29.48,58289049.0
2024-07-02,600941,106.88,109.46,106.88,108.92,9409990.0
2024-07-02,601088,45.3,45.88,44.76,45.8,22674028.0
2024-07-02,601318,41.41,42.75,41.4,42.17,568857.0
2024-07-02,601398,5.82,5.98,5.81,5.97,3770405.0
2024-07-02,601857,10.53,10.75,10.42,10.66,177194919.0
2024-07-03,000333,63.05,63.68,62.74,63.03,18120842.0
2024-07-03,510300,3.494,3.503,3.48,3.49,7914240.0
2024-07-03,510500,5.003,5.014,4.96,4.966,1875123.0
2024-07-03,511010,136.817,137.039,136.817,137.007,40451.0
2024-07-03,518880,5.31,5.342,5.304,5.34,2049719.0
2024-07-03,600036,35.01,35.09,34.31,34.46,691373.0
2024-07-03,600519,1499.0,1513.01,1488.02,1500.0,3157326.0
2024-07-03,600887,25.77,25.94,25.66,25.81,26057150.0
2024-07-03,600900,29.41,29.52,29.0,29.3,73251987.0
2024-07-03,600941,108.77,110.59,108.76,110.21,9890390.0
2024-07-03,601088,45.6,46.02,44.92,45.25,20169551.0
2024-07-03,601318,42.18,42.43,41.91,42.27,295748.0
2024-07-03,601398,5.96,5.98,5.85,5.89,2743719.0
2024-07-03,601857,10.65,10.74,10.47,10.57,138481809.0
2024-07-04,000333,63.2,65.2,63.2,64.6,27753098.0
2024-07-04,510300,3.493,3.509,3.473,3.475,15599237.0
2024-07-04,510500,4.98,4.989,4.886,4.895,5107613.0
2024-07-04,511010,137.032,137.032,136.907,136.934,64538.0
2024-07-04,518880,5.381,5.386,5.354,5.365,1988890.0
2024-07-04,600036,34.54,35.04,34.48,34.71,696919.0
2024-07-04,600519,1505.0,1512.0,1481.13,1485.74,2437973.0
2024-07-04,600887,25.81,25.94,25.57,25.61,31970502.0
2024-07-04,600900,29.22,29.55,29.2,29.39,66193048.0
2024-07-04,600941,109.6,110.39,108.05,109.15,9241848.0
2024-07-04,601088,45.24,45.78,45.24,45.4,16058960.0
2024-07-04,601318,42.26,42.56,41.96,41.98,324851.0
2024-07-04,601398,5.89,5.98,5.88,5.96,2618980.0
2024-07-04,601857,10.58,10.72,10.58,10.64,120380662.0
2024-07-05,000333,64.5,65.15,63.0,64.0,26479582.0
2024-07-05,510300,3.47,3.478,3.428,3.458,16363845.0
2024-07-05,510500,4.89,4.941,4.859,4.93,2084542.0
2024-07-05,511010,136.935,136.982,136.78,136.828,45067.0
2024-07-05,518880,5.365,5.382,5.363,5.381,2410574.0
2024-07-05,600036,34.71,34.83,33.66,33.88,967783.0
2024-07-05,600519,1479.0,1493.18,1450.0,1453.0,3882938.0
2024-07-05,600887,25.61,25.7,25.18,25.45,40815964.0
2024-07-05,600900,29.57,29.57,28.85,29.32,100763142.0
2024-07-05,600941,109.22,109.84,106.2,108.0,11286990.0
2024-07-05,601088,45.4,45.68,44.09,45.1,27405677.0
2024-07-05,601318,41.95,42.26,40.98,41.12,526718.0
2024-07-05,601398,5.96,6.0,5.81,5.83,3993120.0
2024-07-05,601857,10.63,10.7,10.34,10.54,165069007.0
2024-07-08,000333,63.6,64.72,63.17,64.23,19443576.0
2024-07-08,510300,3.451,3.458,3.426,3.434,9426255.0
2024-07-08,510500,4.915,4.919,4.831,4.848,2343628.0
2024-07-08,511010,136.688,136.688,136.411,136.561,46433.0
2024-07-08,518880,5.427,5.43,5.382,5.384,2655439.0
2024-07-08,600036,33.85,34.23,33.71,33.99,545730.0
2024-07-08,600519,1443.0,1457.77,1419.14,1420.0,3952705.0
2024-07-08,600887,25.35,25.38,25.0,25.2,46350709.0
2024-07-08,600900,29.22,30.05,29.2,29.92,100897073.0
2024-07-08,600941,107.4,109.92,106.7,109.41,11169302.0
2024-07-08,601088,42.8,43.63,42.3,43.38,25661548.0
2024-07-08,601318,40.9,41.36,40.68,40.84,339548.0
2024-07-08,601398,5.82,5.94,5.81,5.89,2883649.0
2024-07-08,601857,10.44,10.75,10.41,10.67,139077789.0
2024-07-09,000333,63.81,64.67,63.62,64.1,21664464.0
2024-07-09,510300,3.429,3.484,3.418,3.471,10688956.0
2024-07-09,510500,4.84,4.957,4.813,4.936,3407766.0
2024-07-09,511010,136.635,136.732,136.635,136.729,34476.0
2024-07-09,518880,5.365,5.372,5.36,5.362,2528560.0
2024-07-09,600036,33.99,34.55,33.72,34.47,621037.0
2024-07-09,600519,1420.0,1454.89,1410.1,1438.03,3362071.0
2024-07-09,600887,25.1,25.16,24.73,25.0,60408765.0
2024-07-09,600900,29.91,30.33,29.81,30.31,85724564.0
2024-07-09,600941,109.3,109.99,108.3,108.78,8214673.0
2024-07-09,601088,43.3,43.55,42.71,43.4,23794751.0
2024-07-09,601318,40.83,41.59,40.46,41.52,381403.0
2024-07-09,601398,5.89,5.94,5.85,5.94,2955343.0
2024-07-09,601857,10.66,10.69,10.53,10.64,112851926.0
2024-07-10,000333,64.54,65.06,63.81,63.81,15846909.0
2024-07-10,510300,3.464,3.482,3.46,3.463,5792821.0
2024-07-10,510500,4.926,4.957,4.906,4.908,1895942.0
2024-07-10,511010,136.729,136.822,136.679,136.815,40662.0
2024-07-10,518880,5.374,5.399,5.373,5.397,1794956.0
2024-07-10,600036,34.47,35.0,34.45,34.68,726314.0
2024-07-10,600519,1439.25,1465.88,1435.0,1437.59,2376322.0
2024-07-10,600887,24.81,25.22,24.72,25.13,39335080.0
2024-07-10,600900,30.28,30.42,29.87,30.1,76596809.0
2024-07-10,600941,108.38,109.4,106.69,107.56,7984513.0
2024-07-10,601088,43.09,43.2,41.18,41.71,47960407.0
2024-07-10,601318,41.07,41.93,41.07,41.86,361273.0
2024-07-10,601398,5.94,6.01,5.94,6.0,2876301.0
2024-07-10,601857,10.62,10.66,10.31,10.33,156758393.0
2024-07-11,000333,63.85,64.45,62.52,63.9,27182655.0
2024-07-11,510300,3.49,3.519,3.477,3.509,10524378.0
2024-07-11,510500,4.964,5.015,4.934,5.007,2851786.0
2024-07-11,511010,136.814,136.825,136.728,136.808,44301.0
2024-07-11,518880,5.397,5.422,5.393,5.417,2562810.0
2024-07-11,600036,33.08,33.13,32.79,32.9,732389.0
2024-07-11,600519,1449.97,1469.0,1440.21,1462.09,2902014.0
2024-07-11,600887,25.28,25.84,25.28,25.7,43136396.0
2024-07-11,600900,30.13,30.2,29.7,30.19,74713995.0
2024-07-11,600941,107.3,107.9,105.88,107.2,7022564.0
2024-07-11,601088,41.33,42.11,40.87,41.68,34006914.0
2024-07-11,601318,42.27,42.49,41.91,41.94,375570.0
2024-07-11,601398,6.0,6.0,5.86,5.93,3767985.0
2024-07-11,601857,10.35,10.47,10.25,10.46,139759018.0
2024-07-12,000333,63.79,65.2,63.64,65.0,24574092.0
2024-07-12,510300,3.511,3.524,3.505,3.519,8723694.0
2024-07-12,510500,4.999,5.007,4.973,4.985,1508868.0
2024-07-12,511010,136.835,136.947,136.835,136.916,32251.0
2024-07-12,518880,5.464,5.467,5.442,5.446,2196048.0
2024-07-12,600036,33.01,34.08,33.01,34.0,944904.0
2024-07-12,600519,1473.01,1486.4,1465.45,1478.82,2338634.0
2024-07-12,600887,25.7,25.76,25.33,25.5,35050540.0
2024-07-12,600900,30.16,30.3,29.8,29.88,68112730.0
2024-07-12,600941,106.7,108.2,106.31,107.91,8172871.0
2024-07-12,601088,41.53,42.03,40.91,41.21,24098086.0
2024-07-12,601318,42.0,42.86,42.0,42.68,495697.0
2024-07-12,601398,5.92,6.1,5.91,6.08,4009673.0
2024-07-12,601857,10.43,10.58,10.27,10.33,135935064.0
2024-07-15,000333,64.78,65.16,64.36,64.94,17045913.0
2024-07-15,510300,3.511,3.531,3.508,3.526,12550082.0
2024-07-15,510500,4.97,4.978,4.94,4.949,4545598.0
2024-07-15,511010,136.93,136.984,136.916,136.968,34516.0
2024-07-15,518880,5.452,5.467,5.441,5.442,2132755.0
2024-07-15,600036,34.0,34.05,33.72,33.78,474604.0
2024-07-15,600519,1470.0,1488.0,1470.0,1474.9,1917626.0
2024-07-15,600887,25.5,25.63,25.36,25.49,25743563.0
2024-07-15,600900,29.79,30.5,29.66,30.43,78795504.0
2024-07-15,600941,107.68,109.95,107.61,109.2,8190419.0
2024-07-15,601088,41.0,42.44,40.8,42.39,24825023.0
2024-07-15,601318,42.6,42.98,42.48,42.53,354848.0
2024-07-15,601398,6.09,6.24,6.06,6.2,4289583.0
2024-07-15,601857,10.24,10.5,10.14,10.47,153414521.0
2024-07-16,000333,64.63,64.96,63.75,64.27,20406778.0
2024-07-16,510300,3.52,3.555,3.517,3.551,16125087.0
2024-07-16,510500,4.939,4.982,4.922,4.966,2187526.0
2024-07-16,511010,136.97,136.994,136.863,136.967,32254.0
2024-07-16,518880,5.484,5.507,5.483,5.505,2370895.0
2024-07-16,600036,33.76,33.89,33.46,33.79,455793.0
2024-07-16,600519,1476.0,1482.0,1465.05,1476.0,2031644.0
2024-07-16,600887,25.41,25.65,25.32,25.54,30460705.0
2024-07-16,600900,30.5,30.87,30.25,30.8,68924858.0
2024-07-16,600941,108.99,110.5,108.95,110.5,7306870.0
2024-07-16,601088,42.25,42.6,41.89,42.41,20050250.0
2024-07-16,601318,42.0,42.11,40.68,41.19,939985.0
2024-07-16,601398,5.92,5.97,5.83,5.89,5035591.0
2024-07-16,601857,10.44,10.56,10.36,10.51,111483575.0
2024-07-17,000333,64.04,64.38,61.66,62.83,46462849.0
2024-07-17,510300,3.549,3.57,3.54,3.556,22565644.0
2024-07-17,510500,4.962,4.973,4.926,4.931,6147727.0
2024-07-17,511010,136.971,137.029,136.94,136.999,38830.0
2024-07-17,518880,5.599,5.615,5.553,5.576,3687441.0
2024-07-17,600036,33.7,34.19,33.65,34.07,577954.0
2024-07-17,600519,1476.1,1503.0,1470.02,1501.4,3431101.0
2024-07-17,600887,25.54,26.04,25.38,26.0,52326385.0
2024-07-17,600900,30.75,30.95,30.56,30.8,74056856.0
2024-07-17,600941,110.5,110.69,107.8,108.64,9188603.0
2024-07-17,601088,42.38,42.57,41.44,41.72,21983510.0
2024-07-17,601318,41.25,42.42,41.25,42.29,778406.0
2024-07-17,601398,5.88,5.94,5.84,5.91,3218992.0
2024-07-17,601857,10.46,10.5,10.05,10.09,213949950.0
2024-07-18,000333,62.01,64.46,62.01,63.9,34532462.0
2024-07-18,510300,3.541,3.579,3.532,3.577,19611815.0
2024-07-18,510500,4.917,4.956,4.866,4.954,4745455.0
2024-07-18,511010,137.006,137.007,136.917,136.958,18601.0
2024-07-18,518880,5.555,5.574,5.543,5.573,2554424.0
2024-07-18,600036,34.07,34.25,33.76,34.09,598627.0
2024-07-18,600519,1499.5,1515.0,1492.53,1497.51,2887039.0
2024-07-18,600887,25.9,26.25,25.81,26.21,38049001.0
2024-07-18,600900,30.75,31.44,30.72,31.36,99995624.0
2024-07-18,600941,108.17,112.88,108.1,112.04,14303984.0
2024-07-18,601088,41.9,42.13,41.49,42.05,17205894.0
2024-07-18,601318,42.19,42.64,41.96,42.37,513624.0
2024-07-18,601398,5.9,5.92,5.86,5.91,2553864.0
2024-07-18,601857,10.12,10.22,10.01,10.2,148627246.0
2024-07-19,000333,63.36,63.78,62.89,63.6,21796963.0
2024-07-19,510300,3.565,3.606,3.552,3.6,31696626.0
2024-07-19,510500,4.928,4.978,4.914,4.946,6176636.0
2024-07-19,511010,136.961,137.055,136.961,137.05,38215.0
2024-07-19,518880,5.458,5.471,5.406,5.425,3314023.0
2024-07-19,600036,34.0,34.3,33.59,34.25,810072.0
2024-07-19,600519,1490.81,1529.18,1484.01,1525.62,3894291.0
2024-07-19,600887,26.13,26.58,25.96,26.4,47259559.0
2024-07-19,600900,30.5,30.72,30.28,30.58,112417521.0
2024-07-19,600941,111.8,113.4,111.15,113.2,10147996.0
2024-07-19,601088,42.03,42.17,41.48,41.97,22318200.0
2024-07-19,601318,42.37,43.15,42.2,43.03,610775.0
2024-07-19,601398,5.9,5.92,5.82,5.91,3601440.0
2024-07-19,601857,10.1,10.11,9.88,9.97,187645919.0
2024-07-22,000333,63.45,64.64,63.32,63.63,19930345.0
2024-07-22,510300,3.595,3.598,3.551,3.571,17163073.0
2024-07-22,510500,4.948,4.965,4.905,4.934,3043014.0
2024-07-22,511010,137.192,137.4,137.09,137.341,30731.0
2024-07-22,518880,5.427,5.441,5.417,5.421,2586753.0
2024-07-22,600036,34.17,34.17,33.09,33.34,808206.0
2024-07-22,600519,1525.03,1529.98,1491.65,1499.0,2854321.0
2024-07-22,600887,26.41,26.56,26.03,26.1,37147789.0
2024-07-22,600900,30.58,30.6,29.7,30.38,97427649.0
2024-07-22,600941,112.54,113.99,109.0,110.19,14154232.0
2024-07-22,601088,41.73,41.91,39.9,41.73,39510434.0
2024-07-22,601318,43.1,43.22,42.64,43.0,440562.0
2024-07-22,601398,5.88,5.89,5.76,5.84,3230607.0
2024-07-22,601857,9.86,9.86,9.48,9.63,257641429.0
2024-07-23,000333,63.63,63.79,62.38,62.38,18537845.0
2024-07-23,510300,3.566,3.571,3.498,3.501,9195337.0
2024-07-23,510500,4.931,4.952,4.792,4.794,2442099.0
2024-07-23,511010,137.464,137.49,137.363,137.486,45656.0
2024-07-23,518880,5.43,5.44,5.382,5.394,2374834.0
2024-07-23,600036,33.34,33.71,33.23,33.34,538755.0
2024-07-23,600519,1499.0,1501.0,1455.0,1455.0,3094396.0
2024-07-23,600887,26.15,26.17,25.42,25.42,40855688.0
2024-07-23,600900,30.4,30.8,30.28,30.67,90144787.0
2024-07-23,600941,109.79,112.15,109.31,110.96,9386913.0
2024-07-23,601088,41.5,41.85,40.9,41.06,18091660.0
2024-07-23,601318,42.96,43.23,42.78,42.79,459790.0
2024-07-23,601398,5.82,6.06,5.81,6.01,5081438.0
2024-07-23,601857,9.58,9.63,9.5,9.51,144474635.0
2024-07-24,000333,62.01,62.72,59.64,60.08,45547336.0
2024-07-24,510300,3.495,3.509,3.466,3.479,14910835.0
2024-07-24,510500,4.788,4.809,4.73,4.737,3252320.0
2024-07-24,511010,137.497,137.542,137.43,137.488,40589.0
2024-07-24,518880,5.429,5.466,5.424,5.465,2455965.0
2024-07-24,600036,33.45,33.58,33.03,33.18,482453.0
2024-07-24,600519,1450.2,1463.7,1435.0,1440.02,2412255.0
2024-07-24,600887,25.39,25.45,24.95,25.05,40864750.0
2024-07-24,600900,30.67,31.19,30.54,31.04,88281095.0
2024-07-24,600941,110.6,112.45,110.0,111.98,8278018.0
2024-07-24,601088,40.96,41.95,40.8,41.76,18227400.0
2024-07-24,601318,42.8,43.03,42.35,42.56,386095.0
2024-07-24,601398,6.0,6.11,5.99,6.06,3184498.0
2024-07-24,601857,9.5,9.64,9.42,9.56,171839606.0
2024-07-25,000333,59.52,60.09,58.9,59.4,30109151.0
2024-07-25,510300,3.464,3.476,3.441,3.459,20455525.0
2024-07-25,510500,4.724,4.783,4.708,4.731,2660303.0
2024-07-25,511010,137.488,137.588,137.481,137.508,35684.0
2024-07-25,518880,5.388,5.388,5.32,5.327,3793147.0
2024-07-25,600036,33.22,33.32,32.37,32.83,762079.0
2024-07-25,600519,1440.02,1448.0,1420.01,1430.49,2834656.0
2024-07-25,600887,24.95,25.18,24.95,25.04,34117254.0
2024-07-25,600900,31.07,31.28,30.37,30.83,97736868.0
2024-07-25,600941,111.89,112.69,109.9,110.98,8825287.0
2024-07-25,601088,41.72,41.72,40.68,41.25,21256537.0
2024-07-25,601318,42.49,42.82,42.23,42.57,440474.0
2024-07-25,601398,6.05,6.12,5.97,6.06,4114787.0
2024-07-25,601857,9.55,9.55,9.13,9.16,226172007.0
2024-07-26,000333,62.83,62.99,61.4,62.84,57740171.0
2024-07-26,510300,3.46,3.483,3.452,3.474,13579703.0
2024-07-26,510500,4.733,4.82,4.732,4.806,2415192.0
2024-07-26,511010,137.524,137.581,137.503,137.567,18868.0
2024-07-26,518880,5.312,5.367,5.311,5.35,2451770.0
2024-07-26,600036,32.8,33.04,32.11,32.37,601462.0
2024-07-26,600519,1430.49,1437.72,1410.9,1422.19,3235379.0
2024-07-26,600887,25.07,25.18,24.91,25.08,36188891.0
2024-07-26,600900,30.71,30.71,29.73,30.15,114955273.0
2024-07-26,600941,110.94,110.94,104.99,106.0,17158959.0
2024-07-26,601088,41.25,41.4,40.46,40.8,18175082.0
2024-07-26,601318,41.15,41.7,40.75,41.09,510378.0
2024-07-26,601398,6.05,6.07,5.86,5.93,4159456.0
2024-07-26,601857,9.13,9.22,9.02,9.1,165972643.0
2024-07-29,000333,62.3,63.21,62.16,62.88,20712828.0
2024-07-29,510300,3.47,3.472,3.453,3.454,5949376.0
2024-07-29,510500,4.801,4.813,4.773,4.776,1469911.0
2024-07-29,511010,137.58,137.58,137.518,137.544,34882.0
2024-07-29,518880,5.395,5.399,5.378,5.387,1816319.0
2024-07-29,600036,32.38,32.65,32.2,32.45,413475.0
2024-07-29,600519,1415.0,1421.99,1398.0,1398.02,3086907.0
2024-07-29,600887,25.08,25.1,24.74,24.74,38802729.0
2024-07-29,600900,29.96,30.4,29.51,30.2,75162251.0
2024-07-29,600941,105.5,107.2,104.03,106.6,12925477.0
2024-07-29,601088,40.58,41.11,40.45,40.84,13837592.0
2024-07-29,601318,41.08,41.63,41.01,41.32,305650.0
2024-07-29,601398,5.92,5.98,5.84,5.98,2618931.0
2024-07-29,601857,9.03,9.16,8.95,9.14,130956211.0
2024-07-30,000333,62.51,62.77,60.6,61.06,22575846.0
2024-07-30,510300,3.446,3.446,3.417,3.431,15250861.0
2024-07-30,510500,4.767,4.789,4.718,4.772,2338607.0
2024-07-30,511010,137.549,137.596,137.504,137.564,38542.0
2024-07-30,518880,5.379,5.395,5.357,5.394,1624334.0
2024-07-30,600036,32.4,32.59,32.15,32.42,390782.0
2024-07-30,600519,1385.98,1390.27,1361.3,1379.99,5177904.0
2024-07-30,600887,24.65,24.65,24.24,24.4,50637912.0
2024-07-30,600900,30.17,30.46,29.88,30.11,60682304.0
2024-07-30,600941,106.01,108.13,105.83,107.67,8241900.0
2024-07-30,601088,40.68,40.76,39.52,39.8,22295682.0
2024-07-30,601318,41.28,41.45,41.06,41.33,296922.0
2024-07-30,601398,5.97,6.03,5.91,5.99,2495335.0
2024-07-30,601857,9.06,9.06,8.78,8.78,218352403.0
2024-07-31,000333,60.73,63.86,60.73,63.76,40174739.0
2024-07-31,510300,3.431,3.51,3.427,3.508,15389083.0
2024-07-31,510500,4.772,4.977,4.757,4.975,5569471.0
2024-07-31,511010,137.63,137.75,137.601,137.661,32067.0
2024-07-31,518880,5.41,5.455,5.405,5.436,2463792.0
2024-07-31,600036,32.42,33.0,32.25,32.73,595370.0
2024-07-31,600519,1373.1,1427.27,1373.1,1421.28,4327232.0
2024-07-31,600887,24.3,25.09,24.26,25.09,67525950.0
2024-07-31,600900,30.05,30.07,29.48,29.86,94433185.0
2024-07-31,600941,107.5,108.06,104.25,105.12,14608190.0
2024-07-31,601088,39.81,40.25,39.41,39.75,25212841.0
2024-07-31,601318,41.34,42.6,41.25,42.56,580878.0
2024-07-31,601398,5.98,6.01,5.83,5.85,4614730.0
2024-07-31,601857,8.75,8.99,8.74,8.97,200930536.0
2024-08-01,000333,63.8,64.67,63.41,63.58,24406833.0
2024-08-01,510300,3.502,3.515,3.481,3.483,7965404.0
2024-08-01,510500,4.975,5.012,4.906,4.93,3504122.0
2024-08-01,511010,137.754,138.0,137.65,137.887,24949.0
2024-08-01,518880,5.501,5.505,5.457,5.48,1997922.0
2024-08-01,600036,32.73,32.85,32.27,32.71,409139.0
2024-08-01,600519,1418.0,1420.0,1384.7,1386.16,3203810.0
2024-08-01,600887,25.0,25.02,24.5,24.5,52104175.0
2024-08-01,600900,29.65,30.34,29.6,30.12,68485869.0
2024-08-01,600941,104.68,105.95,104.61,105.02,8011681.0
2024-08-01,601088,39.99,40.32,39.26,39.41,21150777.0
2024-08-01,601318,42.42,42.85,42.26,42.51,325140.0
2024-08-01,601398,5.83,5.91,5.73,5.88,3731394.0
2024-08-01,601857,9.07,9.17,8.95,9.03,160074494.0
2024-08-02,000333,63.3,64.28,62.57,62.99,20261524.0
2024-08-02,510300,3.46,3.483,3.441,3.447,12997733.0
2024-08-02,510500,4.894,4.955,4.854,4.864,2235956.0
2024-08-02,511010,137.97,138.288,137.958,138.088,25648.0
2024-08-02,518880,5.475,5.506,5.471,5.505,3355712.0
2024-08-02,600036,32.42,32.6,32.23,32.28,386130.0
2024-08-02,600519,1373.6,1396.97,1373.6,1385.45,2192769.0
2024-08-02,600887,24.34,24.54,24.31,24.44,29161078.0
2024-08-02,600900,30.0,30.32,29.8,30.24,57775048.0
2024-08-02,600941,104.77,107.1,104.75,106.59,9036716.0
2024-08-02,601088,39.2,39.29,38.51,39.11,16902448.0
2024-08-02,601318,42.23,42.41,41.7,41.82,331373.0
2024-08-02,601398,5.85,5.92,5.83,5.88,2814158.0
2024-08-02,601857,8.87,8.91,8.78,8.86,134672028.0
2024-08-05,000333,62.54,64.3,61.56,61.65,35476754.0
2024-08-05,510300,3.431,3.474,3.407,3.408,20183109.0
2024-08-05,510500,4.84,4.926,4.763,4.77,4152751.0
2024-08-05,511010,138.094,138.25,137.99,138.139,38029.0
2024-08-05,518880,5.39,5.416,5.343,5.366,4896321.0
2024-08-05,600036,32.2,32.52,32.05,32.1,584420.0
2024-08-05,600519,1388.88,1426.0,1385.52,1410.01,3773607.0
2024-08-05,600887,24.32,24.76,24.18,24.32,46573013.0
2024-08-05,600900,30.09,30.2,29.85,29.9,63103071.0
2024-08-05,600941,106.5,107.5,105.18,105.43,7155356.0
2024-08-05,601088,38.85,38.86,38.23,38.47,22031849.0
2024-08-05,601318,41.7,42.54,41.69,42.0,430509.0
2024-08-05,601398,5.88,5.95,5.83,5.87,3195446.0
2024-08-05,601857,8.65,8.75,8.39,8.42,293326777.0
2024-08-06,000333,61.61,62.26,59.52,59.92,38493182.0
2024-08-06,510300,3.428,3.438,3.381,3.408,12936275.0
2024-08-06,510500,4.819,4.852,4.766,4.821,2616120.0
2024-08-06,511010,137.916,137.961,137.601,137.94,27544.0
2024-08-06,518880,5.35,5.362,5.305,5.327,2934869.0
2024-08-06,600036,32.36,32.39,31.51,31.7,514389.0
2024-08-06,600519,1422.0,1424.0,1394.01,1404.7,2744433.0
2024-08-06,600887,24.41,24.53,24.13,24.31,41716965.0
2024-08-06,600900,29.9,30.09,29.3,29.46,93657365.0
2024-08-06,600941,105.7,105.8,102.66,104.49,10776283.0
2024-08-06,601088,38.51,38.7,37.89,38.15,19075806.0
2024-08-06,601318,42.37,42.48,40.64,40.9,634343.0
2024-08-06,601398,5.88,5.89,5.78,5.8,2754700.0
2024-08-06,601857,8.48,8.57,8.42,8.49,135830397.0
2024-08-07,000333,59.92,61.38,59.24,60.7,25298592.0
2024-08-07,510300,3.401,3.425,3.391,3.401,6125438.0
2024-08-07,510500,4.818,4.862,4.788,4.823,2391677.0
2024-08-07,511010,137.934,138.21,137.934,138.131,39797.0
2024-08-07,518880,5.307,5.355,5.306,5.352,1952998.0
2024-08-07,600036,31.73,31.9,31.55,31.58,390732.0
2024-08-07,600519,1405.5,1421.99,1398.3,1415.5,2062221.0
2024-08-07,600887,24.29,24.29,24.1,24.11,39983462.0
2024-08-07,600900,29.37,30.05,29.37,29.75,67641078.0
2024-08-07,600941,104.18,105.4,103.7,103.94,6613681.0
2024-08-07,601088,38.15,39.39,38.01,38.88,21032000.0
2024-08-07,601318,40.92,41.11,40.68,40.7,299781.0
2024-08-07,601398,5.82,5.88,5.8,5.82,2270152.0
2024-08-07,601857,8.44,8.72,8.38,8.59,157756843.0
2024-08-08,000333,60.42,61.48,60.21,60.96,14231910.0
2024-08-08,510300,3.396,3.429,3.383,3.405,8541072.0
2024-08-08,510500,4.811,4.872,4.775,4.833,2327848.0
2024-08-08,511010,138.1,138.1,137.798,138.011,40429.0
2024-08-08,518880,5.345,5.355,5.328,5.349,1431536.0
2024-08-08,600036,31.61,31.98,31.38,31.93,394600.0
2024-08-08,600519,1411.0,1448.18,1409.0,1430.69,2513082.0
2024-08-08,600887,24.01,24.45,23.77,24.39,50649104.0
2024-08-08,600900,29.75,30.01,29.62,29.78,46760473.0
2024-08-08,600941,103.94,104.6,103.41,103.94,5644377.0
2024-08-08,601088,39.0,39.48,38.86,38.89,14563020.0
2024-08-08,601318,40.75,41.15,40.41,40.82,236432.0
2024-08-08,601398,5.83,5.88,5.81,5.87,1871759.0
2024-08-08,601857,8.65,8.72,8.54,8.55,99250002.0
2024-08-09,000333,60.85,61.7,60.33,60.5,13802375.0
2024-08-09,510300,3.416,3.43,3.392,3.393,6040536.0
2024-08-09,510500,4.858,4.884,4.789,4.792,2167099.0
2024-08-09,511010,137.822,137.847,137.725,137.826,29740.0
2024-08-09,518880,5.406,5.414,5.379,5.396,1807812.0
2024-08-09,600036,31.97,32.58,31.81,32.33,482748.0
2024-08-09,600519,1460.03,1469.0,1436.8,1436.8,3013849.0
2024-08-09,600887,24.41,24.57,24.18,24.19,25485397.0
2024-08-09,600900,29.71,29.79,29.37,29.54,59690063.0
2024-08-09,600941,103.95,104.16,100.73,102.0,16414520.0
2024-08-09,601088,38.8,39.3,38.5,39.05,11124510.0
2024-08-09,601318,40.99,41.24,40.61,40.61,261785.0
2024-08-09,601398,5.87,5.93,5.84,5.92,1850788.0
2024-08-09,601857,8.58,8.78,8.56,8.74,159988641.0
2024-08-12,000333,60.5,62.14,60.31,61.38,16949235.0
2024-08-12,510300,3.391,3.402,3.383,3.389,5102200.0
2024-08-12,510500,4.79,4.816,4.767,4.794,2027173.0
2024-08-12,511010,137.55,137.749,137.2,137.204,48832.0
2024-08-12,518880,5.41,5.438,5.4,5.437,1313929.0
2024-08-12,600036,32.3,32.34,31.93,32.12,318943.0
2024-08-12,600519,1430.0,1443.0,1426.58,1436.1,1363203.0
2024-08-12,600887,24.16,24.43,24.14,24.35,23595727.0
2024-08-12,600900,29.56,29.71,29.12,29.18,51089121.0
2024-08-12,600941,101.83,101.95,99.88,100.14,11713589.0
2024-08-12,601088,38.82,39.65,38.63,39.3,13093996.0
2024-08-12,601318,40.53,40.73,40.31,40.62,152199.0
2024-08-12,601398,5.92,6.02,5.91,5.99,2258478.0
2024-08-12,601857,8.73,8.8,8.67,8.71,90947914.0
2024-08-13,000333,61.38,62.11,60.92,61.36,9835074.0
2024-08-13,510300,3.391,3.398,3.372,3.394,6958063.0
2024-08-13,510500,4.794,4.809,4.751,4.804,1900885.0
2024-08-13,511010,137.318,137.668,137.209,137.609,56401.0
2024-08-13,518880,5.476,5.492,5.466,5.474,2110708.0
2024-08-13,600036,32.1,32.23,31.76,31.94,282378.0
2024-08-13,600519,1433.0,1435.0,1412.01,1423.01,1630843.0
2024-08-13,600887,24.36,24.41,23.97,24.09,29540900.0
2024-08-13,600900,29.28,29.38,29.06,29.26,46163028.0
2024-08-13,600941,100.0,100.98,100.0,100.7,7146722.0
2024-08-13,601088,39.3,39.72,38.82,39.08,12193738.0
2024-08-13,601318,40.62,40.81,40.51,40.78,166506.0
2024-08-13,601398,5.99,6.08,5.93,6.0,2404187.0
2024-08-13,601857,8.79,8.88,8.69,8.79,126101491.0
2024-08-14,000333,61.36,61.49,60.6,60.9,11227780.0
2024-08-14,510300,3.395,3.395,3.369,3.37,5610998.0
2024-08-14,510500,4.806,4.806,4.735,4.737,2162187.0
2024-08-14,511010,137.758,137.989,137.683,137.736,36982.0
2024-08-14,518880,5.473,5.474,5.427,5.456,3015716.0
2024-08-14,600036,31.9,32.14,31.81,31.86,282446.0
2024-08-14,600519,1423.01,1424.9,1412.02,1413.3,1341431.0
2024-08-14,600887,24.05,24.08,23.82,23.84,26429953.0
2024-08-14,600900,29.29,29.85,29.03,29.55,67862636.0
2024-08-14,600941,100.7,103.7,100.44,102.96,12166873.0
2024-08-14,601088,39.0,39.4,38.53,39.13,8949140.0
2024-08-14,601318,40.81,40.94,40.49,40.49,206504.0
2024-08-14,601398,5.98,6.04,5.97,6.02,1880448.0
2024-08-14,601857,8.71,8.79,8.66,8.78,78073202.0
2024-08-15,000333,60.7,61.35,60.29,61.0,19163262.0
2024-08-15,510300,3.365,3.423,3.361,3.408,19046381.0
2024-08-15,510500,4.724,4.826,4.72,4.774,5371351.0
2024-08-15,511010,137.736,137.836,137.551,137.6,24381.0
2024-08-15,518880,5.431,5.45,5.429,5.443,2847128.0
2024-08-15,600036,31.85,32.92,31.65,32.76,739790.0
2024-08-15,600519,1405.03,1435.99,1403.95,1426.89,2303897.0
2024-08-15,600887,23.8,24.15,23.71,24.06,31640828.0
2024-08-15,600900,29.54,29.97,29.4,29.8,59889587.0
2024-08-15,600941,102.8,104.94,102.7,104.94,9275754.0
2024-08-15,601088,39.0,40.38,38.95,40.19,23436598.0
2024-08-15,601318,40.51,41.67,40.22,41.32,534167.0
2024-08-15,601398,6.02,6.06,6.0,6.05,2067401.0
2024-08-15,601857,8.75,8.91,8.71,8.86,113933232.0
2024-08-16,000333,60.81,61.9,60.67,61.74,18066988.0
2024-08-16,510300,3.404,3.422,3.398,3.41,16407617.0
2024-08-16,510500,4.772,4.786,4.74,4.746,7930053.0
2024-08-16,511010,137.585,137.665,137.52,137.577,36548.0
2024-08-16,518880,5.465,5.466,5.441,5.453,2643497.0
2024-08-16,600036,32.75,33.25,32.72,33.15,418503.0
2024-08-16,600519,1426.79,1435.92,1417.01,1431.2,1645470.0
2024-08-16,600887,24.0,24.13,23.94,24.03,20641584.0
2024-08-16,600900,29.82,29.88,29.53,29.62,50949931.0
2024-08-16,600941,104.94,105.44,104.42,104.86,5472447.0
2024-08-16,601088,40.19,40.64,40.07,40.53,13713993.0
2024-08-16,601318,41.32,41.75,41.25,41.61,269574.0
2024-08-16,601398,6.05,6.15,6.03,6.14,2701940.0
2024-08-16,601857,8.88,9.05,8.87,9.01,126854614.0
2024-08-19,000333,61.69,63.15,61.67,62.36,17275349.0
2024-08-19,510300,3.409,3.444,3.407,3.419,7478253.0
2024-08-19,510500,4.741,4.81,4.739,4.754,2759482.0
2024-08-19,511010,137.663,137.663,137.528,137.636,41832.0
2024-08-19,518880,5.502,5.527,5.493,5.513,2691170.0
2024-08-19,600036,33.25,33.5,33.03,33.42,422843.0
2024-08-19,600519,1432.0,1458.88,1425.0,1425.44,2043279.0
2024-08-19,600887,24.0,24.43,23.88,23.91,37065769.0
2024-08-19,600900,29.59,29.86,29.57,29.73,42798248.0
2024-08-19,600941,104.87,105.29,104.3,104.9,5328036.0
2024-08-19,601088,40.53,41.21,40.26,40.35,13625257.0
2024-08-19,601318,41.61,42.17,41.59,42.07,287912.0
2024-08-19,601398,6.14,6.29,6.1,6.27,3388635.0
2024-08-19,601857,8.98,9.12,8.93,9.07,105618802.0
2024-08-20,000333,63.48,63.49,61.76,63.02,25780974.0
2024-08-20,510300,3.424,3.426,3.388,3.403,15944748.0
2024-08-20,510500,4.762,4.762,4.658,4.672,3508603.0
2024-08-20,511010,137.638,137.638,137.571,137.614,40906.0
2024-08-20,518880,5.512,5.519,5.5,5.513,2924114.0
2024-08-20,600036,33.45,33.6,33.16,33.48,423729.0
2024-08-20,600519,1429.9,1429.93,1414.0,1422.72,1859138.0
2024-08-20,600887,23.95,23.97,23.42,23.54,44751496.0
2024-08-20,600900,29.76,29.84,29.43,29.65,46130402.0
2024-08-20,600941,104.91,105.79,104.38,105.15,6364707.0
2024-08-20,601088,40.36,40.45,39.44,39.69,14046750.0
2024-08-20,601318,42.15,42.17,41.7,41.92,293763.0
2024-08-20,601398,6.26,6.4,6.25,6.39,3995974.0
2024-08-20,601857,9.04,9.09,8.81,8.89,140532524.0
2024-08-21,000333,62.71,63.7,62.33,63.16,21187130.0
2024-08-21,510300,3.391,3.406,3.374,3.388,10553698.0
2024-08-21,510500,4.667,4.683,4.657,4.663,1320021.0
2024-08-21,511010,137.613,137.64,137.455,137.467,52970.0
2024-08-21,518880,5.514,5.549,5.512,5.537,2518755.0
2024-08-21,600036,33.3,33.43,32.82,33.24,378101.0
2024-08-21,600519,1420.0,1427.98,1415.69,1417.58,1509165.0
2024-08-21,600887,23.52,23.57,23.37,23.39,25367434.0
2024-08-21,600900,29.66,29.79,29.23,29.75,47190994.0
2024-08-21,600941,104.74,105.16,103.4,104.5,5123632.0
2024-08-21,601088,39.84,40.08,39.1,39.77,12976628.0
2024-08-21,601318,41.98,42.08,41.41,41.97,236174.0
2024-08-21,601398,6.35,6.36,6.25,6.3,3315883.0
2024-08-21,601857,8.84,8.93,8.8,8.93,84565539.0
2024-08-22,000333,63.13,64.49,62.72,64.09,24978743.0
2024-08-22,510300,3.39,3.395,3.371,3.379,12504794.0
2024-08-22,510500,4.665,4.673,4.598,4.607,4023252.0
2024-08-22,511010,137.668,137.745,137.501,137.743,21531.0
2024-08-22,518880,5.535,5.536,5.508,5.523,1917315.0
2024-08-22,600036,33.28,33.55,33.18,33.3,382864.0
2024-08-22,600519,1416.0,1420.0,1400.01,1410.05,1952729.0
2024-08-22,600887,23.5,23.61,23.0,23.03,45231995.0
2024-08-22,600900,29.7,30.3,29.69,30.24,77938021.0
2024-08-22,600941,104.33,105.58,104.2,105.55,6312452.0
2024-08-22,601088,39.77,40.07,39.51,39.93,10675390.0
2024-08-22,601318,41.96,42.25,41.64,41.71,304977.0
2024-08-22,601398,6.29,6.44,6.29,6.42,3502302.0
2024-08-22,601857,8.88,8.94,8.81,8.9,87891299.0
2024-08-23,000333,64.0,65.96,63.88,65.46,29047135.0
2024-08-23,510300,3.371,3.405,3.371,3.393,8203428.0
2024-08-23,510500,4.603,4.626,4.59,4.608,1584263.0
2024-08-23,511010,137.733,137.946,137.73,137.944,39433.0
2024-08-23,518880,5.504,5.513,5.493,5.504,1350030.0
2024-08-23,600036,33.27,33.85,33.07,33.7,465587.0
2024-08-23,600519,1408.0,1423.5,1406.12,1414.99,1532046.0
2024-08-23,600887,22.95,23.28,22.91,23.19,32922690.0
2024-08-23,600900,30.27,30.32,29.8,29.91,54611188.0
2024-08-23,600941,105.32,106.46,104.75,105.56,6841369.0
2024-08-23,601088,39.81,40.99,39.76,40.28,13291150.0
2024-08-23,601318,42.04,43.46,41.93,43.35,994234.0
2024-08-23,601398,6.42,6.48,6.35,6.46,2656574.0
2024-08-23,601857,8.92,9.09,8.86,8.93,95981506.0
2024-08-26,000333,65.94,66.65,64.9,66.32,33958151.0
2024-08-26,510300,3.395,3.407,3.378,3.394,14006799.0
2024-08-26,510500,4.612,4.635,4.596,4.613,1009724.0
2024-08-26,511010,137.94,138.0,137.819,137.946,31747.0
2024-08-26,518880,5.526,5.539,5.52,5.538,1438301.0
2024-08-26,600036,33.7,33.84,33.47,33.77,351175.0
2024-08-26,600519,1417.0,1423.86,1403.15,1412.0,1562841.0
2024-08-26,600887,23.18,23.24,22.76,22.84,38736535.0
2024-08-26,600900,29.91,30.05,29.48,29.82,49639581.0
2024-08-26,600941,105.46,106.49,104.81,106.05,6008757.0
2024-08-26,601088,40.35,40.55,39.81,40.35,11988715.0
2024-08-26,601318,43.46,43.64,43.05,43.35,475806.0
2024-08-26,601398,6.44,6.47,6.35,6.43,2673111.0
2024-08-26,601857,9.01,9.09,8.92,9.05,113732644.0
2024-08-27,000333,66.0,66.48,65.49,65.99,24113793.0
2024-08-27,510300,3.387,3.39,3.367,3.377,12142201.0
2024-08-27,510500,4.597,4.605,4.564,4.567,2339918.0
2024-08-27,511010,137.832,137.946,137.829,137.856,41563.0
2024-08-27,518880,5.528,5.542,5.515,5.534,1494040.0
2024-08-27,600036,33.77,33.94,33.53,33.7,387209.0
2024-08-27,600519,1412.0,1413.0,1401.11,1404.07,1365740.0
2024-08-27,600887,22.83,22.88,22.51,22.64,32885735.0
2024-08-27,600900,29.76,29.9,29.58,29.8,35060495.0
2024-08-27,600941,106.05,108.2,105.74,107.67,9200980.0
2024-08-27,601088,40.34,41.79,40.15,41.7,21791457.0
2024-08-27,601318,43.28,43.55,42.96,43.15,339647.0
2024-08-27,601398,6.42,6.55,6.41,6.53,3232496.0
2024-08-27,601857,9.11,9.35,9.05,9.32,217449974.0
2024-08-28,000333,65.98,66.15,64.57,64.93,26542959.0
2024-08-28,510300,3.37,3.377,3.345,3.357,19955803.0
2024-08-28,510500,4.566,4.605,4.555,4.568,2723424.0
2024-08-28,511010,137.835,137.906,137.77,137.901,48146.0
2024-08-28,518880,5.545,5.548,5.518,5.528,1521641.0
2024-08-28,600036,33.83,33.98,33.44,33.68,415232.0
2024-08-28,600519,1404.07,1406.0,1375.0,1389.0,3166351.0
2024-08-28,600887,22.6,22.69,22.06,22.25,49599752.0
2024-08-28,600900,29.79,30.1,29.7,29.82,49690215.0
2024-08-28,600941,107.5,108.02,106.5,107.7,5940583.0
2024-08-28,601088,41.53,42.18,41.05,41.41,15814204.0
2024-08-28,601318,43.24,43.38,42.93,43.19,348395.0
2024-08-28,601398,6.53,6.57,6.44,6.49,3147225.0
2024-08-28,601857,9.25,9.35,9.12,9.18,136048440.0
2024-08-29,000333,64.42,65.31,63.95,63.95,23285563.0
2024-08-29,510300,3.349,3.362,3.34,3.347,15082477.0
2024-08-29,510500,4.556,4.655,4.548,4.632,4365292.0
2024-08-29,511010,137.901,137.955,137.82,137.827,35408.0
2024-08-29,518880,5.539,5.548,5.534,5.535,1726464.0
2024-08-29,600036,33.59,33.77,32.9,32.93,516388.0
2024-08-29,600519,1380.0,1418.0,1380.0,1413.3,2747161.0
2024-08-29,600887,22.06,22.92,22.04,22.87,53097432.0
2024-08-29,600900,29.84,29.87,29.26,29.36,67603577.0
2024-08-29,600941,107.55,107.85,105.64,106.4,7366557.0
2024-08-29,601088,41.38,41.5,40.46,40.75,12686400.0
2024-08-29,601318,43.18,43.56,42.46,42.62,476945.0
2024-08-29,601398,6.48,6.49,6.2,6.22,5573147.0
2024-08-29,601857,9.14,9.16,8.84,8.9,145857294.0
2024-08-30,000333,63.48,65.81,63.38,64.75,33386334.0
2024-08-30,510300,3.342,3.423,3.342,3.392,17858998.0
2024-08-30,510500,4.628,4.787,4.624,4.712,6989480.0
2024-08-30,511010,137.852,137.878,137.664,137.785,32779.0
2024-08-30,518880,5.528,5.543,5.51,5.522,2139259.0
2024-08-30,600036,32.8,33.11,32.12,32.15,1112230.0
2024-08-30,600519,1413.0,1458.07,1405.0,1443.19,3873923.0
2024-08-30,600887,21.6,22.88,21.48,22.63,155260508.0
2024-08-30,600900,29.25,29.58,28.71,29.38,89849336.0
2024-08-30,600941,106.01,106.49,103.89,104.99,13134399.0
2024-08-30,601088,40.51,41.03,39.77,40.55,21526502.0
2024-08-30,601318,42.71,44.53,42.71,44.03,1100006.0
2024-08-30,601398,6.18,6.24,5.96,5.98,8807823.0
2024-08-30,601857,8.9,9.04,8.8,8.93,154953162.0
2024-09-02,000333,64.5,66.52,64.44,65.23,26075882.0
2024-09-02,510300,3.381,3.383,3.33,3.332,11333065.0
2024-09-02,510500,4.7,4.709,4.615,4.617,4362037.0
2024-09-02,511010,138.028,138.15,137.829,138.106,43363.0
2024-09-02,518880,5.505,5.505,5.477,5.491,1696703.0
2024-09-02,600036,32.0,32.38,31.84,31.93,558021.0
2024-09-02,600519,1430.0,1438.0,1395.0,1395.0,3413459.0
2024-09-02,600887,22.35,22.41,21.55,21.64,97330248.0
2024-09-02,600900,29.03,29.81,29.02,29.71,73329606.0
2024-09-02,600941,102.5,103.37,101.5,102.9,6908835.0
2024-09-02,601088,40.51,41.49,40.08,41.08,21124388.0
2024-09-02,601318,43.88,44.17,43.45,43.45,513171.0
2024-09-02,601398,5.9,6.0,5.88,5.94,5682402.0
2024-09-02,601857,8.85,9.07,8.7,9.01,145210793.0
2024-09-03,000333,65.01,66.48,65.0,65.97,24237888.0
2024-09-03,510300,3.33,3.352,3.328,3.344,12935523.0
2024-09-03,510500,4.616,4.69,4.615,4.666,2944586.0
2024-09-03,511010,138.157,138.29,138.059,138.289,42128.0
2024-09-03,518880,5.486,5.504,5.482,5.501,1367565.0
2024-09-03,600036,32.01,32.08,31.4,31.62,505752.0
2024-09-03,600519,1398.0,1414.98,1393.02,1410.0,1788760.0
2024-09-03,600887,21.65,22.27,21.53,22.21,76037505.0
2024-09-03,600900,29.65,29.79,29.05,29.11,66710788.0
2024-09-03,600941,102.95,103.48,101.85,103.19,7348128.0
2024-09-03,601088,41.08,41.75,39.8,40.18,19006283.0
2024-09-03,601318,43.61,43.62,43.08,43.21,368220.0
2024-09-03,601398,5.93,5.95,5.68,5.76,6486401.0
2024-09-03,601857,8.98,9.04,8.67,8.71,164742300.0
2024-09-04,000333,65.86,66.7,65.36,65.48,27499633.0
2024-09-04,510300,3.331,3.343,3.321,3.323,6803058.0
2024-09-04,510500,4.64,4.7,4.622,4.654,2212121.0
2024-09-04,511010,138.368,138.486,138.25,138.337,42708.0
2024-09-04,518880,5.479,5.492,5.461,5.463,1308662.0
2024-09-04,600036,31.53,31.93,31.35,31.36,380526.0
2024-09-04,600519,1402.0,1419.19,1399.74,1400.0,1421109.0
2024-09-04,600887,22.15,22.31,21.93,22.17,36187506.0
2024-09-04,600900,29.11,29.34,28.91,29.15,40153496.0
2024-09-04,600941,102.6,103.39,102.18,102.78,5486895.0
2024-09-04,601088,40.0,40.2,39.55,39.66,13262800.0
2024-09-04,601318,43.22,43.64,42.45,42.64,409949.0
2024-09-04,601398,5.72,5.78,5.66,5.71,3923314.0
2024-09-04,601857,8.49,8.49,8.17,8.25,234215259.0
2024-09-05,000333,64.95,65.4,63.48,63.59,43212322.0
2024-09-05,510300,3.326,3.34,3.32,3.33,16005558.0
2024-09-05,510500,4.68,4.708,4.655,4.675,1695282.0
2024-09-05,511010,138.408,138.498,138.408,138.423,34083.0
2024-09-05,518880,5.483,5.504,5.477,5.502,1302138.0
2024-09-05,600036,31.36,31.44,30.9,31.2,542063.0
2024-09-05,600519,1400.5,1407.0,1397.0,1404.88,1450295.0
2024-09-05,600887,22.12,22.57,22.12,22.52,39570729.0
2024-09-05,600900,29.16,29.28,28.92,29.12,37487408.0
2024-09-05,600941,103.36,103.5,101.0,101.66,7426604.0
2024-09-05,601088,39.63,40.06,38.61,38.72,25277785.0
2024-09-05,601318,42.63,43.51,42.61,43.42,466511.0
2024-09-05,601398,5.7,5.73,5.6,5.63,3835308.0
2024-09-05,601857,8.21,8.28,8.05,8.13,165342472.0
2024-09-06,000333,63.6,64.55,62.9,63.02,23320164.0
2024-09-06,510300,3.335,3.345,3.3,3.302,7933157.0
2024-09-06,510500,4.69,4.693,4.604,4.611,2268192.0
2024-09-06,511010,138.406,138.509,138.338,138.468,32606.0
2024-09-06,518880,5.51,5.526,5.507,5.517,1512680.0
2024-09-06,600036,31.25,31.74,31.2,31.25,383182.0
2024-09-06,600519,1405.0,1406.0,1398.0,1398.0,1032104.0
2024-09-06,600887,22.52,22.66,22.26,22.26,25958969.0
2024-09-06,600900,29.1,29.48,29.07,29.1,40053763.0
2024-09-06,600941,101.67,102.5,101.45,101.9,6026542.0
2024-09-06,601088,38.7,39.03,38.03,38.04,16940537.0
2024-09-06,601318,43.42,43.98,43.16,43.25,390258.0
2024-09-06,601398,5.63,5.73,5.62,5.64,2906968.0
2024-09-06,601857,8.11,8.21,8.04,8.04,111047936.0
2024-09-09,000333,61.35,62.2,60.68,61.09,54840638.0
2024-09-09,510300,3.292,3.296,3.25,3.261,10188971.0
2024-09-09,510500,4.6,4.62,4.561,4.578,1803374.0
2024-09-09,511010,138.468,138.719,138.468,138.541,10826.0
2024-09-09,518880,5.485,5.5,5.468,5.477,1672809.0
2024-09-09,600036,30.98,30.99,30.04,30.24,871073.0
2024-09-09,600519,1380.01,1393.71,1370.08,1375.0,2863755.0
2024-09-09,600887,22.35,22.56,21.98,22.07,37311152.0
2024-09-09,600900,29.23,29.43,29.06,29.35,63373236.0
2024-09-09,600941,101.6,102.49,100.01,100.26,7497566.0
2024-09-09,601088,38.0,38.04,36.62,37.22,26253998.0
2024-09-09,601318,43.08,43.25,42.55,42.68,401725.0
2024-09-09,601398,5.63,5.65,5.51,5.61,2821267.0
2024-09-09,601857,7.99,8.0,7.71,7.82,183015842.0
2024-09-10,000333,60.48,61.64,60.48,60.75,40111034.0
2024-09-10,510300,3.263,3.275,3.239,3.261,8666554.0
2024-09-10,510500,4.587,4.603,4.5,4.576,2775346.0
2024-09-10,511010,138.591,138.679,138.542,138.659,30735.0
2024-09-10,518880,5.512,5.517,5.505,5.513,1037638.0
2024-09-10,600036,30.25,30.43,29.94,30.19,476024.0
2024-09-10,600519,1370.02,1393.0,1370.02,1378.0,1980284.0
2024-09-10,600887,22.06,22.18,21.83,21.95,29810765.0
2024-09-10,600900,29.31,29.49,28.95,29.15,58004957.0
2024-09-10,600941,100.27,102.35,100.2,101.92,6995548.0
2024-09-10,601088,37.2,38.23,37.17,37.49,18615520.0
2024-09-10,601318,42.75,43.05,42.29,42.66,293656.0
2024-09-10,601398,5.61,5.72,5.6,5.67,3683432.0
2024-09-10,601857,7.85,7.95,7.82,7.9,125534650.0
2024-09-11,000333,60.52,62.08,59.7,61.66,41921762.0
2024-09-11,510300,3.253,3.267,3.241,3.254,7808902.0
2024-09-11,510500,4.556,4.604,4.549,4.588,1792621.0
2024-09-11,511010,138.66,138.883,138.657,138.866,24002.0
2024-09-11,518880,5.536,5.545,5.526,5.542,1293446.0
2024-09-11,600036,30.14,30.2,29.93,30.08,415794.0
2024-09-11,600519,1375.6,1385.88,1365.0,1380.0,2099577.0
2024-09-11,600887,21.88,22.29,21.7,22.23,32473434.0
2024-09-11,600900,29.15,29.15,27.65,27.8,143949737.0
2024-09-11,600941,101.92,102.18,99.22,99.42,9615901.0
2024-09-11,601088,37.2,37.28,35.95,36.74,24270652.0
2024-09-11,601318,42.64,42.92,42.37,42.52,274074.0
2024-09-11,601398,5.66,5.67,5.5,5.54,3597634.0
2024-09-11,601857,7.72,7.77,7.55,7.75,202397741.0
2024-09-12,000333,61.8,62.85,61.66,62.37,27616861.0
2024-09-12,510300,3.259,3.272,3.241,3.243,6423793.0
2024-09-12,510500,4.596,4.645,4.566,4.57,2424416.0
2024-09-12,511010,138.866,138.912,138.648,138.651,15217.0
2024-09-12,518880,5.528,5.537,5.52,5.531,1428733.0
2024-09-12,600036,30.1,30.5,29.94,30.23,410267.0
2024-09-12,600519,1380.0,1385.0,1334.91,1335.06,4794831.0
2024-09-12,600887,22.2,22.34,21.83,21.86,33996957.0
2024-09-12,600900,27.7,28.06,27.63,27.86,66219139.0
2024-09-12,600941,99.6,99.78,98.1,98.86,6518768.0
2024-09-12,601088,36.93,37.83,36.59,37.61,24260306.0
2024-09-12,601318,42.73,42.77,41.82,42.6,410839.0
2024-09-12,601398,5.51,5.56,5.45,5.54,2868536.0
2024-09-12,601857,7.73,7.87,7.69,7.84,133186801.0
2024-09-13,000333,62.05,63.78,61.59,63.51,32148994.0
2024-09-13,510300,3.245,3.257,3.227,3.228,8504681.0
2024-09-13,510500,4.574,4.583,4.52,4.522,1858175.0
2024-09-13,511010,138.79,138.888,138.748,138.845,14481.0
2024-09-13,518880,5.613,5.623,5.604,5.611,2184940.0
2024-09-13,600036,30.28,30.9,30.0,30.6,495974.0
2024-09-13,600519,1331.0,1332.0,1297.3,1304.13,5600511.0
2024-09-13,600887,21.78,21.85,21.32,21.57,43529132.0
2024-09-13,600900,27.86,28.5,27.82,28.3,80973210.0
2024-09-13,600941,98.8,100.7,98.78,100.25,7782451.0
2024-09-13,601088,37.5,38.19,37.5,37.85,14576499.0
2024-09-13,601318,42.56,43.4,42.5,42.89,344396.0
2024-09-13,601398,5.54,5.58,5.52,5.56,2340487.0
2024-09-13,601857,7.88,7.98,7.88,7.9,129717194.0
2024-09-18,000333,63.62,65.71,63.4,65.25,29502596.0
2024-09-18,510300,3.227,3.251,3.215,3.238,12254391.0
2024-09-18,510500,4.527,4.55,4.463,4.537,2100924.0
2024-09-18,511010,138.979,138.979,138.845,138.879,11386.0
2024-09-18,518880,5.621,5.626,5.602,5.609,2925414.0
2024-09-18,600036,30.61,31.2,30.61,31.11,418540.0
2024-09-18,600519,1300.0,1300.01,1266.66,1266.9,4618531.0
2024-09-18,600887,21.5,21.59,21.26,21.37,35434222.0
2024-09-18,600900,28.25,28.74,28.22,28.32,52623623.0
2024-09-18,600941,100.26,101.41,100.26,100.71,5039200.0
2024-09-18,601088,37.62,38.8,37.62,38.24,13342930.0
2024-09-18,601318,43.0,43.79,42.93,43.7,432638.0
2024-09-18,601398,5.57,5.68,5.57,5.68,2468394.0
2024-09-18,601857,7.91,8.1,7.91,8.06,117442201.0
2024-09-19,000333,62.3,65.73,62.3,65.28,47611503.0
2024-09-19,510300,3.243,3.286,3.216,3.265,16348870.0
2024-09-19,510500,4.546,4.644,4.506,4.6,4296814.0
2024-09-19,511010,138.905,138.92,138.655,138.695,26325.0
2024-09-19,518880,5.591,5.611,5.578,5.6,2540863.0
2024-09-19,600036,31.2,31.23,30.63,30.82,451191.0
2024-09-19,600519,1262.0,1292.88,1245.83,1261.0,5998821.0
2024-09-19,600887,21.44,22.27,21.13,22.04,72852346.0
2024-09-19,600900,28.37,28.43,27.84,28.33,69799705.0
2024-09-19,600941,100.75,100.84,99.66,99.92,6878554.0
2024-09-19,601088,38.44,38.44,37.05,38.0,23297289.0
2024-09-19,601318,43.72,44.1,43.32,44.03,466500.0
2024-09-19,601398,5.69,5.71,5.58,5.65,2809968.0
2024-09-19,601857,7.9,7.9,7.7,7.85,115368818.0
2024-09-20,000333,64.91,66.3,64.76,66.06,39801250.0
2024-09-20,510300,3.258,3.279,3.239,3.274,23065620.0
2024-09-20,510500,4.585,4.59,4.542,4.568,2651260.0
2024-09-20,511010,138.737,138.819,138.726,138.794,26995.0
2024-09-20,518880,5.619,5.665,5.618,5.663,1713524.0
2024-09-20,600036,30.82,31.11,30.66,30.94,487418.0
2024-09-20,600519,1261.5,1273.9,1250.03,1263.92,3998184.0
2024-09-20,600887,22.0,22.1,21.76,21.98,37687311.0
2024-09-20,600900,28.18,28.32,27.84,28.15,82295178.0
2024-09-20,600941,99.9,101.45,98.96,101.4,6413727.0
2024-09-20,601088,37.95,38.68,37.83,38.5,21632796.0
2024-09-20,601318,43.98,44.29,43.74,44.15,532924.0
2024-09-20,601398,5.66,5.69,5.62,5.67,2828323.0
2024-09-20,601857,7.89,8.01,7.83,7.91,133488080.0
2024-09-23,000333,66.46,67.89,66.2,67.6,39162141.0
2024-09-23,510300,3.269,3.3,3.263,3.283,8973165.0
2024-09-23,510500,4.559,4.623,4.55,4.567,2503894.0
2024-09-23,511010,138.828,138.905,138.806,138.824,20696.0
2024-09-23,518880,5.685,5.725,5.684,5.711,2380928.0
2024-09-23,600036,30.85,31.49,30.84,31.39,344609.0
2024-09-23,600519,1268.0,1293.5,1260.66,1261.54,4554969.0
2024-09-23,600887,21.98,22.38,21.84,21.89,35847923.0
2024-09-23,600900,28.15,28.43,27.98,28.2,47904951.0
2024-09-23,600941,100.96,101.7,100.86,101.05,5394560.0
2024-09-23,601088,38.33,39.49,38.21,39.1,16307843.0
2024-09-23,601318,44.13,44.4,43.86,44.09,295240.0
2024-09-23,601398,5.66,5.74,5.62,5.72,2270377.0
2024-09-23,601857,7.91,8.09,7.86,8.01,96586603.0
2024-09-24,000333,67.6,68.25,66.2,68.04,50090152.0
2024-09-24,510300,3.314,3.429,3.293,3.427,39185162.0
2024-09-24,510500,4.62,4.78,4.579,4.779,8622586.0
2024-09-24,511010,138.906,138.968,138.515,138.672,23423.0
2024-09-24,518880,5.723,5.732,5.689,5.697,3231087.0
2024-09-24,600036,31.68,33.14,31.67,33.13,1361218.0
2024-09-24,600519,1285.09,1373.0,1265.09,1372.6,10041281.0
2024-09-24,600887,22.3,23.29,22.03,23.25,111473852.0
2024-09-24,600900,28.43,28.88,28.07,28.76,106478651.0
2024-09-24,600941,101.4,104.9,100.88,104.19,11769792.0
2024-09-24,601088,39.7,41.19,39.25,41.18,34169835.0
2024-09-24,601318,44.6,46.5,44.47,46.5,1208992.0
2024-09-24,601398,5.75,6.0,5.73,6.0,6052049.0
2024-09-24,601857,8.11,8.37,8.04,8.36,183936323.0
2024-09-25,000333,68.21,71.5,68.21,70.11,62766129.0
2024-09-25,510300,3.489,3.544,3.467,3.474,32373469.0
2024-09-25,510500,4.85,4.929,4.801,4.813,7069312.0
2024-09-25,511010,138.455,139.04,138.302,138.997,17573.0
2024-09-25,518880,5.724,5.771,5.724,5.74,2806564.0
2024-09-25,600036,33.85,34.49,33.7,34.15,1856243.0
2024-09-25,600519,1400.05,1427.0,1396.71,1399.0,7395380.0
2024-09-25,600887,23.7,24.05,23.49,23.53,98951381.0
2024-09-25,600900,28.92,29.64,28.83,28.93,118176242.0
2024-09-25,600941,104.99,108.0,103.56,103.9,12272228.0
2024-09-25,601088,42.0,42.9,41.39,41.78,29689657.0
2024-09-25,601318,47.6,48.2,47.25,47.36,1382985.0
2024-09-25,601398,6.09,6.22,5.97,6.04,6298208.0
2024-09-25,601857,8.51,8.66,8.37,8.4,212473516.0
2024-09-26,000333,70.0,73.68,69.79,73.56,50134212.0
2024-09-26,510300,3.468,3.643,3.467,3.64,44429621.0
2024-09-26,510500,4.795,5.067,4.794,5.061,11789570.0
2024-09-26,511010,139.141,139.141,138.83,138.89,18483.0
2024-09-26,518880,5.76,5.765,5.74,5.751,3061378.0
2024-09-26,600036,34.16,35.38,33.91,35.38,1745330.0
2024-09-26,600519,1399.96,1529.87,1396.0,1529.0,9727806.0
2024-09-26,600887,23.7,25.58,23.55,25.52,154543271.0
2024-09-26,600900,29.04,29.13,28.71,29.13,114316343.0
2024-09-26,600941,103.9,105.0,103.31,104.93,11274690.0
2024-09-26,601088,42.0,42.77,41.53,42.73,28172620.0
2024-09-26,601318,47.59,50.44,47.2,50.42,1637653.0
2024-09-26,601398,6.04,6.21,6.0,6.2,5216744.0
2024-09-26,601857,8.3,8.45,8.25,8.39,295752968.0
2024-09-27,000333,74.75,76.4,71.15,73.0,85744787.0
2024-09-27,510300,3.7,3.933,3.67,3.869,25594612.0
2024-09-27,510500,5.143,5.566,5.105,5.493,6199223.0
2024-09-27,511010,138.68,138.68,138.201,138.31,9873.0
2024-09-27,518880,5.751,5.764,5.698,5.708,1662631.0
2024-09-27,600036,36.11,36.5,34.91,35.63,745458.0
2024-09-27,600519,1600.0,1629.2,1565.36,1629.2,8792167.0
2024-09-27,600887,26.83,27.8,26.67,27.6,161521611.0
2024-09-27,600900,29.23,29.23,28.06,28.99,188703666.0
2024-09-27,600941,104.99,105.3,101.37,104.29,27837739.0
2024-09-27,601088,43.51,43.51,41.5,41.81,24452686.0
2024-09-27,601318,51.9,52.16,50.7,51.9,1394877.0
2024-09-27,601398,6.25,6.34,5.92,6.01,6872093.0
2024-09-27,601857,8.39,8.4,8.28,8.38,179409373.0
2024-09-30,000333,73.16,76.9,72.03,76.06,125166492.0
2024-09-30,510300,4.007,4.24,3.876,4.233,63702341.0
2024-09-30,510500,5.789,6.042,5.501,5.995,19862373.0
2024-09-30,511010,137.0,137.888,135.65,137.844,29722.0
2024-09-30,518880,5.644,5.717,5.63,5.707,3992244.0
2024-09-30,600036,36.35,38.0,35.92,37.61,2561013.0
2024-09-30,600519,1692.0,1759.88,1652.0,1748.0,15729341.0
2024-09-30,600887,28.85,29.58,27.95,29.07,254117343.0
2024-09-30,600900,28.83,30.5,28.61,30.05,396078494.0
2024-09-30,600941,105.01,111.8,103.61,109.7,49796181.0
2024-09-30,601088,42.32,44.97,41.2,43.6,95933756.0
2024-09-30,601318,54.48,57.09,54.4,57.09,2621254.0
2024-09-30,601398,6.01,6.31,5.83,6.18,16161742.0
2024-09-30,601857,8.53,9.17,8.53,9.02,540926189.0
2024-10-08,000333,83.67,83.67,78.73,80.19,135239267.0
2024-10-08,510300,4.656,4.656,4.208,4.412,86298224.0
2024-10-08,510500,6.595,6.595,5.996,6.246,25698267.0
2024-10-08,511010,137.049,138.102,137.049,137.79,18848.0
2024-10-08,518880,5.682,5.757,5.681,5.714,4465460.0
2024-10-08,600036,41.37,41.37,38.82,40.0,2973039.0
2024-10-08,600519,1910.0,1910.0,1680.18,1723.0,19470947.0
2024-10-08,600887,31.96,31.96,28.19,28.96,282099427.0
2024-10-08,600900,32.01,32.28,28.88,29.22,462356540.0
2024-10-08,600941,118.01,119.0,106.71,110.14,45017988.0
2024-10-08,601088,47.1,47.5,40.77,42.44,118468401.0
2024-10-08,601318,62.8,62.8,59.1,61.73,3961043.0
2024-10-08,601398,6.5,6.66,6.04,6.12,16882262.0
2024-10-08,601857,9.92,9.92,8.9,9.34,642985322.0
2024-10-09,000333,78.4,79.32,74.02,75.01,89550113.0
2024-10-09,510300,4.285,4.285,4.005,4.022,54091966.0
2024-10-09,510500,6.041,6.184,5.771,5.863,13624744.0
2024-10-09,511010,137.909,138.5,137.801,138.07,24818.0
2024-10-09,518880,5.67,5.679,5.636,5.64,3691504.0
2024-10-09,600036,39.7,39.72,37.01,37.01,1855932.0
2024-10-09,600519,1700.0,1700.0,1590.0,1595.15,12019684.0
2024-10-09,600887,28.5,28.5,26.53,26.53,171097455.0
2024-10-09,600900,28.98,29.39,28.22,28.55,266925415.0
2024-10-09,600941,108.5,110.0,105.7,106.62,25177754.0
2024-10-09,601088,41.92,42.53,40.32,40.35,58165757.0
2024-10-09,601318,60.0,60.0,55.65,55.7,2855096.0
2024-10-09,601398,6.06,6.17,5.98,6.04,10090718.0
2024-10-09,601857,9.1,9.13,8.45,8.45,444901825.0
2024-10-10,000333,75.95,79.38,75.87,78.3,67303399.0
2024-10-10,510300,4.07,4.185,3.999,4.086,37790001.0
2024-10-10,510500,5.87,5.987,5.699,5.789,7292272.0
2024-10-10,511010,138.02,138.48,138.002,138.398,13708.0
2024-10-10,518880,5.647,5.678,5.642,5.676,1902586.0
2024-10-10,600036,37.4,39.5,37.4,38.73,1433298.0
2024-10-10,600519,1622.26,1668.08,1591.0,1640.0,7460342.0
2024-10-10,600887,26.6,28.48,26.6,27.62,140625722.0
2024-10-10,600900,28.6,29.83,28.59,29.18,262428403.0
2024-10-10,600941,106.62,111.5,106.58,108.8,25762477.0
2024-10-10,601088,40.5,43.76,40.5,42.95,75539975.0
2024-10-10,601318,56.63,60.59,56.31,58.5,2226730.0
2024-10-10,601398,6.05,6.4,6.04,6.27,10915281.0
2024-10-10,601857,8.47,9.01,8.47,8.74,393485553.0
2024-10-11,000333,78.0,78.23,75.9,76.77,38060178.0
2024-10-11,510300,4.057,4.06,3.923,3.977,40900777.0
2024-10-11,510500,5.732,5.752,5.485,5.556,7865974.0
2024-10-11,511010,138.485,138.579,138.35,138.47,33894.0
2024-10-11,518880,5.715,5.758,5.715,5.739,2579209.0
2024-10-11,600036,38.73,39.22,38.03,38.43,903476.0
2024-10-11,600519,1615.4,1639.96,1590.0,1604.99,4191471.0
2024-10-11,600887,27.63,28.07,27.0,27.35,83716740.0
2024-10-11,600900,29.2,29.75,29.0,29.21,142589633.0
2024-10-11,600941,108.0,110.0,106.9,108.57,18020089.0
2024-10-11,601088,43.15,44.05,42.0,42.6,51444614.0
2024-10-11,601318,57.8,59.86,57.03,57.54,1312124.0
2024-10-11,601398,6.25,6.39,6.2,6.27,5299528.0
2024-10-11,601857,8.85,8.89,8.63,8.7,251485177.0
2024-10-14,000333,77.03,79.29,76.6,79.0,46282832.0
2024-10-14,510300,3.987,4.06,3.946,4.04,31049317.0
2024-10-14,510500,5.57,5.717,5.491,5.693,7598652.0
2024-10-14,511010,138.484,138.58,138.42,138.448,32374.0
2024-10-14,518880,5.77,5.806,5.751,5.799,3164053.0
2024-10-14,600036,39.01,39.8,38.69,39.33,1292938.0
2024-10-14,600519,1613.0,1620.63,1581.17,1601.99,4481202.0
2024-10-14,600887,27.32,27.49,26.61,27.36,86451489.0
2024-10-14,600900,29.22,29.55,29.1,29.35,144701436.0
2024-10-14,600941,107.94,111.7,107.94,110.8,18497871.0
2024-10-14,601088,42.4,43.55,41.92,42.67,34966984.0
2024-10-14,601318,58.39,59.24,57.55,58.67,1177738.0
2024-10-14,601398,6.32,6.5,6.32,6.47,7899211.0
2024-10-14,601857,8.7,8.84,8.62,8.75,221455125.0
2024-10-15,000333,79.0,79.0,76.0,76.0,37583316.0
2024-10-15,510300,4.014,4.046,3.927,3.931,26138707.0
2024-10-15,510500,5.655,5.75,5.54,5.551,7531380.0
2024-10-15,511010,138.489,138.489,138.429,138.484,32637.0
2024-10-15,518880,5.776,5.802,5.773,5.799,2712116.0
2024-10-15,600036,39.17,39.99,38.5,38.5,955977.0
2024-10-15,600519,1599.0,1600.99,1553.01,1554.25,4357143.0
2024-10-15,600887,27.2,27.34,26.5,26.5,66305344.0
2024-10-15,600900,29.3,29.39,28.88,28.88,117112841.0
2024-10-15,600941,110.5,110.68,107.58,107.64,13333402.0
2024-10-15,601088,42.64,42.98,41.81,41.81,26721364.0
2024-10-15,601318,58.58,59.28,57.09,57.19,1027900.0
2024-10-15,601398,6.43,6.45,6.26,6.26,4927692.0
2024-10-15,601857,8.58,8.61,8.42,8.43,225516656.0
2024-10-16,000333,74.7,75.5,73.73,75.24,34282949.0
2024-10-16,510300,3.891,3.96,3.882,3.906,21611196.0
2024-10-16,510500,5.497,5.644,5.487,5.546,5724795.0
2024-10-16,511010,138.534,138.547,138.467,138.503,46099.0
2024-10-16,518880,5.853,5.886,5.837,5.884,4401832.0
2024-10-16,600036,38.15,39.5,38.13,39.5,1012548.0
2024-10-16,600519,1540.88,1549.8,1510.0,1522.5,4666440.0
2024-10-16,600887,26.19,26.52,26.01,26.15,46436595.0
2024-10-16,600900,28.8,29.32,28.61,28.71,127230016.0
2024-10-16,600941,107.13,108.31,106.47,107.09,8398258.0
2024-10-16,601088,41.68,42.13,41.27,41.53,21012405.0
2024-10-16,601318,56.78,57.83,56.61,57.38,855016.0
2024-10-16,601398,6.23,6.4,6.22,6.36,4146146.0
2024-10-16,601857,8.4,8.5,8.32,8.42,166912034.0
2024-10-17,000333,75.24,75.53,72.9,73.08,39437630.0
2024-10-17,510300,3.93,3.96,3.862,3.863,29354356.0
2024-10-17,510500,5.576,5.633,5.5,5.502,6486966.0
2024-10-17,511010,138.506,138.7,138.427,138.691,52197.0
2024-10-17,518880,5.891,5.912,5.887,5.905,3566037.0
2024-10-17,600036,39.53,39.79,38.49,38.49,848922.0
2024-10-17,600519,1537.0,1537.66,1493.41,1494.6,3945955.0
2024-10-17,600887,26.33,26.33,25.52,25.52,58959484.0
2024-10-17,600900,28.73,28.79,28.3,28.3,112093819.0
2024-10-17,600941,107.77,107.9,105.46,105.64,10014954.0
2024-10-17,601088,41.58,42.47,40.97,40.99,21766350.0
2024-10-17,601318,57.9,58.8,56.97,57.0,783575.0
2024-10-17,601398,6.35,6.4,6.29,6.29,3280813.0
2024-10-17,601857,8.41,8.59,8.35,8.35,179804141.0
2024-10-18,000333,73.08,76.2,72.65,75.01,42785106.0
2024-10-18,510300,3.858,4.118,3.846,4.016,36209179.0
2024-10-18,510500,5.505,5.931,5.497,5.737,11392536.0
2024-10-18,511010,138.76,138.78,138.397,138.537,72249.0
2024-10-18,518880,5.961,5.984,5.91,5.945,5704443.0
2024-10-18,600036,38.51,39.43,38.21,39.05,928194.0
2024-10-18,600519,1493.0,1567.84,1478.96,1541.0,6861930.0
2024-10-18,600887,25.48,26.83,25.28,26.4,91164566.0
2024-10-18,600900,28.32,28.67,28.03,28.43,149181606.0
2024-10-18,600941,105.62,108.17,105.07,107.1,12989301.0
2024-10-18,601088,41.05,42.4,40.86,41.98,36328052.0
2024-10-18,601318,56.08,58.35,54.75,57.18,1494662.0
2024-10-18,601398,6.29,6.36,6.21,6.32,5144522.0
2024-10-18,601857,8.39,8.6,8.35,8.54,240218341.0
2024-10-21,000333,75.35,75.98,73.28,74.08,34322896.0
2024-10-21,510300,4.017,4.06,3.98,4.016,25293364.0
2024-10-21,510500,5.761,5.891,5.718,5.793,6958180.0
2024-10-21,511010,138.537,138.586,138.424,138.519,34468.0
2024-10-21,518880,5.995,6.021,5.978,6.02,3822244.0
2024-10-21,600036,39.15,39.15,38.5,38.85,717539.0
2024-10-21,600519,1541.21,1549.97,1521.21,1528.8,4200790.0
2024-10-21,600887,26.48,26.68,26.01,26.21,68712557.0
2024-10-21,600900,28.36,28.36,27.85,27.96,139628417.0
2024-10-21,600941,107.11,107.13,105.38,106.3,15625260.0
2024-10-21,601088,41.92,42.45,41.1,41.32,34904069.0
2024-10-21,601318,57.4,57.47,56.18,56.9,875313.0
2024-10-21,601398,6.29,6.29,6.14,6.16,5684649.0
2024-10-21,601857,8.5,8.59,8.41,8.46,229254626.0
2024-10-22,000333,74.35,76.96,74.14,76.5,40405973.0
2024-10-22,510300,4.002,4.046,4.001,4.04,16669245.0
2024-10-22,510500,5.78,5.869,5.759,5.846,4319804.0
2024-10-22,511010,138.515,138.55,138.3,138.325,17004.0
2024-10-22,518880,6.018,6.027,6.004,6.018,2670721.0
2024-10-22,600036,38.84,39.6,38.75,39.17,600526.0
2024-10-22,600519,1526.56,1560.18,1524.2,1543.0,3626913.0
2024-10-22,600887,26.17,26.84,26.12,26.61,60718114.0
2024-10-22,600900,27.96,28.36,27.83,28.08,104063225.0
2024-10-22,600941,105.43,105.56,103.8,104.38,21340815.0
2024-10-22,601088,41.33,41.67,41.04,41.44,25286520.0
2024-10-22,601318,56.8,58.2,56.58,57.06,846011.0
2024-10-22,601398,6.17,6.21,6.11,6.14,4312715.0
2024-10-22,601857,8.46,8.51,8.43,8.46,167043506.0
2024-10-23,000333,76.6,77.78,76.0,76.38,26831280.0
2024-10-23,510300,4.04,4.097,4.021,4.055,22666292.0
2024-10-23,510500,5.846,5.956,5.819,5.869,4872250.0
2024-10-23,511010,138.285,138.322,138.066,138.186,44680.0
2024-10-23,518880,6.042,6.058,6.02,6.056,3546700.0
2024-10-23,600036,39.06,39.94,39.02,39.66,627100.0
2024-10-23,600519,1544.11,1576.95,1532.0,1567.5,4008846.0
2024-10-23,600887,26.67,27.32,26.45,27.01,69159218.0
2024-10-23,600900,28.08,28.33,28.0,28.06,90280066.0
2024-10-23,600941,104.38,105.0,103.88,104.35,12212175.0
2024-10-23,601088,41.38,41.64,40.88,41.05,29019434.0
2024-10-23,601318,57.2,59.3,56.9,58.31,1191927.0
2024-10-23,601398,6.14,6.16,6.11,6.14,3068545.0
2024-10-23,601857,8.5,8.53,8.43,8.48,195556524.0
2024-10-24,000333,76.11,76.46,75.3,75.64,17108673.0
2024-10-24,510300,4.038,4.042,3.993,4.011,15982487.0
2024-10-24,510500,5.838,5.852,5.783,5.818,3521886.0
2024-10-24,511010,138.199,138.324,138.199,138.24,40460.0
2024-10-24,518880,6.0,6.005,5.958,5.995,3509821.0
2024-10-24,600036,39.55,39.68,39.14,39.31,336312.0
2024-10-24,600519,1561.0,1575.0,1545.01,1552.2,2392280.0
2024-10-24,600887,26.87,26.99,26.4,26.52,38722063.0
2024-10-24,600900,28.06,28.13,27.75,28.0,78386191.0
2024-10-24,600941,103.79,103.79,101.65,102.22,20944594.0
2024-10-24,601088,41.05,41.46,40.76,41.29,22810370.0
2024-10-24,601318,57.9,58.48,57.63,58.1,512730.0
2024-10-24,601398,6.13,6.2,6.12,6.16,2887895.0
2024-10-24,601857,8.46,8.47,8.38,8.45,97837261.0
2024-10-25,000333,75.42,75.86,74.77,75.27,21057289.0
2024-10-25,510300,4.012,4.078,4.003,4.04,16852658.0
2024-10-25,510500,5.828,5.945,5.821,5.907,3873432.0
2024-10-25,511010,138.241,138.25,138.169,138.228,48924.0
2024-10-25,518880,5.994,5.999,5.982,5.998,2800089.0
2024-10-25,600036,39.25,39.49,39.06,39.1,447931.0
2024-10-25,600519,1547.0,1574.79,1546.01,1558.85,2774508.0
2024-10-25,600887,26.45,26.95,26.4,26.68,39039888.0
2024-10-25,600900,28.0,28.08,27.41,27.54,150718465.0
2024-10-25,600941,102.01,102.58,101.33,101.93,16123408.0
2024-10-25,601088,41.29,41.37,40.81,40.93,19106601.0
2024-10-25,601318,58.01,58.48,57.56,57.7,539445.0
2024-10-25,601398,6.15,6.17,6.1,6.12,2845290.0
2024-10-25,601857,8.41,8.45,8.38,8.39,121897008.0
2024-10-28,000333,75.49,75.58,74.01,74.87,28059096.0
2024-10-28,510300,4.035,4.047,4.0,4.046,13963081.0
2024-10-28,510500,5.9,5.978,5.876,5.975,5321029.0
2024-10-28,511010,138.276,138.328,138.232,138.255,31677.0
2024-10-28,518880,5.986,6.03,5.985,6.017,2905284.0
2024-10-28,600036,39.01,39.1,38.28,38.52,664641.0
2024-10-28,600519,1560.0,1565.0,1522.23,1565.0,3912140.0
2024-10-28,600887,26.73,27.21,26.55,27.12,52172036.0
2024-10-28,600900,27.54,27.54,27.16,27.54,117784905.0
2024-10-28,600941,101.88,102.33,101.4,102.29,11623270.0
2024-10-28,601088,41.34,42.0,40.86,41.1,35549328.0
2024-10-28,601318,57.78,58.06,57.08,57.5,578810.0
2024-10-28,601398,6.11,6.11,6.03,6.07,3295364.0
2024-10-28,601857,8.33,8.37,8.18,8.37,226008481.0
2024-10-29,000333,74.61,75.5,73.8,74.07,29727177.0
2024-10-29,510300,4.05,4.079,4.003,4.013,17946282.0
2024-10-29,510500,5.99,6.013,5.896,5.916,6047604.0
2024-10-29,511010,138.282,138.399,138.27,138.392,17659.0
2024-10-29,518880,6.036,6.069,6.036,6.068,3164390.0
2024-10-29,600036,38.6,39.1,38.41,38.6,514682.0
2024-10-29,600519,1560.0,1580.0,1530.0,1531.62,4116578.0
2024-10-29,600887,27.32,27.56,26.5,26.52,62025002.0
2024-10-29,600900,27.54,28.03,27.35,27.71,131188363.0
2024-10-29,600941,102.37,102.68,101.0,102.2,16492850.0
2024-10-29,601088,41.03,41.37,40.59,40.98,27675361.0
2024-10-29,601318,57.5,58.46,57.44,57.63,620100.0
2024-10-29,601398,6.07,6.11,6.05,6.06,2938607.0
2024-10-29,601857,8.29,8.33,8.2,8.2,159037556.0
2024-10-30,000333,73.7,74.35,72.12,72.75,40413734.0
2024-10-30,510300,4.001,4.011,3.945,3.971,18128591.0
2024-10-30,510500,5.899,5.967,5.866,5.934,6930217.0
2024-10-30,511010,138.6,138.6,138.376,138.435,19408.0
2024-10-30,518880,6.111,6.146,6.104,6.14,3881150.0
2024-10-30,600036,38.51,38.9,37.61,37.88,703408.0
2024-10-30,600519,1525.0,1551.19,1523.41,1532.0,3200574.0
2024-10-30,600887,26.47,26.73,26.29,26.44,40693993.0
2024-10-30,600900,27.72,27.89,27.45,27.71,101259892.0
2024-10-30,600941,101.91,102.45,101.62,102.18,9243335.0
2024-10-30,601088,40.88,41.22,40.11,40.44,24195808.0
2024-10-30,601318,57.49,57.91,55.68,55.97,907479.0
2024-10-30,601398,6.05,6.08,6.0,6.01,3054120.0
2024-10-30,601857,8.2,8.25,8.08,8.11,158425431.0
2024-10-31,000333,72.97,73.69,71.1,71.42,50046867.0
2024-10-31,510300,3.969,4.007,3.938,3.971,17636493.0
2024-10-31,510500,5.926,6.045,5.902,6.0,6242413.0
2024-10-31,511010,138.441,138.442,138.345,138.424,16582.0
2024-10-31,518880,6.14,6.14,6.102,6.103,3637245.0
2024-10-31,600036,37.8,37.99,36.91,37.36,850393.0
2024-10-31,600519,1532.15,1540.0,1520.0,1527.79,2995735.0
2024-10-31,600887,27.25,28.14,27.25,27.91,164294761.0
2024-10-31,600900,27.98,28.01,27.42,27.58,121903136.0
2024-10-31,600941,102.12,103.14,102.12,102.65,12874888.0
2024-10-31,601088,40.31,40.53,39.5,40.04,26452128.0
2024-10-31,601318,55.96,56.8,55.4,55.92,757630.0
2024-10-31,601398,6.04,6.1,6.01,6.04,3052880.0
2024-10-31,601857,8.13,8.16,8.06,8.1,128310150.0
2024-11-01,000333,71.44,73.0,70.38,72.25,41651482.0
2024-11-01,510300,3.964,4.018,3.961,3.979,18177560.0
2024-11-01,510500,5.991,6.027,5.896,5.946,3911259.0
2024-11-01,511010,138.528,138.635,138.477,138.631,10652.0
2024-11-01,518880,6.017,6.068,6.017,6.051,3157902.0
2024-11-01,600036,37.44,38.3,37.38,38.01,703102.0
2024-11-01,600519,1521.0,1545.13,1520.8,1533.75,3228392.0
2024-11-01,600887,27.77,28.5,27.66,28.3,107880435.0
2024-11-01,600900,27.51,28.0,27.39,27.98,121360771.0
2024-11-01,600941,102.5,103.68,102.19,103.4,13061678.0
2024-11-01,601088,40.03,41.44,40.03,41.07,35744209.0
2024-11-01,601318,56.15,57.0,56.0,56.15,650139.0
2024-11-01,601398,6.04,6.15,6.03,6.15,4512379.0
2024-11-01,601857,8.13,8.38,8.11,8.3,280524659.0
2024-11-04,000333,72.14,73.37,71.7,72.84,23231578.0
2024-11-04,510300,3.982,4.034,3.971,4.032,12493144.0
2024-11-04,510500,5.946,6.035,5.942,6.033,2684838.0
2024-11-04,511010,138.692,138.713,138.63,138.69,14599.0
2024-11-04,518880,6.011,6.023,5.988,6.006,3206472.0
2024-11-04,600036,38.1,38.75,37.41,38.75,646612.0
2024-11-04,600519,1544.93,1550.0,1528.06,1548.2,2909292.0
2024-11-04,600887,28.41,28.86,28.26,28.83,80682880.0
2024-11-04,600900,27.98,27.99,27.61,27.9,90600962.0
2024-11-04,600941,103.45,103.74,102.0,102.82,10579384.0
2024-11-04,601088,41.12,41.16,40.3,40.75,24267301.0
2024-11-04,601318,56.17,56.97,55.93,56.97,530740.0
2024-11-04,601398,6.15,6.15,6.05,6.13,3180605.0
2024-11-04,601857,8.31,8.34,8.13,8.2,194985482.0
2024-11-05,000333,72.5,73.48,71.21,73.13,41696728.0
2024-11-05,510300,4.024,4.139,4.01,4.137,27630144.0
2024-11-05,510500,6.034,6.24,6.004,6.216,5750979.0
2024-11-05,511010,138.674,138.728,138.626,138.678,22315.0
2024-11-05,518880,6.003,6.008,5.967,6.006,3465225.0
2024-11-05,600036,38.43,39.1,38.4,39.08,628745.0
2024-11-05,600519,1540.0,1577.7,1536.01,1576.99,4564047.0
2024-11-05,600887,28.6,29.09,28.54,29.07,77161137.0
2024-11-05,600900,27.81,27.94,27.72,27.86,130938756.0
2024-11-05,600941,102.39,102.85,102.06,102.85,17055123.0
2024-11-05,601088,40.65,41.05,40.43,41.03,23237996.0
2024-11-05,601318,56.82,58.88,56.28,58.75,1201144.0
2024-11-05,601398,6.1,6.15,6.09,6.15,3125108.0
2024-11-05,601857,8.2,8.29,8.14,8.28,203694483.0
2024-11-06,000333,73.14,73.14,70.97,71.17,52593143.0
2024-11-06,510300,4.137,4.18,4.085,4.111,21734248.0
2024-11-06,510500,6.22,6.307,6.18,6.223,5013235.0
2024-11-06,511010,138.683,138.8,138.683,138.729,10041.0
2024-11-06,518880,6.028,6.062,5.973,5.994,5310282.0
2024-11-06,600036,39.0,39.08,38.15,38.56,648336.0
2024-11-06,600519,1575.0,1588.99,1561.22,1571.0,3763143.0
2024-11-06,600887,29.03,29.25,28.62,28.9,64577212.0
2024-11-06,600900,27.83,27.9,27.46,27.5,138088740.0
2024-11-06,600941,102.54,102.94,102.03,102.23,14555037.0
2024-11-06,601088,41.05,41.48,40.24,40.33,33610454.0
2024-11-06,601318,58.89,59.05,56.95,57.49,1262518.0
2024-11-06,601398,6.13,6.15,6.07,6.09,3450231.0
2024-11-06,601857,8.23,8.4,8.22,8.26,237345722.0
2024-11-07,000333,70.35,72.1,69.89,72.1,54774602.0
2024-11-07,510300,4.08,4.25,4.076,4.248,27887189.0
2024-11-07,510500,6.19,6.35,6.17,6.343,4380400.0
2024-11-07,511010,138.757,138.88,138.757,138.849,20181.0
2024-11-07,518880,5.865,5.881,5.857,5.86,4971911.0
2024-11-07,600036,38.42,39.58,38.38,39.57,743472.0
2024-11-07,600519,1562.46,1653.5,1562.3,1649.14,7473872.0
2024-11-07,600887,28.86,30.2,28.77,30.2,112991685.0
2024-11-07,600900,27.4,27.85,27.39,27.83,133033377.0
2024-11-07,600941,101.99,102.86,101.51,102.86,15358704.0
2024-11-07,601088,40.33,40.83,40.12,40.81,29915784.0
2024-11-07,601318,57.0,61.0,56.9,60.84,1864263.0
2024-11-07,601398,6.08,6.15,6.06,6.15,3794488.0
2024-11-07,601857,8.22,8.35,8.16,8.35,244681060.0
2024-11-08,000333,72.66,73.76,71.1,72.58,59337382.0
2024-11-08,510300,4.282,4.29,4.178,4.194,28080232.0
2024-11-08,510500,6.401,6.438,6.305,6.326,5623583.0
2024-11-08,511010,138.731,138.905,138.731,138.902,44914.0
2024-11-08,518880,5.925,5.936,5.888,5.898,5441984.0
2024-11-08,600036,39.68,39.85,38.75,38.8,745368.0
2024-11-08,600519,1660.89,1667.11,1601.01,1609.97,6077120.0
2024-11-08,600887,30.33,30.47,29.68,30.13,80348332.0
2024-11-08,600900,27.84,27.96,27.53,27.62,119023483.0
2024-11-08,600941,102.86,103.44,102.0,102.81,16620841.0
2024-11-08,601088,40.81,41.38,39.87,40.19,40189144.0
2024-11-08,601318,61.2,61.49,59.01,59.12,1322990.0
2024-11-08,601398,6.15,6.17,6.1,6.11,3300424.0
2024-11-08,601857,8.35,8.39,8.22,8.25,206159231.0
2024-11-11,000333,71.23,71.84,70.82,71.6,44207913.0
2024-11-11,510300,4.152,4.219,4.13,4.215,23043651.0
2024-11-11,510500,6.286,6.435,6.282,6.432,4904753.0
2024-11-11,511010,138.925,138.959,138.877,138.94,12833.0
2024-11-11,518880,5.901,5.91,5.889,5.905,2938955.0
2024-11-11,600036,38.3,38.7,37.89,38.33,703146.0
2024-11-11,600519,1590.0,1609.95,1567.19,1598.01,4385365.0
2024-11-11,600887,29.61,30.09,29.29,30.01,60834785.0
2024-11-11,600900,27.46,27.63,27.36,27.48,93996202.0
2024-11-11,600941,102.6,102.6,101.7,102.04,13011050.0
2024-11-11,601088,39.69,39.8,39.03,39.38,33816602.0
2024-11-11,601318,58.13,58.52,57.52,58.4,917160.0
2024-11-11,601398,6.08,6.09,6.02,6.04,3987302.0
2024-11-11,601857,8.2,8.2,8.02,8.09,248767811.0
2024-11-12,000333,71.91,74.89,71.79,72.39,57547722.0
2024-11-12,510300,4.21,4.268,4.145,4.169,23041668.0
2024-11-12,510500,6.44,6.482,6.309,6.372,4347827.0
2024-11-12,511010,138.965,139.15,138.965,139.131,18063.0
2024-11-12,518880,5.83,5.841,5.8,5.807,3613932.0
2024-11-12,600036,38.19,38.84,37.51,37.59,893289.0
2024-11-12,600519,1589.0,1623.0,1573.95,1577.2,4922266.0
2024-11-12,600887,29.9,30.48,29.65,29.8,59373185.0
2024-11-12,600900,27.48,27.63,26.95,26.97,201746671.0
2024-11-12,600941,101.97,102.11,100.52,100.85,15235405.0
2024-11-12,601088,39.22,39.66,38.88,38.91,35772296.0
2024-11-12,601318,58.4,58.97,56.88,57.01,962893.0
2024-11-12,601398,6.04,6.07,6.0,6.0,3292742.0
2024-11-12,601857,8.03,8.16,7.99,8.0,213088944.0
2024-11-13,000333,72.48,74.3,72.46,73.4,45841657.0
2024-11-13,510300,4.15,4.206,4.146,4.195,15727943.0
2024-11-13,510500,6.334,6.376,6.261,6.353,2816386.0
2024-11-13,511010,139.127,139.149,139.08,139.13,21947.0
2024-11-13,518880,5.805,5.814,5.795,5.796,2945700.0
2024-11-13,600036,37.59,37.98,37.51,37.82,485304.0
2024-11-13,600519,1568.0,1586.66,1561.28,1578.5,2912526.0
2024-11-13,600887,29.7,30.25,29.5,30.01,52544727.0
2024-11-13,600900,26.88,27.49,26.78,27.39,155188222.0
2024-11-13,600941,100.57,106.6,100.5,105.03,36595255.0
2024-11-13,601088,38.77,39.9,38.67,39.37,35778306.0
2024-11-13,601318,56.7,57.5,56.62,57.19,618245.0
2024-11-13,601398,6.0,6.07,5.98,6.04,3438858.0
2024-11-13,601857,7.99,8.16,7.97,8.07,223318088.0
2024-11-14,000333,73.48,74.89,72.33,73.64,40843466.0
2024-11-14,510300,4.188,4.203,4.117,4.124,14438853.0
2024-11-14,510500,6.343,6.343,6.17,6.181,5207919.0
2024-11-14,511010,139.133,139.14,139.057,139.137,17297.0
2024-11-14,518880,5.724,5.73,5.669,5.68,4360110.0
2024-11-14,600036,37.66,38.48,37.53,38.06,676440.0
2024-11-14,600519,1570.0,1594.45,1565.65,1573.8,2924814.0
2024-11-14,600887,29.91,30.15,29.58,29.61,44035478.0
2024-11-14,600900,27.35,27.69,27.23,27.42,98646616.0
2024-11-14,600941,103.77,104.6,102.81,103.66,16544878.0
2024-11-14,601088,39.11,40.1,38.93,39.61,33176988.0
2024-11-14,601318,57.19,58.09,56.9,57.0,663232.0
2024-11-14,601398,6.03,6.1,6.01,6.07,3735265.0
2024-11-14,601857,8.03,8.15,8.02,8.03,185058127.0
2024-11-15,000333,73.15,74.11,71.85,72.25,34282515.0
2024-11-15,510300,4.114,4.134,4.05,4.055,16769935.0
2024-11-15,510500,6.169,6.194,6.019,6.021,7541458.0
2024-11-15,511010,139.142,139.325,139.142,139.235,10855.0
2024-11-15,518880,5.711,5.712,5.667,5.683,4101363.0
2024-11-15,600036,38.08,38.57,37.81,37.82,699277.0
2024-11-15,600519,1569.0,1583.8,1553.0,1559.0,3376112.0
2024-11-15,600887,29.57,29.95,29.23,29.29,48275045.0
2024-11-15,600900,27.37,27.49,27.1,27.1,93580893.0
2024-11-15,600941,103.4,108.0,103.22,105.03,26765828.0
2024-11-15,601088,39.58,40.4,39.2,40.14,41347455.0
2024-11-15,601318,56.9,57.48,55.8,55.8,780597.0
2024-11-15,601398,6.06,6.11,6.03,6.05,3845233.0
2024-11-15,601857,8.03,8.1,7.98,8.03,185354660.0
2024-11-18,000333,72.17,72.98,70.83,71.05,31938599.0
2024-11-18,510300,4.071,4.118,4.013,4.038,16100926.0
2024-11-18,510500,6.03,6.068,5.891,5.931,6454073.0
2024-11-18,511010,139.221,139.222,139.036,139.16,37385.0
2024-11-18,518880,5.748,5.773,5.738,5.758,3807962.0
2024-11-18,600036,38.05,38.66,37.8,37.9,763448.0
2024-11-18,600519,1562.0,1575.99,1555.0,1559.0,2709219.0
2024-11-18,600887,29.29,29.55,28.86,28.98,40026169.0
2024-11-18,600900,27.16,27.54,27.09,27.42,119051790.0
2024-11-18,600941,104.6,106.8,104.01,104.67,19034785.0
2024-11-18,601088,39.99,41.5,39.93,41.43,57225124.0
2024-11-18,601318,56.1,57.16,55.38,55.76,684296.0
2024-11-18,601398,6.08,6.24,6.07,6.19,6932425.0
2024-11-18,601857,8.04,8.23,8.03,8.15,278213049.0
2024-11-19,000333,71.05,71.75,70.7,71.31,22665163.0
2024-11-19,510300,4.04,4.061,3.981,4.058,16705449.0
2024-11-19,510500,5.934,6.029,5.874,6.024,7039411.0
2024-11-19,511010,139.158,139.187,139.058,139.129,10371.0
2024-11-19,518880,5.811,5.86,5.809,5.858,4128956.0
2024-11-19,600036,37.91,38.18,37.45,37.72,521249.0
2024-11-19,600519,1565.0,1569.37,1525.0,1541.92,3326643.0
2024-11-19,600887,28.87,29.22,28.4,28.87,41558775.0
2024-11-19,600900,27.4,27.5,27.17,27.37,95680280.0
2024-11-19,600941,104.4,104.5,102.88,103.68,12437915.0
2024-11-19,601088,41.43,41.64,40.66,41.11,34989650.0
2024-11-19,601318,56.0,56.12,55.1,55.61,528193.0
2024-11-19,601398,6.18,6.22,6.07,6.15,4294987.0
2024-11-19,601857,8.19,8.2,8.06,8.13,169755627.0
2024-11-20,000333,71.38,71.65,70.74,71.43,22637119.0
2024-11-20,510300,4.046,4.085,4.038,4.068,15485304.0
2024-11-20,510500,6.01,6.109,5.99,6.085,5387512.0
2024-11-20,511010,139.175,139.234,139.173,139.224,16014.0
2024-11-20,518880,5.9,5.9,5.855,5.857,3933263.0
2024-11-20,600036,37.8,37.85,37.4,37.48,451291.0
2024-11-20,600519,1543.0,1553.97,1531.3,1544.81,2134455.0
2024-11-20,600887,28.9,29.2,28.63,29.04,28653124.0
2024-11-20,600900,27.37,27.75,27.21,27.62,99804939.0
2024-11-20,600941,103.17,104.18,102.32,103.88,10908884.0
2024-11-20,601088,40.85,41.24,40.8,41.04,22181812.0
2024-11-20,601318,55.62,55.8,55.2,55.46,469971.0
2024-11-20,601398,6.13,6.18,6.12,6.14,2682421.0
2024-11-20,601857,8.1,8.15,8.06,8.13,117567657.0
2024-11-21,000333,71.37,71.39,70.55,70.84,21652845.0
2024-11-21,510300,4.06,4.082,4.048,4.073,10454707.0
2024-11-21,510500,6.074,6.104,6.034,6.08,1893214.0
2024-11-21,511010,139.239,139.315,139.225,139.311,33598.0
2024-11-21,518880,5.914,5.934,5.909,5.933,3471025.0
2024-11-21,600036,37.48,37.66,37.27,37.43,350336.0
2024-11-21,600519,1543.87,1548.99,1532.0,1545.13,1826179.0
2024-11-21,600887,28.91,29.28,28.9,29.17,23962533.0
2024-11-21,600900,27.56,27.7,27.54,27.67,67848491.0
2024-11-21,600941,103.58,104.38,103.23,103.57,6438912.0
2024-11-21,601088,40.96,41.56,40.9,41.19,20264111.0
2024-11-21,601318,55.49,55.67,55.12,55.49,410245.0
2024-11-21,601398,6.13,6.15,6.11,6.13,1809107.0
2024-11-21,601857,8.11,8.16,8.08,8.11,103457590.0
2024-11-22,000333,70.83,72.82,70.22,70.39,38845820.0
2024-11-22,510300,4.071,4.074,3.946,3.953,17571913.0
2024-11-22,510500,6.068,6.074,5.836,5.84,2633179.0
2024-11-22,511010,139.355,139.361,139.289,139.337,37658.0
2024-11-22,518880,5.968,6.011,5.967,6.01,4794501.0
2024-11-22,600036,37.43,37.55,36.36,36.45,690491.0
2024-11-22,600519,1541.15,1547.77,1507.82,1507.82,3343611.0
2024-11-22,600887,29.17,29.2,28.36,28.4,29249907.0
2024-11-22,600900,27.67,27.78,27.26,27.26,97129106.0
2024-11-22,600941,103.38,104.2,103.16,103.4,9955074.0
2024-11-22,601088,41.19,41.32,39.8,39.8,27344613.0
2024-11-22,601318,55.47,55.47,53.0,53.03,1006808.0
2024-11-22,601398,6.14,6.15,6.05,6.05,2978203.0
2024-11-22,601857,8.13,8.19,8.01,8.01,166400415.0
2024-11-25,000333,70.11,72.38,70.11,70.39,38586774.0
2024-11-25,510300,3.955,3.972,3.894,3.931,13590858.0
2024-11-25,510500,5.855,5.865,5.757,5.825,2286011.0
2024-11-25,511010,139.337,139.451,139.244,139.45,13868.0
2024-11-25,518880,6.009,6.013,5.893,5.916,7735648.0
2024-11-25,600036,36.7,36.86,36.12,36.22,534095.0
2024-11-25,600519,1511.0,1532.0,1496.67,1498.57,3318556.0
2024-11-25,600887,28.4,28.68,28.17,28.22,41098629.0
2024-11-25,600900,27.39,27.59,27.03,27.13,101408771.0
2024-11-25,600941,103.3,104.98,102.88,103.7,9893145.0
2024-11-25,601088,40.18,40.37,39.5,40.11,23738154.0
2024-11-25,601318,53.0,53.25,52.14,52.57,702698.0
2024-11-25,601398,6.06,6.13,6.05,6.07,2903722.0
2024-11-25,601857,8.05,8.15,8.0,8.03,151580229.0
2024-11-26,000333,70.11,71.2,69.35,70.6,27418796.0
2024-11-26,510300,3.914,3.956,3.913,3.923,7847079.0
2024-11-26,510500,5.81,5.863,5.78,5.785,1899722.0
2024-11-26,511010,139.45,139.5,139.371,139.423,31489.0
2024-11-26,518880,5.835,5.856,5.825,5.844,3675693.0
2024-11-26,600036,36.03,36.58,35.84,36.39,459421.0
2024-11-26,600519,1498.57,1518.88,1488.88,1509.0,2574479.0
2024-11-26,600887,28.28,28.9,28.17,28.57,34108379.0
2024-11-26,600900,27.1,27.19,26.91,27.0,88306380.0
2024-11-26,600941,103.5,105.6,103.22,105.42,13297139.0
2024-11-26,601088,39.63,40.12,39.15,39.8,18937511.0
2024-11-26,601318,52.5,53.27,52.37,53.05,407618.0
2024-11-26,601398,6.07,6.18,6.05,6.16,3300041.0
2024-11-26,601857,7.97,8.03,7.84,8.02,131371251.0
2024-11-27,000333,70.32,71.5,69.74,71.32,26482499.0
2024-11-27,510300,3.916,3.992,3.901,3.987,14519874.0
2024-11-27,510500,5.782,5.907,5.7,5.896,3402143.0
2024-11-27,511010,139.4,139.422,139.356,139.364,23838.0
2024-11-27,518880,5.86,5.904,5.856,5.899,3544560.0
2024-11-27,600036,36.39,36.68,36.11,36.6,392077.0
2024-11-27,600519,1509.0,1522.15,1505.0,1519.05,2593417.0
2024-11-27,600887,28.5,28.98,28.4,28.87,30222719.0
2024-11-27,600900,26.98,27.45,26.98,27.39,102469314.0
2024-11-27,600941,105.42,106.69,105.15,106.36,12861649.0
2024-11-27,601088,39.81,40.67,39.65,40.6,25259747.0
2024-11-27,601318,53.06,53.6,52.79,53.55,444464.0
2024-11-27,601398,6.15,6.22,6.14,6.2,2883174.0
2024-11-27,601857,7.98,8.04,7.94,8.03,96015537.0
2024-11-28,000333,72.0,72.0,69.76,70.19,32328951.0
2024-11-28,510300,3.984,3.989,3.948,3.958,10724073.0
2024-11-28,510500,5.889,5.918,5.839,5.858,2622950.0
2024-11-28,511010,139.363,139.467,139.363,139.462,29668.0
2024-11-28,518880,5.831,5.877,5.823,5.869,3513385.0
2024-11-28,600036,36.6,36.85,36.18,36.47,451939.0
2024-11-28,600519,1522.0,1524.99,1502.0,1518.0,2395203.0
2024-11-28,600887,28.88,28.97,28.39,28.51,28601441.0
2024-11-28,600900,27.37,27.48,27.17,27.43,69160630.0
2024-11-28,600941,105.92,106.6,105.4,106.05,8243346.0
2024-11-28,601088,40.59,40.74,40.18,40.27,15727994.0
2024-11-28,601318,53.57,53.99,52.83,53.17,425502.0
2024-11-28,601398,6.19,6.22,6.15,6.19,2018400.0
2024-11-28,601857,8.02,8.06,7.99,8.03,75655500.0
2024-11-29,000333,69.68,70.77,69.55,70.13,27750141.0
2024-11-29,510300,3.96,4.047,3.957,4.001,15297716.0
2024-11-29,510500,5.853,6.003,5.831,5.944,4044346.0
2024-11-29,511010,139.505,139.547,139.438,139.539,26459.0
2024-11-29,518880,5.879,5.927,5.878,5.923,3726694.0
2024-11-29,600036,36.59,37.0,36.31,36.34,664380.0
2024-11-29,600519,1517.0,1555.0,1513.21,1525.74,3608810.0
2024-11-29,600887,28.55,29.0,28.42,28.58,33632214.0
2024-11-29,600900,27.44,27.7,27.3,27.32,109026420.0
2024-11-29,600941,106.11,108.13,105.7,106.38,13458340.0
2024-11-29,601088,40.48,40.58,39.9,39.96,18674429.0
2024-11-29,601318,53.15,54.42,53.04,53.25,563571.0
2024-11-29,601398,6.19,6.23,6.14,6.15,2906465.0
2024-11-29,601857,8.04,8.11,8.03,8.04,129150425.0
2024-12-02,000333,70.15,70.53,69.23,70.08,35790565.0
2024-12-02,510300,3.997,4.043,3.987,4.031,9816348.0
2024-12-02,510500,5.946,6.062,5.939,6.036,3653448.0
2024-12-02,511010,139.687,139.858,139.539,139.844,23929.0
2024-12-02,518880,5.85,5.885,5.848,5.872,3002256.0
2024-12-02,600036,36.45,36.68,36.2,36.51,424652.0
2024-12-02,600519,1526.0,1529.99,1515.1,1525.0,2681954.0
2024-12-02,600887,28.52,29.18,28.48,28.82,43989746.0
2024-12-02,600900,27.39,27.71,27.3,27.61,88629895.0
2024-12-02,600941,105.9,106.28,104.81,105.47,10717658.0
2024-12-02,601088,39.8,39.92,39.1,39.61,37189672.0
2024-12-02,601318,53.2,54.23,53.18,54.01,449606.0
2024-12-02,601398,6.16,6.16,6.1,6.13,2417480.0
2024-12-02,601857,8.06,8.07,7.99,8.02,130025201.0
2024-12-03,000333,70.0,70.0,69.4,69.85,31317422.0
2024-12-03,510300,4.03,4.052,4.005,4.035,15244237.0
2024-12-03,510500,6.038,6.058,5.977,6.026,2970411.0
2024-12-03,511010,139.879,139.928,139.807,139.817,32736.0
2024-12-03,518880,5.917,5.942,5.911,5.931,2904022.0
2024-12-03,600036,36.65,37.22,36.38,37.12,721986.0
2024-12-03,600519,1524.0,1528.9,1516.08,1526.74,2480662.0
2024-12-03,600887,28.82,29.34,28.55,29.26,45511276.0
2024-12-03,600900,27.62,28.1,27.54,27.95,134347559.0
2024-12-03,600941,105.3,107.09,104.98,106.96,11342875.0
2024-12-03,601088,39.5,40.24,39.41,40.23,26866838.0
2024-12-03,601318,53.85,54.61,53.55,54.43,470058.0
2024-12-03,601398,6.13,6.21,6.12,6.21,3385172.0
2024-12-03,601857,8.01,8.1,7.98,8.1,159973433.0
2024-12-04,000333,69.88,71.99,69.6,71.49,53195506.0
2024-12-04,510300,4.03,4.041,4.003,4.014,10069479.0
2024-12-04,510500,6.02,6.042,5.948,5.981,2643418.0
2024-12-04,511010,139.82,139.965,139.82,139.938,33480.0
2024-12-04,518880,5.915,5.938,5.913,5.929,2169824.0
2024-12-04,600036,37.09,37.09,36.53,36.81,620511.0
2024-12-04,600519,1520.07,1523.66,1510.0,1520.0,2392389.0
2024-12-04,600887,29.15,29.25,28.82,29.11,31142850.0
2024-12-04,600900,27.95,28.53,27.81,28.45,137225662.0
2024-12-04,600941,106.85,108.66,106.6,108.1,11719547.0
2024-12-04,601088,39.98,42.3,39.9,42.1,58311699.0
2024-12-04,601318,54.18,54.34,53.71,53.93,381887.0
2024-12-04,601398,6.21,6.28,6.17,6.26,3572315.0
2024-12-04,601857,8.1,8.45,8.1,8.44,432554998.0
2024-12-05,000333,71.6,72.88,71.42,71.72,36764463.0
2024-12-05,510300,4.006,4.022,3.994,4.007,7595229.0
2024-12-05,510500,5.965,6.022,5.948,5.998,1955047.0
2024-12-05,511010,139.935,139.991,139.82,139.968,21527.0
2024-12-05,518880,5.937,5.943,5.923,5.927,2238436.0
2024-12-05,600036,36.66,37.36,36.61,36.91,568949.0
2024-12-05,600519,1510.86,1517.86,1510.0,1511.0,1614147.0
2024-12-05,600887,28.85,29.09,28.76,28.84,26888700.0
2024-12-05,600900,28.4,28.68,28.2,28.3,98035433.0
2024-12-05,600941,108.0,108.57,107.11,107.45,9174921.0
2024-12-05,601088,41.99,42.25,41.67,41.92,23911350.0
2024-12-05,601318,53.69,54.05,53.49,53.68,295889.0
2024-12-05,601398,6.25,6.33,6.23,6.26,2645283.0
2024-12-05,601857,8.32,8.38,8.26,8.29,182716202.0
2024-12-06,000333,71.78,73.13,71.51,72.85,45677846.0
2024-12-06,510300,4.007,4.085,4.006,4.057,17762294.0
2024-12-06,510500,5.996,6.118,5.968,6.076,5358862.0
2024-12-06,511010,139.966,139.99,139.921,139.925,76784.0
2024-12-06,518880,5.866,5.91,5.861,5.903,2917620.0
2024-12-06,600036,37.01,37.82,37.01,37.7,877236.0
2024-12-06,600519,1513.0,1538.9,1508.07,1521.01,3203969.0
2024-12-06,600887,28.84,29.36,28.78,29.24,40929846.0
2024-12-06,600900,28.32,28.54,28.15,28.18,90935412.0
2024-12-06,600941,107.0,108.2,107.0,107.22,9782535.0
2024-12-06,601088,41.97,42.68,41.9,42.34,26569423.0
2024-12-06,601318,53.79,55.69,53.78,55.12,789837.0
2024-12-06,601398,6.26,6.34,6.25,6.32,3119630.0
2024-12-06,601857,8.28,8.39,8.27,8.32,159833336.0
2024-12-09,000333,72.01,73.88,71.31,73.13,41321923.0
2024-12-09,510300,4.054,4.08,4.03,4.054,12464187.0
2024-12-09,510500,6.075,6.098,6.004,6.043,4031534.0
2024-12-09,511010,139.926,139.975,139.925,139.937,24478.0
2024-12-09,518880,5.941,5.946,5.925,5.936,2406329.0
2024-12-09,600036,37.59,37.99,37.35,37.7,492995.0
2024-12-09,600519,1522.02,1529.72,1513.2,1518.8,1979986.0
2024-12-09,600887,29.22,29.26,28.58,28.82,52747886.0
2024-12-09,600900,28.13,28.51,27.93,28.41,80287292.0
2024-12-09,600941,107.23,108.52,106.3,107.29,11180209.0
2024-12-09,601088,41.9,42.98,41.51,42.5,24503449.0
2024-12-09,601318,54.95,55.3,54.45,54.83,510463.0
2024-12-09,601398,6.3,6.37,6.28,6.32,3127433.0
2024-12-09,601857,8.29,8.48,8.24,8.43,212659243.0
2024-12-10,000333,76.51,76.66,73.79,73.84,55513289.0
2024-12-10,510300,4.179,4.198,4.073,4.085,24827953.0
2024-12-10,510500,6.28,6.283,6.077,6.095,5552326.0
2024-12-10,511010,139.88,140.394,139.851,140.373,46065.0
2024-12-10,518880,5.97,5.972,5.949,5.961,3022870.0
2024-12-10,600036,38.8,38.99,38.4,38.6,1038953.0
2024-12-10,600519,1570.0,1579.73,1545.18,1546.59,6031210.0
2024-12-10,600887,29.5,30.1,29.4,29.52,80771890.0
2024-12-10,600900,28.4,28.58,27.96,28.02,167887746.0
2024-12-10,600941,107.3,108.0,106.33,106.9,17127131.0
2024-12-10,601088,43.41,43.66,42.11,42.54,34904684.0
2024-12-10,601318,56.9,57.18,55.5,55.62,1000984.0
2024-12-10,601398,6.35,6.45,6.33,6.42,4372946.0
2024-12-10,601857,8.53,8.58,8.35,8.36,191423022.0
2024-12-11,000333,73.7,75.33,73.6,75.1,33543390.0
2024-12-11,510300,4.078,4.094,4.065,4.075,12587160.0
2024-12-11,510500,6.081,6.153,6.078,6.141,5613923.0
2024-12-11,511010,140.35,140.416,140.15,140.382,31006.0
2024-12-11,518880,6.028,6.03,5.977,6.011,3684896.0
2024-12-11,600036,38.54,38.79,38.23,38.3,517709.0
2024-12-11,600519,1540.0,1555.0,1530.98,1535.6,2967112.0
2024-12-11,600887,29.42,30.0,29.37,29.77,47434251.0
2024-12-11,600900,28.1,28.22,27.97,28.17,63618426.0
2024-12-11,600941,106.6,107.12,106.06,106.58,8776183.0
2024-12-11,601088,42.54,43.4,42.43,43.38,29090148.0
2024-12-11,601318,55.61,55.93,54.88,54.9,504784.0
2024-12-11,601398,6.4,6.45,6.3,6.31,3870003.0
2024-12-11,601857,8.34,8.47,8.33,8.45,150390914.0
2024-12-12,000333,75.2,75.75,74.37,75.56,28639814.0
2024-12-12,510300,4.077,4.122,4.066,4.117,13601804.0
2024-12-12,510500,6.14,6.216,6.123,6.197,4293467.0
2024-12-12,511010,140.411,140.628,140.411,140.563,34696.0
2024-12-12,518880,6.038,6.054,6.025,6.052,2850292.0
2024-12-12,600036,38.29,38.83,38.21,38.8,586889.0
2024-12-12,600519,1532.02,1566.0,1529.0,1565.8,4193652.0
2024-12-12,600887,29.74,30.26,29.57,30.23,68199214.0
2024-12-12,600900,28.15,28.48,28.13,28.4,77874956.0
2024-12-12,600941,106.39,107.78,106.2,107.7,9215483.0
2024-12-12,601088,43.27,43.4,42.52,43.11,25901216.0
2024-12-12,601318,54.96,55.85,54.7,55.58,526336.0
2024-12-12,601398,6.32,6.42,6.31,6.42,2901845.0
2024-12-12,601857,8.46,8.54,8.42,8.45,139217788.0
2024-12-13,000333,75.2,75.23,73.33,74.0,37063334.0
2024-12-13,510300,4.092,4.092,4.012,4.02,23465697.0
2024-12-13,510500,6.138,6.161,6.08,6.099,7779196.0
2024-12-13,511010,140.87,141.097,140.87,141.055,37769.0
2024-12-13,518880,6.016,6.018,5.991,6.001,2686424.0
2024-12-13,600036,38.45,38.6,37.28,37.3,1117983.0
2024-12-13,600519,1550.01,1554.99,1518.88,1519.0,4951197.0
2024-12-13,600887,30.0,30.0,29.18,29.25,83244704.0
2024-12-13,600900,28.44,28.88,28.34,28.72,154285770.0
2024-12-13,600941,107.7,109.65,107.08,108.79,18029085.0
2024-12-13,601088,42.96,43.13,42.34,42.6,43169576.0
2024-12-13,601318,55.2,55.21,53.68,53.74,887096.0
2024-12-13,601398,6.4,6.45,6.36,6.39,3890984.0
2024-12-13,601857,8.41,8.43,8.27,8.28,162729605.0
2024-12-16,000333,74.1,74.45,72.65,73.22,28047059.0
2024-12-16,510300,4.018,4.021,3.986,3.996,9893231.0
2024-12-16,510500,6.09,6.097,5.986,6.005,4533264.0
2024-12-16,511010,141.154,141.404,141.152,141.163,20894.0
2024-12-16,518880,5.945,5.95,5.933,5.947,2513897.0
2024-12-16,600036,37.35,37.78,37.32,37.74,640316.0
2024-12-16,600519,1521.0,1529.0,1510.71,1527.2,3253710.0
2024-12-16,600887,29.32,29.49,28.89,29.2,43134419.0
2024-12-16,600900,28.78,29.39,28.78,29.28,143463294.0
2024-12-16,600941,108.63,113.0,108.6,112.15,25034576.0
2024-12-16,601088,42.35,43.59,42.35,43.45,36796839.0
2024-12-16,601318,53.71,53.99,52.93,53.12,658592.0
2024-12-16,601398,6.39,6.58,6.38,6.53,4715726.0
2024-12-16,601857,8.26,8.49,8.25,8.45,207205456.0
2024-12-17,000333,73.2,74.68,72.81,73.67,27887305.0
2024-12-17,510300,3.993,4.043,3.991,4.007,13646692.0
2024-12-17,510500,6.001,6.018,5.932,5.941,4412301.0
2024-12-17,511010,141.104,141.104,140.917,140.963,99246.0
2024-12-17,518880,5.957,5.97,5.936,5.94,2538572.0
2024-12-17,600036,37.54,38.16,37.54,37.85,603104.0
2024-12-17,600519,1525.99,1569.0,1521.01,1558.0,5417163.0
2024-12-17,600887,29.09,29.85,28.93,29.61,47201209.0
2024-12-17,600900,29.33,29.55,29.19,29.27,107804406.0
2024-12-17,600941,112.84,114.98,111.11,111.28,14057773.0
2024-12-17,601088,43.33,44.2,42.72,42.8,29378460.0
2024-12-17,601318,52.9,53.47,52.74,53.01,537694.0
2024-12-17,601398,6.52,6.59,6.51,6.51,3138477.0
2024-12-17,601857,8.43,8.59,8.43,8.48,162559132.0
2024-12-18,000333,73.66,74.58,73.58,74.1,22578549.0
2024-12-18,510300,4.02,4.039,4.015,4.024,10236096.0
2024-12-18,510500,5.955,6.018,5.94,5.979,2669874.0
2024-12-18,511010,141.025,141.164,140.707,140.955,19936.0
2024-12-18,518880,5.942,5.948,5.929,5.932,1835436.0
2024-12-18,600036,38.02,38.66,37.86,38.52,805855.0
2024-12-18,600519,1557.97,1577.0,1547.1,1571.5,4116226.0
2024-12-18,600887,29.74,29.87,29.5,29.61,28036626.0
2024-12-18,600900,29.38,29.82,29.13,29.42,98396558.0
2024-12-18,600941,111.18,114.78,111.18,113.98,11277282.0
2024-12-18,601088,43.18,43.85,42.93,43.06,28246607.0
2024-12-18,601318,53.33,53.68,52.88,52.94,504461.0
2024-12-18,601398,6.54,6.65,6.53,6.59,3489425.0
2024-12-18,601857,8.52,8.59,8.48,8.51,132476689.0
2024-12-19,000333,73.86,75.23,73.24,74.44,25355278.0
2024-12-19,510300,4.0,4.038,3.981,4.03,9903622.0
2024-12-19,510500,5.931,6.016,5.907,5.997,3254784.0
2024-12-19,511010,140.971,141.069,140.971,141.0,34594.0
2024-12-19,518880,5.867,5.906,5.867,5.885,3622339.0
2024-12-19,600036,38.38,38.53,38.0,38.02,611196.0
2024-12-19,600519,1565.14,1567.93,1550.33,1551.01,2480932.0
2024-12-19,600887,29.52,29.73,29.25,29.37,27558103.0
2024-12-19,600900,29.26,29.66,29.21,29.26,91061598.0
2024-12-19,600941,113.6,114.99,112.68,113.85,9860900.0
2024-12-19,601088,42.72,43.35,42.5,42.61,17271439.0
2024-12-19,601318,52.6,52.94,52.35,52.89,405496.0
2024-12-19,601398,6.57,6.61,6.48,6.49,3615285.0
2024-12-19,601857,8.46,8.55,8.4,8.42,126127393.0
2024-12-20,000333,74.43,74.79,73.66,74.0,20939651.0
2024-12-20,510300,4.024,4.045,4.012,4.018,12230620.0
2024-12-20,510500,5.987,6.05,5.979,6.009,4144643.0
2024-12-20,511010,141.191,141.5,141.19,141.437,22046.0
2024-12-20,518880,5.877,5.894,5.866,5.892,2433829.0
2024-12-20,600036,38.05,38.28,37.86,37.91,542150.0
2024-12-20,600519,1531.13,1541.8,1520.02,1522.0,2815774.0
2024-12-20,600887,29.48,29.56,29.13,29.2,29670829.0
2024-12-20,600900,29.21,29.43,29.08,29.2,78725172.0
2024-12-20,600941,113.0,113.7,111.1,111.4,12321388.0
2024-12-20,601088,42.6,42.72,41.05,41.34,40108006.0
2024-12-20,601318,52.89,53.23,52.52,52.62,461965.0
2024-12-20,601398,6.5,6.61,6.5,6.53,3765488.0
2024-12-20,601857,8.41,8.44,8.33,8.34,106072126.0
2024-12-23,000333,74.0,75.25,73.95,74.61,22602881.0
2024-12-23,510300,4.017,4.053,4.015,4.022,14247022.0
2024-12-23,510500,6.01,6.025,5.911,5.915,4681949.0
2024-12-23,511010,141.505,141.602,141.319,141.361,39287.0
2024-12-23,518880,5.919,5.953,5.918,5.951,2797678.0
2024-12-23,600036,37.99,38.7,37.98,38.35,902692.0
2024-12-23,600519,1523.0,1538.0,1517.0,1526.45,2160269.0
2024-12-23,600887,29.1,29.8,29.05,29.6,43942782.0
2024-12-23,600900,29.19,29.81,29.11,29.57,108633632.0
2024-12-23,600941,111.43,114.5,111.43,113.85,10650536.0
2024-12-23,601088,41.2,42.17,40.98,41.78,33490704.0
2024-12-23,601318,52.62,53.48,52.62,53.1,555505.0
2024-12-23,601398,6.53,6.76,6.53,6.7,4871100.0
2024-12-23,601857,8.38,8.62,8.37,8.58,223603268.0
2024-12-24,000333,74.4,76.38,74.4,76.25,34414101.0
2024-12-24,510300,4.024,4.076,4.022,4.069,14563434.0
2024-12-24,510500,5.916,5.991,5.915,5.982,4469854.0
2024-12-24,511010,141.33,141.385,141.248,141.253,30995.0
2024-12-24,518880,5.928,5.931,5.916,5.921,2279641.0
2024-12-24,600036,38.35,39.29,38.32,39.22,993428.0
2024-12-24,600519,1525.0,1544.0,1521.59,1538.82,2210492.0
2024-12-24,600887,29.51,30.14,29.51,30.1,48018816.0
2024-12-24,600900,29.47,29.85,29.36,29.81,92735550.0
2024-12-24,600941,113.41,115.5,113.04,114.89,10244629.0
2024-12-24,601088,41.7,41.98,41.16,41.74,19596957.0
2024-12-24,601318,53.08,53.83,53.0,53.78,495609.0
2024-12-24,601398,6.71,6.79,6.65,6.78,4641474.0
2024-12-24,601857,8.54,8.82,8.5,8.78,238624272.0
2024-12-25,000333,76.3,76.6,75.04,75.54,22733866.0
2024-12-25,510300,4.072,4.094,4.054,4.072,14181375.0
2024-12-25,510500,5.983,5.983,5.884,5.932,4826393.0
2024-12-25,511010,141.254,141.291,140.953,140.995,20638.0
2024-12-25,518880,5.932,5.939,5.929,5.936,1445139.0
2024-12-25,600036,39.23,39.56,38.99,39.4,755913.0
2024-12-25,600519,1538.8,1538.8,1526.1,1530.0,1712339.0
2024-12-25,600887,30.1,30.17,29.82,29.93,32048433.0
2024-12-25,600900,29.82,29.93,29.67,29.79,68516052.0
2024-12-25,600941,114.78,116.88,114.5,115.59,10741464.0
2024-12-25,601088,41.82,43.26,41.74,42.9,28346879.0
2024-12-25,601318,53.81,54.31,53.57,53.9,417399.0
2024-12-25,601398,6.77,7.04,6.76,6.94,6360901.0
2024-12-25,601857,8.76,9.05,8.75,9.02,250352051.0
2024-12-26,000333,75.26,76.24,74.65,75.98,24214292.0
2024-12-26,510300,4.072,4.079,4.056,4.073,9470234.0
2024-12-26,510500,5.932,5.988,5.927,5.977,2742466.0
2024-12-26,511010,141.025,141.087,140.987,140.997,28753.0
2024-12-26,518880,5.955,5.957,5.937,5.94,1837517.0
2024-12-26,600036,39.4,39.54,39.01,39.48,539252.0
2024-12-26,600519,1534.0,1538.78,1523.0,1527.79,1828651.0
2024-12-26,600887,29.93,30.04,29.79,29.97,27272709.0
2024-12-26,600900,29.79,29.83,29.29,29.32,89884558.0
2024-12-26,600941,115.5,115.57,113.03,114.38,12050699.0
2024-12-26,601088,42.68,43.09,42.1,42.13,22177671.0
2024-12-26,601318,53.89,53.94,53.36,53.45,379222.0
2024-12-26,601398,6.94,6.94,6.79,6.93,4872523.0
2024-12-26,601857,9.02,9.02,8.85,8.97,184550697.0
2024-12-27,000333,75.98,76.05,74.8,75.42,19842117.0
2024-12-27,510300,4.076,4.099,4.061,4.067,10869639.0
2024-12-27,510500,5.967,6.075,5.967,5.991,3076206.0
2024-12-27,511010,141.12,141.299,141.066,141.288,29039.0
2024-12-27,518880,5.95,5.952,5.939,5.945,1765068.0
2024-12-27,600036,39.48,39.64,38.78,39.34,700320.0
2024-12-27,600519,1528.9,1536.0,1519.5,1528.97,2075932.0
2024-12-27,600887,29.96,30.21,29.75,30.15,38679079.0
2024-12-27,600900,29.3,29.63,29.17,29.61,85423709.0
2024-12-27,600941,114.36,114.88,113.65,114.6,5378096.0
2024-12-27,601088,42.18,42.53,41.68,42.19,18649827.0
2024-12-27,601318,53.45,53.75,52.71,53.27,537757.0
2024-12-27,601398,6.89,6.94,6.76,6.92,5107041.0
2024-12-27,601857,8.98,9.07,8.81,8.92,145199007.0
2024-12-30,000333,75.0,76.18,74.92,75.32,22182724.0
2024-12-30,510300,4.066,4.093,4.065,4.086,13119335.0
2024-12-30,510500,5.988,6.021,5.958,5.989,1887245.0
2024-12-30,511010,141.267,141.27,140.955,141.003,18093.0
2024-12-30,518880,5.934,5.939,5.92,5.923,1660249.0
2024-12-30,600036,39.34,39.8,39.25,39.62,678845.0
2024-12-30,600519,1533.97,1543.96,1525.0,1525.0,2512982.0
2024-12-30,600887,30.0,30.3,29.9,30.08,33846235.0
2024-12-30,600900,29.61,29.83,29.34,29.41,77825662.0
2024-12-30,600941,114.25,116.78,114.14,116.36,11718106.0
2024-12-30,601088,42.4,43.29,42.4,42.78,21762071.0
2024-12-30,601318,53.22,53.9,53.21,53.9,533438.0
2024-12-30,601398,6.88,7.0,6.87,6.95,4823303.0
2024-12-30,601857,8.92,9.08,8.91,9.0,145925007.0
2024-12-31,000333,75.1,76.05,74.69,75.22,30766003.0
2024-12-31,510300,4.087,4.094,4.02,4.022,18436188.0
2024-12-31,510500,5.989,5.999,5.808,5.811,7477379.0
2024-12-31,511010,141.15,141.246,141.011,141.216,23833.0
2024-12-31,518880,5.914,5.932,5.9,5.928,1648335.0
2024-12-31,600036,39.56,39.9,39.3,39.3,643717.0
2024-12-31,600519,1525.4,1545.0,1522.01,1524.0,3935445.0
2024-12-31,600887,29.98,30.65,29.96,30.18,67772117.0
2024-12-31,600900,29.4,29.77,29.36,29.55,96537038.0
2024-12-31,600941,116.23,119.51,116.01,118.16,15282087.0
2024-12-31,601088,42.9,43.97,42.7,43.48,35871662.0
2024-12-31,601318,53.79,54.02,52.65,52.65,677118.0
2024-12-31,601398,6.94,7.03,6.9,6.92,5209802.0
2024-12-31,601857,9.02,9.05,8.92,8.94,155407359.0
2025-01-02,000333,75.4,77.2,75.0,75.32,41367089.0
2025-01-02,510300,4.02,4.021,3.881,3.909,21729803.0
2025-01-02,510500,5.807,5.809,5.579,5.637,4351665.0
2025-01-02,511010,141.36,141.438,141.26,141.411,27487.0
2025-01-02,518880,5.975,5.981,5.96,5.977,2330729.0
2025-01-02,600036,39.35,39.5,38.34,38.51,642001.0
2025-01-02,600519,1524.0,1524.49,1480.0,1488.0,5002870.0
2025-01-02,600887,30.1,30.48,29.36,29.56,54547978.0
2025-01-02,600900,29.51,29.73,29.08,29.2,104122008.0
2025-01-02,600941,117.92,118.65,113.55,115.0,15127657.0
2025-01-02,601088,43.34,43.99,42.3,42.59,30361375.0
2025-01-02,601318,52.7,52.73,50.39,50.71,948579.0
2025-01-02,601398,6.91,6.98,6.76,6.8,5314825.0
2025-01-02,601857,8.91,9.01,8.73,8.77,184981442.0
2025-01-03,000333,75.0,76.06,73.9,74.69,29642200.0
2025-01-03,510300,3.909,3.921,3.853,3.869,15930226.0
2025-01-03,510500,5.632,5.665,5.504,5.523,4461330.0
2025-01-03,511010,141.47,141.799,141.47,141.787,21161.0
2025-01-03,518880,6.02,6.034,6.012,6.029,2759129.0
2025-01-03,600036,38.6,39.04,38.54,38.66,682583.0
2025-01-03,600519,1494.5,1494.99,1467.01,1475.0,3262836.0
2025-01-03,600887,29.5,29.73,29.2,29.3,40909746.0
2025-01-03,600900,29.21,29.43,28.85,29.0,94632286.0
2025-01-03,600941,114.11,114.9,112.62,114.08,11255924.0
2025-01-03,601088,42.92,43.01,41.97,42.07,24085702.0
2025-01-03,601318,51.0,51.09,50.08,50.3,551352.0
2025-01-03,601398,6.81,6.83,6.62,6.71,5210740.0
2025-01-03,601857,8.81,8.95,8.8,8.85,178965310.0
2025-01-06,000333,74.68,76.28,74.28,75.38,30681009.0
2025-01-06,510300,3.865,3.873,3.828,3.853,12986739.0
2025-01-06,510500,5.515,5.568,5.471,5.51,3302311.0
2025-01-06,511010,141.807,141.999,141.601,141.789,31543.0
2025-01-06,518880,6.023,6.025,5.984,5.99,2980850.0
2025-01-06,600036,38.9,39.1,38.13,39.05,617159.0
2025-01-06,600519,1453.0,1462.66,1432.8,1440.0,4425512.0
2025-01-06,600887,29.25,29.38,28.8,29.04,37934901.0
2025-01-06,600900,29.1,29.1,28.51,28.89,79467426.0
2025-01-06,600941,114.47,115.35,110.27,111.15,16994942.0
2025-01-06,601088,42.2,42.33,41.42,41.81,21589723.0
2025-01-06,601318,50.55,50.62,49.83,50.34,413490.0
2025-01-06,601398,6.71,6.78,6.59,6.75,4742247.0
2025-01-06,601857,8.87,8.95,8.68,8.91,170462804.0
2025-01-07,000333,75.0,76.76,74.5,75.93,25178525.0
2025-01-07,510300,3.845,3.882,3.836,3.88,9689740.0
2025-01-07,510500,5.511,5.569,5.484,5.568,4055360.0
2025-01-07,511010,141.793,141.793,141.453,141.558,15614.0
2025-01-07,518880,5.992,6.009,5.987,6.0,2177729.0
2025-01-07,600036,38.97,39.15,38.61,38.9,492752.0
2025-01-07,600519,1444.66,1451.89,1439.0,1440.2,2422118.0
2025-01-07,600887,28.85,29.17,28.75,28.88,31890433.0
2025-01-07,600900,28.88,28.89,28.54,28.7,65496030.0
2025-01-07,600941,110.9,111.49,108.21,111.23,15475292.0
2025-01-07,601088,41.83,41.92,40.78,41.1,21845858.0
2025-01-07,601318,50.19,50.36,49.81,50.17,392787.0
2025-01-07,601398,6.61,6.71,6.56,6.69,3820218.0
2025-01-07,601857,8.86,8.93,8.75,8.84,122267327.0
2025-01-08,000333,75.51,77.66,75.43,77.58,40692962.0
2025-01-08,510300,3.87,3.899,3.815,3.874,14097968.0
2025-01-08,510500,5.55,5.592,5.41,5.545,4236655.0
2025-01-08,511010,141.51,141.675,141.51,141.603,34266.0
2025-01-08,518880,6.01,6.031,6.01,6.03,1604733.0
2025-01-08,600036,38.83,39.55,38.82,39.28,751481.0
2025-01-08,600519,1440.0,1451.82,1426.66,1442.5,3525821.0
2025-01-08,600887,28.95,29.45,28.56,29.15,39956094.0
2025-01-08,600900,28.67,29.16,28.63,29.0,90630929.0
2025-01-08,600941,110.6,112.48,109.83,111.88,13695322.0
2025-01-08,601088,40.95,41.55,40.5,40.88,28457714.0
2025-01-08,601318,50.18,50.58,49.55,50.3,510383.0
2025-01-08,601398,6.69,6.84,6.67,6.76,3996843.0
2025-01-08,601857,8.86,9.17,8.84,9.05,227508932.0
2025-01-09,000333,77.7,79.0,77.2,78.73,34598694.0
2025-01-09,510300,3.863,3.88,3.857,3.866,8060658.0
2025-01-09,510500,5.525,5.579,5.521,5.541,2684390.0
2025-01-09,511010,141.551,141.601,141.27,141.298,26075.0
2025-01-09,518880,6.038,6.066,6.032,6.065,1566054.0
2025-01-09,600036,39.4,39.43,38.83,39.0,447083.0
2025-01-09,600519,1448.99,1464.58,1432.98,1444.0,2970565.0
2025-01-09,600887,29.0,29.45,28.8,28.96,28997638.0
2025-01-09,600900,28.94,29.06,28.64,28.79,58177058.0
2025-01-09,600941,111.7,111.7,109.18,110.05,8720920.0
2025-01-09,601088,40.5,40.66,39.5,39.57,40424668.0
2025-01-09,601318,50.26,50.41,49.8,49.81,400821.0
2025-01-09,601398,6.76,6.77,6.66,6.71,2367234.0
2025-01-09,601857,8.99,9.03,8.7,8.82,153629538.0
2025-01-10,000333,78.73,78.89,76.37,76.37,27109567.0
2025-01-10,510300,3.865,3.875,3.822,3.823,8265725.0
2025-01-10,510500,5.537,5.586,5.456,5.459,2313565.0
2025-01-10,511010,140.95,141.287,140.661,141.209,15031.0
2025-01-10,518880,6.078,6.109,6.075,6.105,2414847.0
2025-01-10,600036,39.34,39.45,38.81,38.98,481425.0
2025-01-10,600519,1447.1,1451.95,1436.0,1436.0,2187195.0
2025-01-10,600887,28.96,29.09,28.53,28.53,31166635.0
2025-01-10,600900,28.79,29.05,28.51,28.87,69490983.0
2025-01-10,600941,110.0,110.59,108.91,109.3,8861201.0
2025-01-10,601088,39.5,39.93,38.9,39.18,28488322.0
2025-01-10,601318,49.82,50.08,48.9,48.95,522704.0
2025-01-10,601398,6.72,6.74,6.6,6.67,2620258.0
2025-01-10,601857,8.86,8.91,8.69,8.75,143463802.0
2025-01-13,000333,75.61,76.02,73.93,74.3,25584606.0
2025-01-13,510300,3.801,3.826,3.793,3.808,9493947.0
2025-01-13,510500,5.411,5.509,5.41,5.468,2985827.0
2025-01-13,511010,141.202,141.202,140.901,141.039,32960.0
2025-01-13,518880,6.105,6.133,6.104,6.12,3530893.0
2025-01-13,600036,38.93,39.15,38.54,39.07,606323.0
2025-01-13,600519,1425.0,1444.44,1422.01,1443.98,2108251.0
2025-01-13,600887,28.44,28.84,28.26,28.45,30201533.0
2025-01-13,600900,28.8,28.91,28.43,28.81,90627806.0
2025-01-13,600941,109.0,110.46,107.29,108.4,10647790.0
2025-01-13,601088,39.23,39.51,38.76,38.89,24330736.0
2025-01-13,601318,48.48,48.8,48.1,48.59,511393.0
2025-01-13,601398,6.66,6.67,6.49,6.6,3306033.0
2025-01-13,601857,8.9,8.95,8.72,8.87,178167945.0
2025-01-14,000333,74.3,75.35,73.43,74.62,28858396.0
2025-01-14,510300,3.815,3.918,3.809,3.906,16445462.0
2025-01-14,510500,5.481,5.675,5.456,5.655,5016496.0
2025-01-14,511010,141.019,141.129,140.86,141.111,23460.0
2025-01-14,518880,6.07,6.075,6.062,6.068,2869200.0
2025-01-14,600036,39.09,39.97,38.9,39.85,708012.0
2025-01-14,600519,1444.95,1478.68,1442.0,1472.5,3095657.0
2025-01-14,600887,28.39,28.95,28.21,28.65,37523132.0
2025-01-14,600900,28.8,28.98,28.72,28.84,81985665.0
2025-01-14,600941,108.26,108.55,106.96,108.34,17496587.0
2025-01-14,601088,39.2,39.32,38.69,39.32,30813871.0
2025-01-14,601318,48.59,49.58,48.5,49.36,615774.0
2025-01-14,601398,6.59,6.65,6.56,6.61,3418853.0
2025-01-14,601857,8.81,8.91,8.75,8.9,158884680.0
2025-01-15,000333,74.64,75.77,73.6,73.82,25663453.0
2025-01-15,510300,3.896,3.904,3.877,3.883,7420496.0
2025-01-15,510500,5.645,5.652,5.599,5.61,4353645.0
2025-01-15,511010,141.25,141.345,141.239,141.267,37847.0
2025-01-15,518880,6.075,6.109,6.07,6.102,2386864.0
2025-01-15,600036,39.99,41.0,39.89,40.64,796701.0
2025-01-15,600519,1467.0,1474.6,1460.01,1471.27,1839934.0
2025-01-15,600887,28.7,28.83,28.38,28.46,26884092.0
2025-01-15,600900,28.73,29.12,28.61,28.8,72279278.0
2025-01-15,600941,107.93,109.48,107.4,108.39,11436110.0
2025-01-15,601088,39.18,39.93,38.96,39.21,29639657.0
2025-01-15,601318,49.25,49.66,48.91,49.11,458029.0
2025-01-15,601398,6.6,6.73,6.58,6.63,3075983.0
2025-01-15,601857,8.86,9.02,8.79,8.86,141486900.0
2025-01-16,000333,73.99,75.45,73.9,74.09,26233035.0
2025-01-16,510300,3.896,3.933,3.861,3.885,11090052.0
2025-01-16,510500,5.542,5.633,5.5,5.537,5068270.0
2025-01-16,511010,141.229,141.325,141.116,141.243,26141.0
2025-01-16,518880,6.139,6.141,6.11,6.122,2413133.0
2025-01-16,600036,40.65,41.15,40.53,40.99,592594.0
2025-01-16,600519,1474.0,1482.66,1442.0,1446.38,2634213.0
2025-01-16,600887,28.57,28.68,28.23,28.33,30914604.0
2025-01-16,600900,28.73,28.98,28.72,28.84,72060240.0
2025-01-16,600941,108.4,109.85,107.99,109.29,11422539.0
2025-01-16,601088,39.35,39.92,39.05,39.7,31088895.0
2025-01-16,601318,49.3,49.75,48.93,49.25,415761.0
2025-01-16,601398,6.64,6.69,6.57,6.68,2674681.0
2025-01-16,601857,8.93,9.04,8.88,9.0,153454811.0
2025-01-17,000333,74.08,74.87,73.63,74.35,15928751.0
2025-01-17,510300,3.875,3.922,3.868,3.898,8476993.0
2025-01-17,510500,5.51,5.621,5.51,5.581,2755505.0
2025-01-17,511010,141.293,141.293,141.166,141.178,24902.0
2025-01-17,518880,6.146,6.162,6.136,6.139,2479820.0
2025-01-17,600036,40.96,41.16,40.13,40.71,475901.0
2025-01-17,600519,1446.39,1461.0,1446.38,1454.75,1830894.0
2025-01-17,600887,28.18,28.58,28.06,28.4,24748651.0
2025-01-17,600900,28.87,29.03,28.76,29.01,59637230.0
2025-01-17,600941,109.0,110.5,108.48,109.1,9177756.0
2025-01-17,601088,39.68,40.06,39.47,39.61,25120232.0
2025-01-17,601318,49.1,49.57,48.77,49.38,460747.0
2025-01-17,601398,6.67,6.7,6.6,6.61,2781346.0
2025-01-17,601857,8.95,8.98,8.82,8.83,150269686.0
2025-01-20,000333,75.1,76.74,74.88,74.89,29699251.0
2025-01-20,510300,3.921,3.949,3.908,3.917,9202943.0
2025-01-20,510500,5.615,5.666,5.593,5.608,3234081.0
2025-01-20,511010,141.128,141.22,141.085,141.189,82198.0
2025-01-20,518880,6.091,6.131,6.089,6.127,1982195.0
2025-01-20,600036,40.98,41.07,40.11,40.12,542575.0
2025-01-20,600519,1461.0,1489.79,1460.0,1474.8,3140975.0
2025-01-20,600887,28.62,28.78,27.8,27.8,49779648.0
2025-01-20,600900,29.05,29.06,28.83,28.97,66542377.0
2025-01-20,600941,108.81,110.0,108.05,108.5,9059257.0
2025-01-20,601088,39.7,39.7,38.7,38.74,35852623.0
2025-01-20,601318,49.72,50.3,49.66,49.81,491736.0
2025-01-20,601398,6.62,6.63,6.56,6.57,2273623.0
2025-01-20,601857,8.82,8.82,8.55,8.57,235403562.0
2025-01-21,000333,75.26,75.29,74.22,74.4,16286277.0
2025-01-21,510300,3.937,3.941,3.905,3.922,7439264.0
2025-01-21,510500,5.63,5.645,5.567,5.628,3450430.0
2025-01-21,511010,141.086,141.226,141.086,141.219,10240.0
2025-01-21,518880,6.102,6.131,6.102,6.127,1954421.0
2025-01-21,600036,40.32,40.51,40.01,40.14,400685.0
2025-01-21,600519,1481.0,1482.0,1465.0,1468.15,1685604.0
2025-01-21,600887,27.83,27.89,27.11,27.57,53372120.0
2025-01-21,600900,28.96,29.31,28.82,29.16,78941328.0
2025-01-21,600941,108.49,108.5,106.88,107.2,13194445.0
2025-01-21,601088,38.78,38.88,38.1,38.21,25468980.0
2025-01-21,601318,50.2,50.39,49.66,49.9,409951.0
2025-01-21,601398,6.58,6.61,6.52,6.55,2157435.0
2025-01-21,601857,8.53,8.56,8.41,8.45,152266647.0
2025-01-22,000333,74.38,74.38,72.28,73.0,32217997.0
2025-01-22,510300,3.916,3.916,3.868,3.886,10996807.0
2025-01-22,510500,5.611,5.619,5.559,5.607,3212695.0
2025-01-22,511010,141.3,141.347,141.288,141.31,124685.0
2025-01-22,518880,6.17,6.215,6.169,6.181,2967705.0
2025-01-22,600036,40.14,40.16,39.32,39.45,588912.0
2025-01-22,600519,1463.27,1467.95,1438.0,1441.0,2829384.0
2025-01-22,600887,27.49,27.6,27.15,27.4,37674662.0
2025-01-22,600900,29.16,29.3,28.6,28.69,107370320.0
2025-01-22,600941,106.6,108.47,106.6,108.32,11888834.0
2025-01-22,601088,38.49,38.5,37.91,38.09,23779006.0
2025-01-22,601318,49.72,49.92,48.85,48.95,530780.0
2025-01-22,601398,6.54,6.56,6.4,6.44,4111694.0
2025-01-22,601857,8.41,8.44,8.2,8.23,192271249.0
2025-01-23,000333,73.4,73.92,72.4,73.41,27008672.0
2025-01-23,510300,3.915,3.958,3.894,3.897,10385928.0
2025-01-23,510500,5.65,5.724,5.58,5.584,4192641.0
2025-01-23,511010,141.259,141.265,141.093,141.146,126339.0
2025-01-23,518880,6.183,6.194,6.18,6.187,1923679.0
2025-01-23,600036,39.67,40.23,39.52,39.83,606618.0
2025-01-23,600519,1449.97,1468.0,1438.0,1443.0,2712504.0
2025-01-23,600887,27.55,27.9,27.3,27.56,32169839.0
2025-01-23,600900,28.72,28.81,28.28,28.5,103468365.0
2025-01-23,600941,108.8,111.36,108.69,109.55,13935546.0
2025-01-23,601088,38.35,38.98,38.17,38.41,25459581.0
2025-01-23,601318,49.82,51.45,49.78,50.37,969105.0
2025-01-23,601398,6.48,6.69,6.48,6.66,5446820.0
2025-01-23,601857,8.26,8.37,8.24,8.26,152374577.0
2025-01-24,000333,73.01,73.64,72.55,72.82,30486076.0
2025-01-24,510300,3.889,3.943,3.883,3.929,11436475.0
2025-01-24,510500,5.569,5.663,5.568,5.652,5009241.0
2025-01-24,511010,141.142,141.142,140.912,141.004,154365.0
2025-01-24,518880,6.209,6.225,6.199,6.218,2274922.0
2025-01-24,600036,39.66,40.55,39.46,40.26,574652.0
2025-01-24,600519,1442.0,1447.79,1430.31,1436.0,3136034.0
2025-01-24,600887,27.48,27.87,27.4,27.59,35463995.0
2025-01-24,600900,28.38,28.65,28.2,28.2,84000577.0
2025-01-24,600941,109.31,110.2,108.75,109.02,9878125.0
2025-01-24,601088,38.62,39.4,38.2,39.08,36208147.0
2025-01-24,601318,50.18,51.37,50.1,50.86,616779.0
2025-01-24,601398,6.67,6.72,6.57,6.67,3282052.0
2025-01-24,601857,8.23,8.29,8.17,8.22,149177143.0
2025-01-27,000333,72.86,74.3,72.62,73.88,28011516.0
2025-01-27,510300,3.936,3.945,3.904,3.907,13053850.0
2025-01-27,510500,5.659,5.675,5.582,5.585,4883961.0
2025-01-27,511010,141.122,141.499,141.122,141.496,118679.0
2025-01-27,518880,6.218,6.218,6.181,6.202,2288187.0
2025-01-27,600036,40.58,40.97,40.55,40.65,526060.0
2025-01-27,600519,1437.0,1443.97,1427.02,1434.99,2935646.0
2025-01-27,600887,27.59,28.05,27.59,27.83,47803280.0
2025-01-27,600900,28.27,29.1,28.22,28.9,99524449.0
2025-01-27,600941,109.05,111.2,108.7,110.97,14011137.0
2025-01-27,601088,39.1,40.1,39.09,40.0,29457006.0
2025-01-27,601318,51.03,51.62,50.81,50.85,524547.0
2025-01-27,601398,6.68,6.85,6.68,6.82,3718662.0
2025-01-27,601857,8.22,8.35,8.19,8.33,155373168.0
2025-02-05,000333,73.4,73.69,71.68,72.21,36351088.0
2025-02-05,510300,3.93,3.934,3.879,3.887,7515497.0
2025-02-05,510500,5.638,5.643,5.582,5.608,2639928.0
2025-02-05,511010,141.431,141.488,141.162,141.459,104712.0
2025-02-05,518880,6.4,6.441,6.385,6.439,3670161.0
2025-02-05,600036,40.85,40.9,39.9,40.0,504789.0
2025-02-05,600519,1440.0,1443.0,1402.21,1403.8,4075652.0
2025-02-05,600887,27.72,27.85,26.85,26.85,58641824.0
2025-02-05,600900,28.86,28.89,28.27,28.35,90286113.0
2025-02-05,600941,110.39,110.6,107.91,108.3,13566088.0
2025-02-05,601088,40.0,40.0,38.41,38.82,34045080.0
2025-02-05,601318,50.98,51.0,49.67,49.72,583072.0
2025-02-05,601398,6.82,6.84,6.68,6.69,3305406.0
2025-02-05,601857,8.33,8.34,8.11,8.15,152525262.0
2025-02-06,000333,72.18,72.56,71.43,72.27,28567493.0
2025-02-06,510300,3.884,3.937,3.881,3.932,13886365.0
2025-02-06,510500,5.598,5.749,5.59,5.74,4672607.0
2025-02-06,511010,141.473,141.612,141.422,141.594,110857.0
2025-02-06,518880,6.441,6.454,6.4,6.402,3053181.0
2025-02-06,600036,40.0,40.38,39.73,40.2,466088.0
2025-02-06,600519,1400.01,1421.99,1400.01,1412.84,2735582.0
2025-02-06,600887,26.84,27.21,26.81,27.05,35193262.0
2025-02-06,600900,28.36,28.43,28.13,28.27,67609734.0
2025-02-06,600941,108.19,108.6,107.76,108.34,10146352.0
2025-02-06,601088,38.82,38.95,38.41,38.95,21866873.0
2025-02-06,601318,49.73,50.5,49.68,50.25,415037.0
2025-02-06,601398,6.7,6.76,6.65,6.69,2644237.0
2025-02-06,601857,8.15,8.22,8.13,8.2,107576108.0
2025-02-07,000333,72.4,73.44,71.67,73.44,35534968.0
2025-02-07,510300,3.933,4.014,3.926,3.988,19306314.0
2025-02-07,510500,5.744,5.896,5.734,5.831,4842323.0
2025-02-07,511010,141.618,141.659,141.5,141.511,158454.0
2025-02-07,518880,6.43,6.435,6.414,6.42,2021942.0
2025-02-07,600036,40.1,40.4,39.96,40.2,521066.0
2025-02-07,600519,1413.68,1442.68,1403.41,1436.0,3724207.0
2025-02-07,600887,27.07,27.53,26.85,27.31,42135207.0
2025-02-07,600900,28.2,28.24,27.9,28.13,109147551.0
2025-02-07,600941,108.01,108.68,107.01,108.14,18944852.0
2025-02-07,601088,38.8,38.97,38.51,38.89,26659225.0
2025-02-07,601318,50.18,51.44,49.84,50.88,725812.0
2025-02-07,601398,6.67,6.69,6.61,6.69,3676439.0
2025-02-07,601857,8.18,8.27,8.14,8.26,138216008.0
2025-02-10,000333,73.32,73.33,72.5,73.01,31864987.0
2025-02-10,510300,3.989,4.0,3.974,3.992,12672646.0
2025-02-10,510500,5.843,5.891,5.83,5.882,4069189.0
2025-02-10,511010,141.465,141.465,141.258,141.281,151570.0
2025-02-10,518880,6.46,6.519,6.46,6.518,3156432.0
2025-02-10,600036,40.2,40.92,39.96,40.6,581806.0
2025-02-10,600519,1438.0,1440.0,1427.09,1431.51,2083979.0
2025-02-10,600887,27.32,27.35,26.85,27.13,56316353.0
2025-02-10,600900,28.05,28.16,27.9,27.91,96900076.0
2025-02-10,600941,108.91,113.7,108.69,110.0,34504717.0
2025-02-10,601088,38.7,38.85,38.46,38.59,23816230.0
2025-02-10,601318,50.89,51.36,50.8,50.9,431815.0
2025-02-10,601398,6.66,6.74,6.64,6.67,3119268.0
2025-02-10,601857,8.25,8.28,8.2,8.23,110624145.0
2025-02-11,000333,73.44,73.86,72.61,73.7,30044016.0
2025-02-11,510300,3.997,3.998,3.963,3.976,9990359.0
2025-02-11,510500,5.881,5.899,5.819,5.859,2711553.0
2025-02-11,511010,141.265,141.337,141.196,141.248,52802.0
2025-02-11,518880,6.628,6.645,6.531,6.584,6889828.0
2025-02-11,600036,40.75,41.04,40.64,40.98,457771.0
2025-02-11,600519,1434.95,1435.96,1415.9,1418.0,2357283.0
2025-02-11,600887,27.15,27.21,26.88,26.95,35131073.0
2025-02-11,600900,27.98,27.98,27.7,27.9,90138630.0
2025-02-11,600941,109.77,111.67,109.0,109.79,17838833.0
2025-02-11,601088,38.54,38.97,38.38,38.55,24355584.0
2025-02-11,601318,51.2,51.24,50.37,50.52,381844.0
2025-02-11,601398,6.68,6.82,6.68,6.82,3941954.0
2025-02-11,601857,8.25,8.35,8.23,8.29,147938177.0
2025-02-12,000333,73.46,73.59,72.68,73.28,22807278.0
2025-02-12,510300,3.974,4.019,3.96,4.014,9789537.0
2025-02-12,510500,5.839,5.943,5.839,5.936,2615958.0
2025-02-12,511010,141.258,141.341,141.238,141.25,28326.0
2025-02-12,518880,6.542,6.548,6.511,6.538,3426371.0
2025-02-12,600036,40.96,41.66,40.56,41.62,603591.0
2025-02-12,600519,1418.0,1445.0,1416.88,1443.0,2547579.0
2025-02-12,600887,26.89,27.2,26.82,27.14,32897065.0
2025-02-12,600900,27.85,28.03,27.77,27.99,71470071.0
2025-02-12,600941,109.54,111.2,109.25,110.72,15394118.0
2025-02-12,601088,38.56,38.56,38.03,38.22,30660311.0
2025-02-12,601318,50.52,51.12,50.18,51.08,446994.0
2025-02-12,601398,6.81,6.92,6.73,6.9,3257811.0
2025-02-12,601857,8.3,8.3,8.23,8.28,109526961.0
2025-02-13,000333,73.0,73.39,72.13,72.14,41066444.0
2025-02-13,510300,4.009,4.034,3.998,4.004,11758227.0
2025-02-13,510500,5.934,5.955,5.886,5.907,2836255.0
2025-02-13,511010,141.252,141.253,141.169,141.227,152223.0
2025-02-13,518880,6.564,6.587,6.559,6.57,2840252.0
2025-02-13,600036,41.65,41.95,41.34,41.71,462207.0
2025-02-13,600519,1443.02,1475.25,1434.51,1465.06,4338536.0
2025-02-13,600887,27.14,27.78,27.08,27.5,64481638.0
2025-02-13,600900,27.92,28.23,27.83,28.17,94001814.0
2025-02-13,600941,110.72,112.05,110.13,110.61,16194651.0
2025-02-13,601088,38.24,38.45,38.02,38.11,29750047.0
2025-02-13,601318,50.92,51.78,50.81,51.02,590363.0
2025-02-13,601398,6.89,6.99,6.87,6.96,2945244.0
2025-02-13,601857,8.21,8.27,8.19,8.23,133934369.0
2025-02-14,000333,72.12,72.69,71.9,72.49,23435076.0
2025-02-14,510300,4.0,4.04,3.997,4.034,12924287.0
2025-02-14,510500,5.891,5.962,5.886,5.953,3231129.0
2025-02-14,511010,141.226,141.226,140.915,140.926,144112.0
2025-02-14,518880,6.599,6.607,6.585,6.605,2466761.0
2025-02-14,600036,41.69,42.03,41.52,42.03,498737.0
2025-02-14,600519,1465.06,1477.0,1458.22,1475.0,2709992.0
2025-02-14,600887,27.45,27.8,27.4,27.62,35488428.0
2025-02-14,600900,28.17,28.5,28.05,28.21,92876377.0
2025-02-14,600941,110.49,112.94,109.71,112.65,22747772.0
2025-02-14,601088,38.17,38.21,37.92,38.13,28187397.0
2025-02-14,601318,50.99,51.86,50.8,51.7,599772.0
2025-02-14,601398,6.96,7.0,6.9,6.99,2531578.0
2025-02-14,601857,8.23,8.24,8.08,8.11,247682714.0
2025-02-17,000333,72.25,72.47,71.25,72.04,40235806.0
2025-02-17,510300,4.044,4.053,4.012,4.041,13341020.0
2025-02-17,510500,5.973,5.982,5.9,5.944,3692692.0
2025-02-17,511010,140.918,140.918,140.73,140.832,15595.0
2025-02-17,518880,6.477,6.505,6.47,6.494,3969727.0
2025-02-17,600036,41.99,41.99,41.36,41.72,536126.0
2025-02-17,600519,1481.0,1494.98,1467.1,1471.62,3247059.0
2025-02-17,600887,27.62,27.65,27.23,27.43,47193549.0
2025-02-17,600900,28.06,28.17,27.62,28.17,109580719.0
2025-02-17,600941,113.27,115.13,112.11,113.21,25980850.0
2025-02-17,601088,38.1,38.1,37.12,37.28,60759882.0
2025-02-17,601318,51.83,52.38,51.41,51.84,625710.0
2025-02-17,601398,6.98,7.0,6.91,6.96,2713460.0
2025-02-17,601857,8.08,8.09,8.02,8.06,178435593.0
2025-02-18,000333,71.99,72.65,71.53,71.9,29346513.0
2025-02-18,510300,4.035,4.058,3.996,4.012,12465911.0
2025-02-18,510500,5.923,5.947,5.81,5.844,3047851.0
2025-02-18,511010,140.822,140.822,140.481,140.637,157012.0
2025-02-18,518880,6.5,6.56,6.497,6.555,2928301.0
2025-02-18,600036,41.51,42.48,41.51,42.05,546665.0
2025-02-18,600519,1470.0,1492.99,1462.08,1475.0,2779992.0
2025-02-18,600887,27.39,27.68,27.21,27.26,46017795.0
2025-02-18,600900,28.05,28.56,28.05,28.36,108370674.0
2025-02-18,600941,113.11,114.24,111.5,111.99,15949794.0
2025-02-18,601088,37.0,37.29,36.5,36.61,56134671.0
2025-02-18,601318,51.67,52.18,51.2,51.31,650082.0
2025-02-18,601398,6.95,7.14,6.94,7.09,3975121.0
2025-02-18,601857,8.05,8.14,8.0,8.07,210196149.0
2025-02-19,000333,71.3,71.97,71.0,71.45,33715017.0
2025-02-19,510300,4.005,4.041,4.0,4.033,10190769.0
2025-02-19,510500,5.833,5.945,5.83,5.937,3187797.0
2025-02-19,511010,140.661,140.819,140.615,140.817,146661.0
2025-02-19,518880,6.595,6.624,6.576,6.598,3156105.0
2025-02-19,600036,42.0,42.15,41.76,41.98,374702.0
2025-02-19,600519,1475.05,1494.44,1464.9,1491.0,3239331.0
2025-02-19,600887,27.3,28.18,27.27,28.1,69761041.0
2025-02-19,600900,28.26,28.41,28.03,28.07,83243097.0
2025-02-19,600941,111.9,113.25,111.58,112.0,14300899.0
2025-02-19,601088,36.62,36.63,36.02,36.1,45129839.0
2025-02-19,601318,51.19,51.83,51.02,51.45,464426.0
2025-02-19,601398,7.08,7.12,7.03,7.05,3220723.0
2025-02-19,601857,8.07,8.07,7.96,7.98,226900564.0
2025-02-20,000333,71.41,71.71,71.06,71.23,31420228.0
2025-02-20,510300,4.029,4.033,4.008,4.021,10186035.0
2025-02-20,510500,5.935,5.975,5.914,5.952,3821242.0
2025-02-20,511010,140.818,140.818,140.51,140.583,58578.0
2025-02-20,518880,6.61,6.621,6.598,6.619,2082200.0
2025-02-20,600036,42.0,42.09,41.68,41.85,407675.0
2025-02-20,600519,1483.0,1491.97,1473.39,1474.0,2374973.0
2025-02-20,600887,28.0,28.18,27.7,27.83,36377883.0
2025-02-20,600900,28.0,28.12,27.86,28.04,69621175.0
2025-02-20,600941,111.58,111.58,109.82,110.37,14950195.0
2025-02-20,601088,36.0,36.3,35.73,36.21,34844239.0
2025-02-20,601318,51.23,51.31,50.66,50.78,515385.0
2025-02-20,601398,7.04,7.09,7.0,7.08,2513267.0
2025-02-20,601857,7.98,8.04,7.95,8.01,133223014.0
2025-02-21,000333,71.02,71.23,70.2,70.59,55339013.0
2025-02-21,510300,4.032,4.08,4.02,4.075,14372665.0
2025-02-21,510500,5.967,6.068,5.939,6.054,3384487.0
2025-02-21,511010,140.48,140.673,140.28,140.45,157081.0
2025-02-21,518880,6.608,6.608,6.544,6.568,4119839.0
2025-02-21,600036,41.96,41.99,41.22,41.4,595256.0
2025-02-21,600519,1480.0,1496.73,1473.01,1488.21,3641783.0
2025-02-21,600887,27.88,28.07,27.56,27.69,42832293.0
2025-02-21,600900,28.04,28.04,27.71,27.8,124688160.0
2025-02-21,600941,110.5,116.1,110.45,114.5,35166261.0
2025-02-21,601088,36.17,36.24,35.28,35.38,62451008.0
2025-02-21,601318,50.99,51.5,50.46,51.2,668761.0
2025-02-21,601398,7.06,7.07,6.91,6.93,5772098.0
2025-02-21,601857,8.03,8.03,7.94,7.99,137560896.0
2025-02-24,000333,70.65,71.5,70.28,70.89,46937741.0
2025-02-24,510300,4.07,4.089,4.041,4.062,15385782.0
2025-02-24,510500,6.048,6.07,5.999,6.036,4034275.0
2025-02-24,511010,140.35,140.4,139.931,140.064,158630.0
2025-02-24,518880,6.549,6.586,6.539,6.581,2466793.0
2025-02-24,600036,41.39,41.75,41.1,41.27,571107.0
2025-02-24,600519,1488.0,1499.52,1474.0,1479.07,3474373.0
2025-02-24,600887,27.69,27.8,27.44,27.52,52110106.0
2025-02-24,600900,27.8,27.92,27.51,27.55,129403179.0
2025-02-24,600941,114.5,114.55,111.06,111.47,23052347.0
2025-02-24,601088,35.08,36.1,34.78,35.76,64893459.0
2025-02-24,601318,51.2,52.48,51.05,52.0,835823.0
2025-02-24,601398,6.9,6.94,6.82,6.89,4373310.0
2025-02-24,601857,7.94,7.96,7.88,7.9,179447566.0
2025-02-25,000333,70.5,70.67,68.98,69.03,56599867.0
2025-02-25,510300,4.035,4.051,4.008,4.021,8924900.0
2025-02-25,510500,5.987,6.035,5.955,5.973,2809776.0
2025-02-25,511010,140.179,140.456,139.912,140.253,18767.0
2025-02-25,518880,6.605,6.611,6.575,6.582,2647299.0
2025-02-25,600036,41.15,41.44,40.91,41.03,507321.0
2025-02-25,600519,1470.01,1473.39,1452.0,1454.0,2838743.0
2025-02-25,600887,27.42,27.48,27.2,27.36,40274076.0
2025-02-25,600900,27.58,27.65,27.2,27.33,97322862.0
2025-02-25,600941,110.0,110.49,108.36,108.8,20541759.0
2025-02-25,601088,35.53,36.59,35.44,35.63,63888678.0
2025-02-25,601318,51.5,52.1,50.85,50.98,642429.0
2025-02-25,601398,6.89,6.93,6.83,6.86,3139845.0
2025-02-25,601857,7.9,7.95,7.8,7.81,179267207.0
2025-02-26,000333,68.71,70.16,68.7,70.12,40412376.0
2025-02-26,510300,4.028,4.055,4.019,4.054,13456581.0
2025-02-26,510500,5.987,6.056,5.965,6.045,3356211.0
2025-02-26,511010,140.293,140.443,140.207,140.265,145746.0
2025-02-26,518880,6.562,6.564,6.515,6.519,2949586.0
2025-02-26,600036,41.13,41.7,41.05,41.48,476447.0
2025-02-26,600519,1455.45,1464.96,1445.0,1460.01,2636609.0
2025-02-26,600887,27.31,27.52,27.22,27.43,35594530.0
2025-02-26,600900,27.3,27.7,27.27,27.63,88916962.0
2025-02-26,600941,109.49,109.81,107.16,107.7,21046346.0
2025-02-26,601088,35.63,36.08,35.33,35.54,33014321.0
2025-02-26,601318,51.1,51.78,51.03,51.62,536578.0
2025-02-26,601398,6.86,6.94,6.84,6.88,3293700.0
2025-02-26,601857,7.77,7.85,7.75,7.79,160073074.0
2025-02-27,000333,71.0,72.71,70.63,72.48,65248235.0
2025-02-27,510300,4.056,4.069,4.028,4.067,11285856.0
2025-02-27,510500,6.034,6.058,5.939,6.029,3013502.0
2025-02-27,511010,140.276,140.35,140.166,140.207,153011.0
2025-02-27,518880,6.533,6.541,6.484,6.492,3039010.0
2025-02-27,600036,41.6,42.4,41.28,42.38,622597.0
2025-02-27,600519,1460.02,1489.9,1454.0,1485.56,4976217.0
2025-02-27,600887,27.49,28.29,27.41,28.2,78444185.0
2025-02-27,600900,27.64,27.72,27.31,27.52,99176939.0
2025-02-27,600941,107.5,107.61,106.56,107.0,16836094.0
2025-02-27,601088,35.4,35.88,34.85,35.74,46893208.0
2025-02-27,601318,51.78,51.8,51.12,51.62,547240.0
2025-02-27,601398,6.86,6.95,6.76,6.93,4391902.0
2025-02-27,601857,7.78,7.88,7.73,7.88,209897958.0
2025-02-28,000333,72.75,73.5,72.1,73.05,50647934.0
2025-02-28,510300,4.049,4.065,3.982,3.994,13293340.0
2025-02-28,510500,5.991,6.0,5.847,5.867,3140821.0
2025-02-28,511010,140.186,140.34,140.032,140.254,20762.0
2025-02-28,518880,6.479,6.487,6.435,6.444,2808644.0
2025-02-28,600036,42.38,42.66,42.05,42.05,705424.0
2025-02-28,600519,1485.5,1528.38,1482.0,1500.79,5612895.0
2025-02-28,600887,28.16,28.85,28.11,28.28,72575819.0
2025-02-28,600900,27.48,27.74,27.35,27.38,117501775.0
2025-02-28,600941,106.68,107.72,106.68,106.92,14195015.0
2025-02-28,601088,35.68,35.88,35.44,35.45,35589052.0
2025-02-28,601318,51.4,51.65,50.38,50.38,805268.0
2025-02-28,601398,6.9,6.98,6.87,6.87,4315896.0
2025-02-28,601857,7.85,7.97,7.84,7.86,201612695.0
2025-03-03,000333,72.7,72.99,70.85,71.0,40591782.0
2025-03-03,510300,3.995,4.027,3.966,3.981,11457686.0
2025-03-03,510500,5.867,5.964,5.851,5.877,2773490.0
2025-03-03,511010,140.29,140.636,140.212,140.6,156581.0
2025-03-03,518880,6.445,6.455,6.435,6.451,2587499.0
2025-03-03,600036,42.12,42.62,41.95,42.05,470149.0
2025-03-03,600519,1502.6,1520.99,1481.5,1487.02,3159566.0
2025-03-03,600887,28.3,28.48,27.8,27.9,51323384.0
2025-03-03,600900,27.38,27.43,27.06,27.09,112763438.0
2025-03-03,600941,106.93,107.32,105.8,106.23,15329693.0
2025-03-03,601088,35.58,35.92,35.4,35.54,27862063.0
2025-03-03,601318,50.55,50.82,50.06,50.33,423161.0
2025-03-03,601398,6.87,6.89,6.78,6.85,3964019.0
2025-03-03,601857,7.9,7.94,7.8,7.83,155070251.0
2025-03-04,000333,71.28,72.47,71.28,71.97,30041994.0
2025-03-04,510300,3.96,3.984,3.952,3.977,10121848.0
2025-03-04,510500,5.839,5.944,5.832,5.929,2026357.0
2025-03-04,511010,140.712,140.863,140.433,140.594,21393.0
2025-03-04,518880,6.49,6.507,6.487,6.499,2657438.0
2025-03-04,600036,41.91,42.1,41.77,41.8,317245.0
2025-03-04,600519,1485.0,1486.0,1465.21,1470.11,2521121.0
2025-03-04,600887,27.8,27.89,27.56,27.77,31694873.0
2025-03-04,600900,27.09,27.2,26.98,27.15,64725189.0
2025-03-04,600941,105.77,107.0,105.72,106.8,9956332.0
2025-03-04,601088,35.4,35.54,35.13,35.35,21458015.0
2025-03-04,601318,50.08,50.29,50.0,50.08,372432.0
2025-03-04,601398,6.82,6.84,6.78,6.78,3436562.0
2025-03-04,601857,7.78,7.78,7.61,7.62,247492704.0
2025-03-05,000333,71.9,72.15,71.2,71.75,28618620.0
2025-03-05,510300,3.98,3.999,3.968,3.994,11919016.0
2025-03-05,510500,5.932,5.954,5.881,5.944,2454551.0
2025-03-05,511010,140.58,140.674,140.543,140.546,149918.0
2025-03-05,518880,6.523,6.551,6.521,6.547,2218841.0
2025-03-05,600036,41.96,42.91,41.75,42.89,632037.0
2025-03-05,600519,1472.0,1474.0,1460.1,1466.37,2460522.0
2025-03-05,600887,27.76,27.93,27.52,27.79,36617216.0
2025-03-05,600900,27.14,27.6,27.01,27.48,94660546.0
2025-03-05,600941,106.66,108.81,106.38,108.38,16540992.0
2025-03-05,601088,35.26,35.73,35.01,35.73,32633112.0
2025-03-05,601318,50.18,50.55,50.01,50.38,455072.0
2025-03-05,601398,6.77,6.9,6.73,6.87,4599124.0
2025-03-05,601857,7.6,7.68,7.58,7.65,140406670.0
2025-03-06,000333,71.91,71.97,70.42,71.14,40239881.0
2025-03-06,510300,4.015,4.062,4.011,4.049,13710079.0
2025-03-06,510500,5.97,6.065,5.966,6.039,4029340.0
2025-03-06,511010,140.536,140.536,140.339,140.417,149712.0
2025-03-06,518880,6.53,6.546,6.527,6.535,1876230.0
2025-03-06,600036,42.89,43.1,42.45,42.96,572053.0
2025-03-06,600519,1474.0,1510.2,1472.08,1505.98,4216764.0
2025-03-06,600887,27.82,28.08,27.61,27.99,43977637.0
2025-03-06,600900,27.41,27.48,27.15,27.22,98075923.0
2025-03-06,600941,108.3,108.49,107.22,107.97,17593932.0
2025-03-06,601088,35.69,35.69,35.23,35.49,29250385.0
2025-03-06,601318,50.77,51.93,50.53,51.64,1045821.0
2025-03-06,601398,6.85,6.86,6.79,6.83,3656712.0
2025-03-06,601857,7.59,7.66,7.56,7.65,185658163.0
2025-03-07,000333,71.12,71.24,70.26,70.79,31482660.0
2025-03-07,510300,4.04,4.061,4.03,4.039,11559971.0
2025-03-07,510500,6.021,6.06,5.987,6.013,3157096.0
2025-03-07,511010,140.286,140.286,140.0,140.137,18771.0
2025-03-07,518880,6.506,6.529,6.503,6.526,2122387.0
2025-03-07,600036,42.9,43.8,42.85,43.57,605413.0
2025-03-07,600519,1503.0,1528.36,1503.0,1521.0,3799135.0
2025-03-07,600887,27.88,27.98,27.34,27.75,68093556.0
2025-03-07,600900,27.21,27.37,27.13,27.26,68383213.0
2025-03-07,600941,107.9,108.59,107.13,108.59,14109023.0
2025-03-07,601088,35.49,36.18,35.4,35.89,42731841.0
2025-03-07,601318,51.6,51.84,51.32,51.5,481479.0
2025-03-07,601398,6.83,6.85,6.79,6.8,3223756.0
2025-03-07,601857,7.63,7.74,7.62,7.69,176614024.0
2025-03-10,000333,70.81,71.26,70.51,71.07,27344026.0
2025-03-10,510300,4.037,4.042,3.999,4.023,14427837.0
2025-03-10,510500,6.008,6.031,5.961,6.006,3345878.0
2025-03-10,511010,139.999,140.095,139.886,139.905,23009.0
2025-03-10,518880,6.531,6.545,6.526,6.544,1681356.0
2025-03-10,600036,43.49,43.58,42.82,43.07,508750.0
2025-03-10,600519,1519.81,1526.88,1506.14,1522.9,3136907.0
2025-03-10,600887,27.65,27.8,27.29,27.37,49588074.0
2025-03-10,600900,27.27,27.28,27.03,27.1,88322350.0
2025-03-10,600941,108.48,108.48,106.4,106.64,13592088.0
2025-03-10,601088,35.8,36.52,35.78,36.1,32106046.0
2025-03-10,601318,51.51,51.66,50.78,51.25,611283.0
2025-03-10,601398,6.79,6.8,6.72,6.74,3242116.0
2025-03-10,601857,7.68,7.73,7.63,7.66,120526269.0
2025-03-11,000333,70.5,71.44,70.3,70.93,25282497.0
2025-03-11,510300,3.994,4.036,3.99,4.035,10029170.0
2025-03-11,510500,5.946,6.039,5.943,6.036,1617295.0
2025-03-11,511010,139.935,139.951,139.527,139.581,12963.0
2025-03-11,518880,6.491,6.506,6.488,6.505,2170708.0
2025-03-11,600036,42.77,43.64,42.71,43.51,565741.0
2025-03-11,600519,1517.0,1548.68,1512.0,1548.68,3977560.0
2025-03-11,600887,27.2,27.64,27.15,27.64,42861912.0
2025-03-11,600900,27.04,27.29,27.03,27.19,91040312.0
2025-03-11,600941,106.04,107.71,106.03,107.22,10245364.0
2025-03-11,601088,36.08,36.45,35.8,36.43,31166826.0
2025-03-11,601318,50.71,51.5,50.6,51.5,529147.0
2025-03-11,601398,6.72,6.78,6.72,6.78,2680002.0
2025-03-11,601857,7.61,7.7,7.6,7.7,104178219.0
2025-03-12,000333,70.98,70.98,70.1,70.1,30130110.0
2025-03-12,510300,4.038,4.05,4.018,4.025,6092317.0
2025-03-12,510500,6.049,6.098,6.031,6.04,2047492.0
2025-03-12,511010,139.53,140.133,139.375,140.073,183836.0
2025-03-12,518880,6.518,6.534,6.512,6.526,1335725.0
2025-03-12,600036,43.5,43.86,43.25,43.54,418258.0
2025-03-12,600519,1546.96,1549.68,1526.35,1542.58,2960396.0
2025-03-12,600887,27.64,27.8,27.4,27.4,32964670.0
2025-03-12,600900,27.16,27.19,27.01,27.12,78523785.0
2025-03-12,600941,107.0,107.0,105.29,105.66,20084345.0
2025-03-12,601088,36.35,36.35,35.8,35.93,25021551.0
2025-03-12,601318,51.5,51.6,51.01,51.15,470578.0
2025-03-12,601398,6.76,6.77,6.7,6.72,3177702.0
2025-03-12,601857,7.7,7.73,7.65,7.67,94638719.0
2025-03-13,000333,70.01,70.65,69.81,70.01,25262164.0
2025-03-13,510300,4.024,4.033,3.993,4.005,6410438.0
2025-03-13,510500,6.03,6.048,5.94,5.989,2125910.0
2025-03-13,511010,140.0,140.25,139.93,140.091,20625.0
2025-03-13,518880,6.573,6.583,6.57,6.575,1806218.0
2025-03-13,600036,43.6,44.38,43.5,43.84,585539.0
2025-03-13,600519,1544.0,1555.5,1530.88,1537.77,2572439.0
2025-03-13,600887,27.5,27.8,27.36,27.39,38642151.0
2025-03-13,600900,27.1,27.35,27.09,27.25,87409660.0
2025-03-13,600941,105.67,106.24,105.4,105.79,11075364.0
2025-03-13,601088,35.94,37.57,35.93,37.22,84155323.0
2025-03-13,601318,51.15,51.55,50.93,51.14,411448.0
2025-03-13,601398,6.72,6.77,6.7,6.73,2572950.0
2025-03-13,601857,7.72,7.83,7.7,7.82,224371962.0
2025-03-14,000333,70.03,72.1,69.82,71.87,42544964.0
2025-03-14,510300,4.012,4.113,4.01,4.106,19037183.0
2025-03-14,510500,5.992,6.1,5.972,6.098,4824885.0
2025-03-14,511010,139.991,140.128,139.741,140.066,52481.0
2025-03-14,518880,6.693,6.693,6.662,6.673,3370643.0
2025-03-14,600036,44.0,45.47,43.94,45.16,911275.0
2025-03-14,600519,1547.66,1628.01,1541.0,1628.01,9291315.0
2025-03-14,600887,27.9,29.99,27.9,29.75,192089353.0
2025-03-14,600900,27.29,27.55,27.23,27.45,111413990.0
2025-03-14,600941,105.82,107.0,105.82,106.51,15564786.0
2025-03-14,601088,37.1,37.5,37.03,37.17,43887907.0
2025-03-14,601318,51.33,53.89,51.21,53.47,1502449.0
2025-03-14,601398,6.72,6.81,6.72,6.75,4890721.0
2025-03-14,601857,7.79,7.85,7.79,7.84,174871484.0
2025-03-17,000333,72.52,72.52,71.6,71.88,34733287.0
2025-03-17,510300,4.118,4.123,4.088,4.094,11330420.0
2025-03-17,510500,6.11,6.121,6.087,6.1,3835627.0
2025-03-17,511010,139.938,139.944,139.771,139.779,12210.0
2025-03-17,518880,6.674,6.678,6.659,6.677,2612271.0
2025-03-17,600036,45.32,45.5,44.98,45.04,654210.0
2025-03-17,600519,1657.0,1657.99,1626.88,1637.86,5468913.0
2025-03-17,600887,30.0,30.09,28.92,29.11,115261491.0
2025-03-17,600900,27.51,27.69,27.35,27.37,76352193.0
2025-03-17,600941,106.55,106.66,105.81,105.99,12874801.0
2025-03-17,601088,37.16,37.46,37.0,37.03,28785645.0
2025-03-17,601318,53.47,53.62,53.1,53.38,605172.0
2025-03-17,601398,6.75,6.83,6.74,6.81,3586198.0
2025-03-17,601857,7.88,7.94,7.87,7.92,148361949.0
2025-03-18,000333,72.0,76.1,71.61,74.98,77931396.0
2025-03-18,510300,4.108,4.115,4.091,4.103,8114043.0
2025-03-18,510500,6.112,6.166,6.108,6.126,1786536.0
2025-03-18,511010,139.762,139.956,139.729,139.88,23671.0
2025-03-18,518880,6.688,6.73,6.688,6.727,2476183.0
2025-03-18,600036,45.29,45.38,44.82,45.14,428220.0
2025-03-18,600519,1645.04,1652.0,1621.7,1624.0,3161345.0
2025-03-18,600887,29.15,29.27,28.72,28.81,53793445.0
2025-03-18,600900,27.37,27.42,27.17,27.2,77719309.0
2025-03-18,600941,106.09,106.45,105.71,105.92,10702326.0
2025-03-18,601088,36.98,36.98,36.59,36.68,24126961.0
2025-03-18,601318,53.7,54.19,53.64,53.76,587740.0
2025-03-18,601398,6.83,6.84,6.77,6.8,2369528.0
2025-03-18,601857,7.93,7.94,7.86,7.9,95541450.0
2025-03-19,000333,77.23,77.94,75.03,76.51,106626103.0
2025-03-19,510300,4.098,4.121,4.084,4.109,8798313.0
2025-03-19,510500,6.115,6.126,6.068,6.102,1508335.0
2025-03-19,511010,139.88,139.998,139.74,139.792,32373.0
2025-03-19,518880,6.757,6.806,6.754,6.8,3326467.0
2025-03-19,600036,45.28,46.1,45.1,46.02,670706.0
2025-03-19,600519,1624.29,1648.0,1623.0,1635.71,2738955.0
2025-03-19,600887,28.81,28.95,28.6,28.64,40370440.0
2025-03-19,600900,27.24,27.7,27.16,27.63,131859932.0
2025-03-19,600941,106.0,106.07,105.33,105.81,9499984.0
2025-03-19,601088,36.68,36.91,36.52,36.68,20882110.0
2025-03-19,601318,53.68,54.3,53.57,54.07,509874.0
2025-03-19,601398,6.81,6.88,6.8,6.87,3032694.0
2025-03-19,601857,7.86,7.92,7.86,7.88,78327430.0
2025-03-20,000333,76.4,76.85,75.1,75.17,58569319.0
2025-03-20,510300,4.109,4.109,4.068,4.076,8751426.0
2025-03-20,510500,6.099,6.105,6.055,6.06,2623956.0
2025-03-20,511010,139.912,140.05,139.9,139.965,37766.0
2025-03-20,518880,6.82,6.825,6.799,6.807,2885806.0
2025-03-20,600036,45.92,45.92,44.78,45.24,678656.0
2025-03-20,600519,1635.71,1637.6,1595.07,1604.0,3673677.0
2025-03-20,600887,28.71,28.85,28.32,28.33,46345905.0
2025-03-20,600900,27.7,27.76,27.54,27.64,60194152.0
2025-03-20,600941,105.8,105.88,104.6,105.0,17738432.0
2025-03-20,601088,36.78,37.15,36.7,36.75,22858993.0
2025-03-20,601318,54.05,54.06,52.23,52.49,1140723.0
2025-03-20,601398,6.87,6.92,6.81,6.84,3008452.0
2025-03-20,601857,7.88,7.97,7.88,7.95,130421268.0
2025-03-21,000333,74.77,76.43,74.77,75.28,38452793.0
2025-03-21,510300,4.063,4.079,4.0,4.01,10149157.0
2025-03-21,510500,6.033,6.066,5.95,5.968,2455737.0
2025-03-21,511010,140.012,140.012,139.906,139.912,13837.0
2025-03-21,518880,6.808,6.81,6.762,6.774,2599056.0
2025-03-21,600036,45.12,45.34,44.52,44.7,675412.0
2025-03-21,600519,1599.0,1612.2,1568.83,1573.75,3361430.0
2025-03-21,600887,28.35,28.53,27.67,27.67,69440200.0
2025-03-21,600900,27.67,27.76,27.37,27.4,74187671.0
2025-03-21,600941,105.1,108.18,105.1,106.65,35459490.0
2025-03-21,601088,36.62,37.15,36.62,36.62,29294231.0
2025-03-21,601318,52.4,52.66,51.68,51.75,795715.0
2025-03-21,601398,6.82,6.85,6.75,6.76,3087991.0
2025-03-21,601857,7.98,8.09,7.94,7.96,209242475.0
2025-03-24,000333,74.88,76.5,74.82,76.06,38734811.0
2025-03-24,510300,4.009,4.031,4.004,4.027,7912221.0
2025-03-24,510500,5.97,5.979,5.883,5.961,2315640.0
2025-03-24,511010,139.88,139.905,139.79,139.844,14798.0
2025-03-24,518880,6.77,6.782,6.758,6.78,1528904.0
2025-03-24,600036,44.55,45.19,44.55,45.05,449576.0
2025-03-24,600519,1570.0,1589.66,1562.38,1583.0,2556585.0
2025-03-24,600887,27.9,28.4,27.78,28.01,49992769.0
2025-03-24,600900,27.42,27.8,27.37,27.7,99162478.0
2025-03-24,600941,106.65,107.1,105.39,105.7,18813104.0
2025-03-24,601088,36.9,37.48,36.67,37.12,41665708.0
2025-03-24,601318,51.82,52.28,51.82,52.13,508657.0
2025-03-24,601398,6.76,6.85,6.76,6.82,3060402.0
2025-03-24,601857,7.96,8.0,7.9,7.99,126374562.0
2025-03-25,000333,76.81,77.5,76.37,76.86,32418622.0
2025-03-25,510300,4.028,4.039,4.017,4.029,6115316.0
2025-03-25,510500,5.957,5.984,5.921,5.941,1978020.0
2025-03-25,511010,140.015,140.07,139.92,140.017,40245.0
2025-03-25,518880,6.758,6.778,6.751,6.774,1881733.0
2025-03-25,600036,45.0,45.5,44.95,45.09,356872.0
2025-03-25,600519,1588.0,1592.8,1566.66,1575.5,1767438.0
2025-03-25,600887,28.02,28.39,27.81,28.38,34180833.0
2025-03-25,600900,27.71,28.0,27.56,27.93,77255982.0
2025-03-25,600941,105.88,106.27,105.39,105.9,10327630.0
2025-03-25,601088,37.12,38.1,36.97,37.75,58279682.0
2025-03-25,601318,52.15,52.21,51.82,51.96,344402.0
2025-03-25,601398,6.83,6.87,6.81,6.85,2318057.0
2025-03-25,601857,7.99,8.08,7.97,8.08,116796322.0
2025-03-26,000333,76.47,77.4,75.87,76.79,23706858.0
2025-03-26,510300,4.025,4.04,4.01,4.013,7742554.0
2025-03-26,510500,5.933,5.983,5.933,5.941,1918078.0
2025-03-26,511010,140.007,140.183,139.944,140.176,8144.0
2025-03-26,518880,6.78,6.797,6.775,6.795,1928881.0
2025-03-26,600036,44.5,44.59,42.61,42.66,1578326.0
2025-03-26,600519,1572.77,1582.58,1571.0,1576.0,1432356.0
2025-03-26,600887,28.23,28.38,28.17,28.28,24532391.0
2025-03-26,600900,27.93,27.99,27.61,27.83,69088342.0
2025-03-26,600941,106.0,107.58,106.0,106.61,10785916.0
2025-03-26,601088,37.76,38.13,37.45,38.03,36848469.0
2025-03-26,601318,51.98,52.09,51.72,51.72,403995.0
2025-03-26,601398,6.86,6.88,6.81,6.83,2337801.0
2025-03-26,601857,8.08,8.15,8.06,8.11,104647429.0
2025-03-27,000333,76.79,77.5,76.32,76.5,25721538.0
2025-03-27,510300,4.011,4.05,3.995,4.027,8015252.0
2025-03-27,510500,5.937,6.0,5.884,5.956,2122545.0
2025-03-27,511010,140.18,140.258,140.102,140.227,11059.0
2025-03-27,518880,6.797,6.817,6.791,6.812,2245290.0
2025-03-27,600036,42.75,43.74,42.74,43.26,827951.0
2025-03-27,600519,1576.0,1598.25,1573.38,1589.0,1795563.0
2025-03-27,600887,28.27,28.56,28.21,28.41,30412226.0
2025-03-27,600900,27.75,27.86,27.62,27.77,57299116.0
2025-03-27,600941,106.8,107.48,106.3,106.51,9928719.0
2025-03-27,601088,37.94,38.27,37.79,37.98,23202680.0
2025-03-27,601318,51.71,52.45,51.53,52.06,432169.0
2025-03-27,601398,6.82,6.89,6.82,6.87,2580278.0
2025-03-27,601857,8.11,8.19,8.1,8.18,125808749.0
2025-03-28,000333,76.21,77.18,75.68,76.87,24911431.0
2025-03-28,510300,4.027,4.029,4.0,4.008,7043048.0
2025-03-28,510500,5.953,5.972,5.897,5.909,1995542.0
2025-03-28,511010,140.218,140.303,140.145,140.197,9230.0
2025-03-28,518880,6.912,6.939,6.894,6.938,4236335.0
2025-03-28,600036,43.3,43.45,43.06,43.22,386184.0
2025-03-28,600519,1590.93,1593.0,1576.0,1585.21,1622789.0
2025-03-28,600887,28.4,28.53,28.19,28.22,22355741.0
2025-03-28,600900,27.76,27.9,27.64,27.85,57222334.0
2025-03-28,600941,106.63,106.7,106.01,106.4,5805079.0
2025-03-28,601088,37.89,37.99,37.6,37.83,18915606.0
2025-03-28,601318,52.2,52.37,51.85,51.96,353664.0
2025-03-28,601398,6.86,6.88,6.83,6.88,2128381.0
2025-03-28,601857,8.16,8.17,8.07,8.08,129432220.0
2025-03-31,000333,76.9,80.5,76.9,78.5,68968445.0
2025-03-31,510300,4.004,4.024,3.969,3.984,9021729.0
2025-03-31,510500,5.881,5.908,5.796,5.854,1817963.0
2025-03-31,511010,140.193,140.294,140.16,140.187,90483.0
2025-03-31,518880,6.942,7.045,6.942,7.012,6746864.0
2025-03-31,600036,43.21,43.78,42.61,43.29,539569.0
2025-03-31,600519,1580.98,1586.96,1560.06,1561.0,2108494.0
2025-03-31,600887,28.11,28.55,27.97,28.08,36456217.0
2025-03-31,600900,27.92,28.11,27.75,27.81,90484100.0
2025-03-31,600941,106.44,107.7,106.3,107.36,15443300.0
2025-03-31,601088,37.72,38.37,37.64,38.35,35510316.0
2025-03-31,601318,51.9,52.25,51.39,51.63,468390.0
2025-03-31,601398,6.88,6.94,6.8,6.89,4071338.0
2025-03-31,601857,8.1,8.24,8.07,8.22,203217773.0
2025-04-01,000333,78.1,78.78,75.2,75.39,55181654.0
2025-04-01,510300,3.988,4.003,3.979,3.982,6150155.0
2025-04-01,510500,5.864,5.93,5.859,5.886,1740931.0
2025-04-01,511010,140.231,140.284,140.156,140.18,70994.0
2025-04-01,518880,7.065,7.098,7.041,7.056,7182597.0
2025-04-01,600036,43.28,43.29,42.75,42.87,389360.0
2025-04-01,600519,1564.0,1569.89,1552.21,1556.02,1855644.0
2025-04-01,600887,28.09,28.24,27.93,28.07,28507054.0
2025-04-01,600900,27.85,27.94,27.66,27.9,57988638.0
2025-04-01,600941,107.38,107.39,106.38,107.0,10564986.0
2025-04-01,601088,38.29,38.76,38.25,38.65,23504026.0
2025-04-01,601318,51.6,51.86,51.41,51.62,394321.0
2025-04-01,601398,6.87,6.9,6.78,6.8,4284291.0
2025-04-01,601857,8.25,8.3,8.2,8.25,136710992.0
2025-04-02,000333,75.35,76.79,75.19,75.96,26853625.0
2025-04-02,510300,3.983,3.996,3.971,3.979,6291176.0
2025-04-02,510500,5.879,5.938,5.869,5.893,1784233.0
2025-04-02,511010,140.178,140.305,140.134,140.282,18733.0
2025-04-02,518880,7.07,7.083,7.019,7.029,4185809.0
2025-04-02,600036,42.87,43.15,42.68,42.73,331202.0
2025-04-02,600519,1558.0,1567.8,1545.5,1549.02,2167401.0
2025-04-02,600887,28.1,28.29,27.8,27.84,26593399.0
2025-04-02,600900,27.9,27.96,27.71,27.83,55353026.0
2025-04-02,600941,106.89,107.88,106.6,107.66,10374563.0
2025-04-02,601088,38.74,38.74,38.31,38.65,19421142.0
2025-04-02,601318,51.58,51.96,51.53,51.86,283274.0
2025-04-02,601398,6.79,6.86,6.78,6.85,3099744.0
2025-04-02,601857,8.25,8.27,8.15,8.17,103075912.0
2025-04-03,000333,74.6,74.83,73.15,73.36,56598874.0
2025-04-03,510300,3.948,3.98,3.943,3.959,11143308.0
2025-04-03,510500,5.845,5.907,5.816,5.842,2664772.0
2025-04-03,511010,140.47,140.83,140.405,140.794,21176.0
2025-04-03,518880,7.135,7.173,7.068,7.094,7260741.0
2025-04-03,600036,42.02,42.85,42.02,42.65,464166.0
2025-04-03,600519,1530.0,1586.0,1529.01,1568.88,3548050.0
2025-04-03,600887,27.7,28.35,27.7,28.29,43331553.0
2025-04-03,600900,27.71,28.44,27.71,28.4,143798229.0
2025-04-03,600941,107.3,109.36,107.18,108.99,17070515.0
2025-04-03,601088,38.22,39.03,38.21,38.96,24685855.0
2025-04-03,601318,51.39,52.0,51.38,51.48,373348.0
2025-04-03,601398,6.82,6.9,6.82,6.89,3061669.0
2025-04-03,601857,8.04,8.17,8.02,8.14,119507942.0
2025-04-07,000333,68.22,69.47,66.02,67.18,88089693.0
2025-04-07,510300,3.8,3.84,3.604,3.695,65609880.0
2025-04-07,510500,5.62,5.662,5.258,5.28,4617801.0
2025-04-07,511010,141.145,141.27,141.036,141.217,23109.0
2025-04-07,518880,6.801,7.06,6.8,6.877,12757845.0
2025-04-07,600036,40.94,42.0,39.39,40.83,1815633.0
2025-04-07,600519,1520.01,1536.85,1462.0,1500.0,10195267.0
2025-04-07,600887,27.51,28.58,26.65,27.59,111579948.0
2025-04-07,600900,28.04,28.86,27.77,28.33,325872228.0
2025-04-07,600941,106.5,109.2,104.6,108.45,36828474.0
2025-04-07,601088,38.02,38.48,36.8,37.34,71366078.0
2025-04-07,601318,49.3,49.77,47.0,48.56,1727558.0
2025-04-07,601398,6.8,6.82,6.6,6.76,8491567.0
2025-04-07,601857,7.54,7.66,7.33,7.34,395567456.0
2025-04-08,000333,68.0,70.5,67.79,70.23,74473332.0
2025-04-08,510300,3.698,3.739,3.671,3.73,58535333.0
2025-04-08,510500,5.312,5.371,5.25,5.313,30285654.0
2025-04-08,511010,141.052,141.74,140.935,141.103,68766.0
2025-04-08,518880,6.878,6.938,6.852,6.925,6236428.0
2025-04-08,600036,40.78,41.2,40.44,41.15,1610477.0
2025-04-08,600519,1513.0,1545.0,1495.0,1545.0,7387649.0
2025-04-08,600887,27.58,28.73,27.14,28.73,113204246.0
2025-04-08,600900,28.26,29.18,28.0,29.05,234119048.0
2025-04-08,600941,107.99,111.7,107.5,111.6,32276570.0
2025-04-08,601088,37.75,39.18,37.38,39.18,64116748.0
2025-04-08,601318,48.55,49.26,48.1,49.26,1117530.0
2025-04-08,601398,6.7,6.84,6.68,6.82,6712678.0
2025-04-08,601857,7.41,7.75,7.33,7.7,336643808.0
2025-04-09,000333,69.19,70.5,68.42,69.67,57883954.0
2025-04-09,510300,3.695,3.774,3.678,3.766,16982014.0
2025-04-09,510500,5.255,5.457,5.139,5.428,3538250.0
2025-04-09,511010,141.19,141.238,140.992,141.184,22420.0
2025-04-09,518880,6.89,7.02,6.888,7.012,7833600.0
2025-04-09,600036,40.6,41.02,40.3,40.46,973969.0
2025-04-09,600519,1525.02,1556.8,1520.55,1541.04,5563004.0
2025-04-09,600887,28.49,29.58,28.25,29.53,116667172.0
2025-04-09,600900,29.05,29.6,28.76,29.57,219801803.0
2025-04-09,600941,111.59,112.6,109.12,112.6,19032071.0
2025-04-09,601088,38.87,39.67,38.4,39.46,63588646.0
2025-04-09,601318,48.8,49.25,48.36,48.93,737907.0
2025-04-09,601398,6.79,6.89,6.74,6.8,5661688.0
2025-04-09,601857,7.6,7.6,7.4,7.54,346138448.0
2025-04-10,000333,70.6,71.59,70.13,71.09,45084852.0
2025-04-10,510300,3.817,3.847,3.798,3.829,14296317.0
2025-04-10,510500,5.503,5.609,5.501,5.535,2669818.0
2025-04-10,511010,141.1,141.348,140.955,141.318,98584.0
2025-04-10,518880,7.134,7.166,7.071,7.164,9312016.0
2025-04-10,600036,40.99,41.45,40.55,41.1,743789.0
2025-04-10,600519,1550.99,1555.0,1528.0,1549.0,3862021.0
2025-04-10,600887,29.92,29.92,29.08,29.68,80859970.0
2025-04-10,600900,29.46,29.49,28.85,29.17,138562486.0
2025-04-10,600941,111.7,111.7,109.1,110.9,17117675.0
2025-04-10,601088,39.23,39.23,38.04,38.99,47185190.0
2025-04-10,601318,49.36,49.8,49.21,49.48,657915.0
2025-04-10,601398,6.8,6.8,6.73,6.75,4013375.0
2025-04-10,601857,7.64,7.67,7.52,7.58,250869767.0
2025-04-11,000333,70.52,70.74,69.63,70.49,29562589.0
2025-04-11,510300,3.81,3.851,3.8,3.84,8619842.0
2025-04-11,510500,5.51,5.628,5.509,5.573,2220743.0
2025-04-11,511010,141.406,141.485,141.283,141.365,86298.0
2025-04-11,518880,7.34,7.34,7.225,7.273,9690465.0
2025-04-11,600036,41.11,41.69,40.81,41.51,583057.0
2025-04-11,600519,1579.97,1579.97,1545.0,1568.98,3263423.0
2025-04-11,600887,29.83,29.84,28.96,29.25,54351214.0
2025-04-11,600900,29.28,29.28,29.0,29.2,87332101.0
2025-04-11,600941,110.29,110.39,109.12,109.79,11488115.0
2025-04-11,601088,38.88,38.89,37.81,38.02,38592757.0
2025-04-11,601318,49.48,49.54,48.98,49.35,450121.0
2025-04-11,601398,6.76,6.8,6.72,6.8,3475545.0
2025-04-11,601857,7.56,7.58,7.49,7.56,147406106.0
2025-04-14,000333,70.72,70.9,69.71,69.92,34883505.0
2025-04-14,510300,3.859,3.865,3.842,3.848,9415710.0
2025-04-14,510500,5.615,5.652,5.6,5.617,2150627.0
2025-04-14,511010,141.323,141.33,141.222,141.243,194777.0
2025-04-14,518880,7.301,7.354,7.301,7.327,7882789.0
2025-04-14,600036,41.68,41.91,41.41,41.48,482160.0
2025-04-14,600519,1560.97,1566.0,1551.53,1551.99,2171144.0
2025-04-14,600887,29.11,29.41,28.92,29.31,35563990.0
2025-04-14,600900,29.01,29.25,28.82,29.15,82637532.0
2025-04-14,600941,109.3,110.96,108.62,110.4,13241179.0
2025-04-14,601088,37.98,38.71,37.66,38.6,32344371.0
2025-04-14,601318,49.6,49.85,49.44,49.48,387484.0
2025-04-14,601398,6.78,6.9,6.77,6.87,4394042.0
2025-04-14,601857,7.56,7.7,7.55,7.69,169770557.0
2025-04-15,000333,70.1,71.83,69.69,71.48,34366681.0
2025-04-15,510300,3.844,3.857,3.825,3.851,9817935.0
2025-04-15,510500,5.615,5.619,5.562,5.594,3207385.0
2025-04-15,511010,141.249,141.3,141.231,141.246,14094.0
2025-04-15,518880,7.327,7.334,7.315,7.325,4205902.0
2025-04-15,600036,41.49,42.29,41.45,42.1,614564.0
2025-04-15,600519,1552.0,1565.0,1545.0,1558.0,2148928.0
2025-04-15,600887,29.33,29.8,29.12,29.38,41499074.0
2025-04-15,600900,29.08,29.35,28.99,29.27,78307971.0
2025-04-15,600941,110.43,111.99,110.11,111.75,12324069.0
2025-04-15,601088,38.34,38.86,38.33,38.6,24579300.0
2025-04-15,601318,49.48,49.97,49.26,49.83,407762.0
2025-04-15,601398,6.87,6.97,6.86,6.96,3841790.0
2025-04-15,601857,7.68,7.76,7.66,7.75,133653803.0
2025-04-16,000333,71.19,71.48,70.37,71.0,26672943.0
2025-04-16,510300,3.841,3.869,3.811,3.86,21771337.0
2025-04-16,510500,5.558,5.581,5.49,5.545,6661825.0
2025-04-16,511010,141.25,141.395,141.23,141.364,176795.0
2025-04-16,518880,7.44,7.506,7.421,7.503,7498510.0
2025-04-16,600036,41.98,42.58,41.82,42.25,576294.0
2025-04-16,600519,1552.0,1576.0,1537.0,1559.17,3115605.0
2025-04-16,600887,29.48,29.74,29.16,29.7,48361222.0
2025-04-16,600900,29.25,29.41,29.05,29.4,100760206.0
2025-04-16,600941,111.7,114.16,111.24,114.02,18695963.0
2025-04-16,601088,38.59,39.46,38.3,39.46,41901417.0
2025-04-16,601318,49.72,50.17,49.4,49.88,467924.0
2025-04-16,601398,6.96,7.06,6.93,7.06,4132402.0
2025-04-16,601857,7.73,8.0,7.7,7.98,215686388.0
2025-04-17,000333,70.74,71.17,70.34,70.95,19591273.0
2025-04-17,510300,3.842,3.871,3.841,3.863,13873406.0
2025-04-17,510500,5.524,5.603,5.52,5.548,2247617.0
2025-04-17,511010,141.357,141.406,141.261,141.276,126369.0
2025-04-17,518880,7.655,7.66,7.541,7.565,10076525.0
2025-04-17,600036,42.12,42.36,41.85,42.12,405793.0
2025-04-17,600519,1554.0,1576.5,1549.99,1570.0,2384605.0
2025-04-17,600887,29.5,29.75,29.22,29.68,30587913.0
2025-04-17,600900,29.3,29.32,29.0,29.21,84085337.0
2025-04-17,600941,113.94,114.37,112.88,114.26,8997716.0
2025-04-17,601088,39.31,39.31,38.88,39.28,19005768.0
2025-04-17,601318,49.69,50.28,49.58,50.16,377043.0
2025-04-17,601398,7.05,7.08,6.96,7.05,2639188.0
2025-04-17,601857,7.97,8.0,7.91,7.99,102283976.0
2025-04-18,000333,70.95,71.33,70.47,70.92,15448383.0
2025-04-18,510300,3.857,3.879,3.847,3.873,13780507.0
2025-04-18,510500,5.54,5.576,5.519,5.55,2950684.0
2025-04-18,511010,141.275,141.301,141.2,141.217,178050.0
2025-04-18,518880,7.564,7.589,7.533,7.583,4780541.0
2025-04-18,600036,42.13,42.79,42.05,42.75,435001.0
2025-04-18,600519,1566.0,1575.0,1556.0,1565.94,2029848.0
2025-04-18,600887,29.73,29.73,29.25,29.61,27078063.0
2025-04-18,600900,29.1,29.6,29.06,29.58,88117388.0
2025-04-18,600941,113.99,114.81,113.4,114.79,8203962.0
2025-04-18,601088,39.04,39.51,38.83,39.2,22023137.0
2025-04-18,601318,50.05,50.66,49.95,50.44,338811.0
2025-04-18,601398,7.04,7.17,7.03,7.14,3884345.0
2025-04-18,601857,8.0,8.08,7.95,7.99,107108327.0
2025-04-21,000333,70.78,71.61,70.5,71.39,17751380.0
2025-04-21,510300,3.865,3.886,3.857,3.875,7126315.0
2025-04-21,510500,5.544,5.641,5.522,5.632,2567589.0
2025-04-21,511010,141.217,141.236,141.07,141.099,7962.0
2025-04-21,518880,7.684,7.727,7.677,7.724,7511946.0
2025-04-21,600036,42.66,43.08,42.28,42.28,416466.0
2025-04-21,600519,1565.5,1565.5,1551.0,1551.0,1805703.0
2025-04-21,600887,29.39,29.49,29.04,29.08,31845528.0
2025-04-21,600900,29.5,29.7,29.3,29.31,56583745.0
2025-04-21,600941,114.29,114.74,112.46,112.9,12118573.0
2025-04-21,601088,39.14,39.43,38.76,38.92,20496036.0
2025-04-21,601318,50.4,50.61,50.2,50.28,263784.0
2025-04-21,601398,7.13,7.25,7.05,7.05,3742984.0
2025-04-21,601857,7.96,8.01,7.92,7.94,80401423.0
2025-04-22,000333,71.3,72.23,71.21,71.72,22615500.0
2025-04-22,510300,3.875,3.893,3.873,3.878,7520436.0
2025-04-22,510500,5.619,5.645,5.607,5.617,1434074.0
2025-04-22,511010,141.103,141.173,141.103,141.15,45982.0
2025-04-22,518880,7.871,8.033,7.86,7.982,15195021.0
2025-04-22,600036,42.31,42.54,42.01,42.01,433788.0
2025-04-22,600519,1550.0,1556.3,1543.21,1548.8,1843214.0
2025-04-22,600887,29.02,29.24,28.92,28.93,31186928.0
2025-04-22,600900,29.32,29.82,29.23,29.33,76894856.0
2025-04-22,600941,112.8,113.67,112.66,112.91,7555542.0
2025-04-22,601088,38.79,39.11,38.64,38.64,17289168.0
2025-04-22,601318,50.2,50.79,50.12,50.57,355098.0
2025-04-22,601398,7.05,7.16,7.04,7.15,2997871.0
2025-04-22,601857,7.92,8.05,7.91,8.01,107958084.0
2025-04-23,000333,72.1,72.42,71.8,71.85,22586871.0
2025-04-23,510300,3.892,3.907,3.873,3.882,6155041.0
2025-04-23,510500,5.639,5.683,5.608,5.628,2331671.0
2025-04-23,511010,141.128,141.128,140.98,141.021,9591.0
2025-04-23,518880,7.759,7.759,7.486,7.5,25646888.0
2025-04-23,600036,42.3,42.3,41.77,41.99,467744.0
2025-04-23,600519,1559.0,1559.22,1545.0,1552.0,1866876.0
2025-04-23,600887,29.07,29.17,28.9,29.0,23919468.0
2025-04-23,600900,29.28,29.38,29.08,29.2,61610691.0
2025-04-23,600941,112.51,112.8,110.65,110.84,12617629.0
2025-04-23,601088,38.61,38.76,38.4,38.54,18606625.0
2025-04-23,601318,50.76,50.95,50.46,50.7,298773.0
2025-04-23,601398,7.14,7.17,7.07,7.11,2569773.0
2025-04-23,601857,8.06,8.07,7.98,8.0,74514641.0
2025-04-24,000333,72.4,73.19,71.96,72.95,23180750.0
2025-04-24,510300,3.882,3.903,3.871,3.882,4873615.0
2025-04-24,510500,5.628,5.644,5.577,5.605,1605892.0
2025-04-24,511010,141.06,141.09,140.896,140.903,117553.0
2025-04-24,518880,7.67,7.707,7.55,7.582,13034734.0
2025-04-24,600036,42.0,42.38,41.95,42.21,413652.0
2025-04-24,600519,1552.0,1560.68,1548.98,1552.25,1487181.0
2025-04-24,600887,29.02,29.28,28.93,29.14,21921153.0
2025-04-24,600900,29.2,29.55,29.16,29.46,56927325.0
2025-04-24,600941,110.5,111.04,110.01,110.46,7310917.0
2025-04-24,601088,38.5,39.02,38.45,38.94,23694561.0
2025-04-24,601318,50.7,51.48,50.7,51.22,423839.0
2025-04-24,601398,7.09,7.29,7.09,7.24,3576109.0
2025-04-24,601857,7.98,8.03,7.97,8.0,64125464.0
2025-04-25,000333,72.95,73.0,72.38,72.75,17097238.0
2025-04-25,510300,3.887,3.899,3.875,3.882,5771935.0
2025-04-25,510500,5.61,5.662,5.592,5.621,2041463.0
2025-04-25,511010,140.98,141.072,140.934,141.029,12027.0
2025-04-25,518880,7.641,7.656,7.486,7.53,9985943.0
2025-04-25,600036,42.29,42.55,42.04,42.08,424350.0
2025-04-25,600519,1557.1,1561.2,1550.0,1550.0,1476490.0
2025-04-25,600887,29.07,29.31,28.9,28.97,22729301.0
2025-04-25,600900,29.48,29.73,29.3,29.52,54457223.0
2025-04-25,600941,110.47,110.99,110.07,110.95,6134259.0
2025-04-25,601088,38.81,38.85,38.4,38.68,24743468.0
2025-04-25,601318,51.24,51.59,51.22,51.33,368499.0
2025-04-25,601398,7.25,7.31,7.17,7.21,2326020.0
2025-04-25,601857,8.02,8.04,7.95,7.96,76479828.0
2025-04-28,000333,73.39,73.58,72.8,73.23,23966015.0
2025-04-28,510300,3.883,3.886,3.864,3.876,6247090.0
2025-04-28,510500,5.62,5.625,5.576,5.595,2026017.0
2025-04-28,511010,141.038,141.063,140.983,140.991,102934.0
2025-04-28,518880,7.499,7.511,7.443,7.465,8073010.0
2025-04-28,600036,42.15,42.56,42.03,42.35,386973.0
2025-04-28,600519,1552.0,1555.0,1546.6,1550.0,1465972.0
2025-04-28,600887,28.88,28.96,28.46,28.6,30573604.0
2025-04-28,600900,29.52,29.92,29.41,29.72,72347085.0
2025-04-28,600941,110.87,113.35,110.52,112.26,11462255.0
2025-04-28,601088,37.96,38.33,37.09,38.0,46487659.0
2025-04-28,601318,50.42,51.34,50.03,51.21,518666.0
2025-04-28,601398,7.22,7.34,7.22,7.29,2853766.0
2025-04-28,601857,7.97,8.04,7.92,8.02,89285658.0
2025-04-29,000333,73.26,74.37,72.86,74.2,23497383.0
2025-04-29,510300,3.874,3.88,3.862,3.869,4947350.0
2025-04-29,510500,5.57,5.622,5.564,5.598,1247374.0
2025-04-29,511010,141.018,141.18,141.018,141.176,74728.0
2025-04-29,518880,7.561,7.586,7.485,7.517,6304713.0
2025-04-29,600036,42.35,42.65,42.0,42.0,457699.0
2025-04-29,600519,1550.0,1552.54,1532.02,1544.0,1892180.0
2025-04-29,600887,28.58,28.85,28.46,28.79,23217115.0
2025-04-29,600900,29.72,29.77,29.35,29.46,72305923.0
2025-04-29,600941,112.26,113.45,112.02,113.15,7412289.0
2025-04-29,601088,37.85,38.28,37.74,38.27,21136799.0
2025-04-29,601318,51.17,51.64,50.86,51.0,337540.0
2025-04-29,601398,7.3,7.33,7.24,7.27,2179738.0
2025-04-29,601857,7.96,8.01,7.92,7.94,80664229.0
2025-04-30,000333,75.0,75.12,73.45,73.62,47810026.0
2025-04-30,510300,3.87,3.886,3.864,3.866,5004537.0
2025-04-30,510500,5.598,5.642,5.597,5.626,2073912.0
2025-04-30,511010,141.192,141.3,141.141,141.283,20061.0
2025-04-30,518880,7.525,7.529,7.467,7.471,4372928.0
2025-04-30,600036,41.64,41.64,40.51,40.74,1172682.0
2025-04-30,600519,1549.99,1566.66,1546.3,1547.0,2575425.0
2025-04-30,600887,29.55,30.18,29.36,29.76,105481140.0
2025-04-30,600900,29.55,29.57,29.32,29.5,55350878.0
2025-04-30,600941,113.15,113.18,111.28,112.25,7712478.0
2025-04-30,601088,38.2,38.58,37.75,38.3,22259772.0
2025-04-30,601318,51.1,51.55,50.68,50.71,377944.0
2025-04-30,601398,7.22,7.23,6.97,7.01,6449971.0
2025-04-30,601857,7.95,8.03,7.94,7.99,89354521.0
2025-05-06,000333,74.23,74.38,73.1,74.05,34641179.0
2025-05-06,510300,3.886,3.906,3.88,3.903,7178253.0
2025-05-06,510500,5.655,5.735,5.653,5.733,1856919.0
2025-05-06,511010,141.27,141.27,141.167,141.208,187147.0
2025-05-06,518880,7.596,7.659,7.57,7.612,9845270.0
2025-05-06,600036,40.9,41.41,40.51,41.37,666410.0
2025-05-06,600519,1559.0,1559.0,1544.33,1550.2,1830026.0
2025-05-06,600887,29.92,29.93,29.45,29.7,46352076.0
2025-05-06,600900,29.65,29.65,29.13,29.18,83099000.0
2025-05-06,600941,112.21,113.66,110.77,113.06,9567760.0
2025-05-06,601088,38.5,38.5,37.91,38.35,21263342.0
2025-05-06,601318,51.0,51.15,50.55,50.8,391512.0
2025-05-06,601398,7.01,7.03,6.93,6.98,3663741.0
2025-05-06,601857,7.97,7.98,7.89,7.96,122498058.0
2025-05-07,000333,74.77,75.18,74.0,74.36,30028102.0
2025-05-07,510300,3.95,3.962,3.91,3.927,10470812.0
2025-05-07,510500,5.798,5.845,5.708,5.743,2232101.0
2025-05-07,511010,141.249,141.295,141.152,141.17,44691.0
2025-05-07,518880,7.614,7.678,7.588,7.671,7518649.0
2025-05-07,600036,41.79,42.23,41.31,42.02,712914.0
2025-05-07,600519,1570.0,1570.0,1550.2,1555.0,2746221.0
2025-05-07,600887,30.4,30.43,29.47,29.58,40363670.0
2025-05-07,600900,29.28,29.38,29.06,29.35,80888990.0
2025-05-07,600941,113.18,114.3,112.0,114.3,12680972.0
2025-05-07,601088,39.35,39.35,38.2,38.78,22750087.0
2025-05-07,601318,51.42,51.63,51.03,51.18,420640.0
2025-05-07,601398,7.01,7.11,6.97,7.11,4336456.0
2025-05-07,601857,8.1,8.11,7.99,8.1,141898767.0
2025-05-08,000333,74.35,75.64,73.88,75.0,27707567.0
2025-05-08,510300,3.918,3.966,3.918,3.95,7820057.0
2025-05-08,510500,5.729,5.785,5.724,5.767,2288960.0
2025-05-08,511010,141.272,141.459,141.27,141.45,48415.0
2025-05-08,518880,7.679,7.732,7.538,7.557,11128511.0
2025-05-08,600036,42.01,43.42,42.0,42.8,833810.0
2025-05-08,600519,1553.0,1592.78,1549.83,1578.19,3348106.0
2025-05-08,600887,29.52,29.8,29.47,29.54,22767462.0
2025-05-08,600900,29.28,29.48,29.22,29.31,46996050.0
2025-05-08,600941,113.75,114.5,113.35,113.41,6915800.0
2025-05-08,601088,38.48,38.89,38.41,38.55,16193843.0
2025-05-08,601318,51.01,52.35,50.9,51.96,671350.0
2025-05-08,601398,7.09,7.17,7.08,7.11,2837121.0
2025-05-08,601857,8.05,8.14,8.04,8.05,74534020.0
2025-05-09,000333,74.99,76.03,74.71,75.8,24563898.0
2025-05-09,510300,3.946,3.95,3.932,3.945,6933748.0
2025-05-09,510500,5.76,5.761,5.7,5.72,1686336.0
2025-05-09,511010,141.462,141.55,141.389,141.41,17149.0
2025-05-09,518880,7.502,7.555,7.427,7.531,8873009.0
2025-05-09,600036,42.8,43.6,42.8,43.48,668155.0
2025-05-09,600519,1578.99,1597.45,1575.05,1591.18,2367190.0
2025-05-09,600887,29.54,29.76,29.5,29.52,22965330.0
2025-05-09,600900,29.3,29.77,29.28,29.55,73292755.0
2025-05-09,600941,113.39,114.6,113.12,113.99,9030601.0
2025-05-09,601088,38.49,39.1,38.48,38.84,22571597.0
2025-05-09,601318,51.91,52.16,51.75,51.75,290709.0
2025-05-09,601398,7.1,7.23,7.1,7.17,3121965.0
2025-05-09,601857,8.1,8.15,8.09,8.1,73846909.0
2025-05-12,000333,76.1,76.74,75.9,76.58,27223912.0
2025-05-12,510300,3.963,3.992,3.957,3.99,8365002.0
2025-05-12,510500,5.745,5.797,5.737,5.792,1705953.0
2025-05-12,511010,141.352,141.445,141.275,141.345,15726.0
2025-05-12,518880,7.341,7.399,7.341,7.376,6681992.0
2025-05-12,600036,43.45,44.4,43.11,43.8,848974.0
2025-05-12,600519,1598.0,1618.93,1596.61,1604.5,2473533.0
2025-05-12,600887,29.54,29.89,29.3,29.84,33422174.0
2025-05-12,600900,29.46,29.69,29.31,29.54,57235498.0
2025-05-12,600941,113.9,114.17,113.21,113.7,7034791.0
2025-05-12,601088,38.85,38.89,38.42,38.56,27826756.0
2025-05-12,601318,52.23,52.75,52.0,52.6,577372.0
2025-05-12,601398,7.15,7.18,7.11,7.16,2702770.0
2025-05-12,601857,8.15,8.17,8.09,8.14,70451407.0
2025-05-13,000333,77.0,77.2,76.44,77.11,25527841.0
2025-05-13,510300,4.011,4.012,3.988,3.994,7934009.0
2025-05-13,510500,5.825,5.826,5.764,5.778,1977886.0
2025-05-13,511010,141.29,141.31,141.217,141.251,21606.0
2025-05-13,518880,7.291,7.339,7.224,7.332,9052166.0
2025-05-13,600036,44.09,44.65,43.85,44.56,699124.0
2025-05-13,600519,1608.92,1608.92,1585.11,1590.3,2125829.0
2025-05-13,600887,29.84,29.97,29.69,29.75,30508173.0
2025-05-13,600900,29.42,29.74,29.36,29.74,61698606.0
2025-05-13,600941,113.69,113.79,112.6,113.43,8009096.0
2025-05-13,601088,38.62,39.26,38.38,39.05,28884456.0
2025-05-13,601318,52.79,52.79,52.25,52.46,403920.0
2025-05-13,601398,7.16,7.25,7.12,7.23,2767459.0
2025-05-13,601857,8.16,8.24,8.13,8.2,94413870.0
2025-05-14,000333,76.9,77.55,76.13,77.09,29249633.0
2025-05-14,510300,3.995,4.066,3.992,4.045,12147902.0
2025-05-14,510500,5.775,5.839,5.746,5.798,2413135.0
2025-05-14,511010,141.249,141.3,141.121,141.135,13478.0
2025-05-14,518880,7.309,7.322,7.265,7.277,5481793.0
2025-05-14,600036,44.55,45.3,44.32,44.81,712790.0
2025-05-14,600519,1590.0,1645.0,1588.18,1634.99,3946012.0
2025-05-14,600887,29.68,30.07,29.52,29.95,34926769.0
2025-05-14,600900,29.73,30.1,29.67,30.08,74790567.0
2025-05-14,600941,113.29,114.5,113.29,113.96,10355535.0
2025-05-14,601088,39.1,39.45,38.96,39.28,20527086.0
2025-05-14,601318,52.45,55.18,52.34,54.69,1577230.0
2025-05-14,601398,7.23,7.28,7.2,7.23,2868697.0
2025-05-14,601857,8.22,8.35,8.19,8.33,127880796.0
2025-05-15,000333,76.66,77.07,76.32,76.5,20490185.0
2025-05-15,510300,4.038,4.041,4.004,4.011,8177224.0
2025-05-15,510500,5.781,5.787,5.71,5.721,1923033.0
2025-05-15,511010,141.131,141.17,141.031,141.037,10882.0
2025-05-15,518880,7.165,7.169,7.01,7.062,12901239.0
2025-05-15,600036,44.83,45.38,44.65,44.92,684600.0
2025-05-15,600519,1634.8,1643.59,1624.13,1632.01,2473285.0
2025-05-15,600887,29.88,30.22,29.69,30.07,37762245.0
2025-05-15,600900,30.06,30.36,30.0,30.35,71543285.0
2025-05-15,600941,113.89,114.3,113.22,113.63,7385162.0
2025-05-15,601088,39.35,40.07,39.34,40.06,34084006.0
2025-05-15,601318,54.39,54.8,54.1,54.25,569303.0
2025-05-15,601398,7.23,7.29,7.22,7.27,2702621.0
2025-05-15,601857,8.29,8.35,8.25,8.28,84661790.0
2025-05-16,000333,76.21,76.84,75.57,76.6,23865992.0
2025-05-16,510300,4.002,4.009,3.977,3.989,7302837.0
2025-05-16,510500,5.706,5.735,5.703,5.711,1753816.0
2025-05-16,511010,141.027,141.027,140.902,140.943,10243.0
2025-05-16,518880,7.195,7.204,7.157,7.177,8552748.0
2025-05-16,600036,44.75,44.98,44.03,44.27,619655.0
2025-05-16,600519,1633.99,1636.99,1614.13,1614.13,2293522.0
2025-05-16,600887,30.0,30.11,29.59,29.99,35464604.0
2025-05-16,600900,30.3,30.5,29.96,30.1,63755987.0
2025-05-16,600941,113.55,113.8,112.19,113.77,8357816.0
2025-05-16,601088,39.95,40.19,39.31,39.46,25146731.0
2025-05-16,601318,54.05,54.44,53.38,53.39,466130.0
2025-05-16,601398,7.26,7.3,7.12,7.16,3935141.0
2025-05-16,601857,8.25,8.29,8.13,8.15,105512857.0
2025-05-19,000333,76.44,77.72,76.29,77.58,26308625.0
2025-05-19,510300,3.984,3.988,3.965,3.983,5562981.0
2025-05-19,510500,5.71,5.73,5.665,5.725,1410520.0
2025-05-19,511010,140.943,141.037,140.943,141.012,11215.0
2025-05-19,518880,7.206,7.231,7.193,7.222,6332771.0
2025-05-19,600036,44.2,44.46,43.75,43.84,502817.0
2025-05-19,600519,1596.0,1600.0,1573.88,1578.98,3806283.0
2025-05-19,600887,29.9,30.19,29.79,29.94,22449369.0
2025-05-19,600900,30.1,30.58,30.1,30.47,56194236.0
2025-05-19,600941,113.5,114.68,113.41,114.25,6893490.0
2025-05-19,601088,39.46,39.88,39.17,39.18,17507387.0
2025-05-19,601318,53.29,53.73,53.2,53.3,324266.0
2025-05-19,601398,7.16,7.2,7.11,7.12,2566691.0
2025-05-19,601857,8.15,8.23,8.15,8.18,74348800.0
2025-05-20,000333,77.53,79.1,77.48,78.67,27799540.0
2025-05-20,510300,3.984,4.016,3.98,4.003,5499875.0
2025-05-20,510500,5.728,5.764,5.702,5.749,1167503.0
2025-05-20,511010,141.08,141.131,141.001,141.059,10686.0
2025-05-20,518880,7.217,7.238,7.196,7.209,4608628.0
2025-05-20,600036,44.03,44.61,43.87,43.9,500535.0
2025-05-20,600519,1580.0,1594.8,1575.1,1586.0,1952153.0
2025-05-20,600887,29.97,30.86,29.88,30.6,50070534.0
2025-05-20,600900,30.48,30.94,30.48,30.68,60587616.0
2025-05-20,600941,114.54,116.0,114.49,115.5,9754593.0
2025-05-20,601088,39.22,39.45,39.03,39.15,14698330.0
2025-05-20,601318,53.45,54.18,53.4,53.68,352669.0
2025-05-20,601398,7.14,7.16,7.1,7.13,1976912.0
2025-05-20,601857,8.22,8.23,8.17,8.2,53584665.0
2025-05-21,000333,78.5,79.44,78.47,78.8,20543826.0
2025-05-21,510300,4.004,4.031,4.003,4.019,5606031.0
2025-05-21,510500,5.739,5.764,5.731,5.756,828511.0
2025-05-21,511010,141.01,141.07,141.01,141.044,6659.0
2025-05-21,518880,7.381,7.44,7.376,7.439,7543865.0
2025-05-21,600036,43.95,44.37,43.84,43.9,499200.0
2025-05-21,600519,1585.0,1595.94,1580.97,1580.97,1979464.0
2025-05-21,600887,30.55,30.94,30.3,30.4,27972857.0
2025-05-21,600900,30.74,30.95,30.7,30.8,53549849.0
2025-05-21,600941,115.8,115.98,114.83,115.0,5897723.0
2025-05-21,601088,39.23,40.4,39.22,40.1,33194093.0
2025-05-21,601318,53.7,54.4,53.7,53.85,333066.0
2025-05-21,601398,7.13,7.19,7.11,7.14,2540713.0
2025-05-21,601857,8.23,8.3,8.23,8.27,80675807.0
2025-05-22,000333,78.73,79.56,78.31,79.36,23403426.0
2025-05-22,510300,4.018,4.027,4.003,4.017,4919320.0
2025-05-22,510500,5.733,5.765,5.704,5.711,1393033.0
2025-05-22,511010,141.07,141.111,141.028,141.043,6494.0
2025-05-22,518880,7.478,7.505,7.448,7.45,7270548.0
2025-05-22,600036,43.9,44.56,43.75,44.51,565656.0
2025-05-22,600519,1580.99,1584.99,1570.1,1580.0,1509024.0
2025-05-22,600887,30.35,30.7,30.27,30.56,26471414.0
2025-05-22,600900,30.8,31.05,30.56,31.03,53726373.0
2025-05-22,600941,115.1,115.74,114.27,114.83,6173882.0
2025-05-22,601088,39.96,40.55,39.9,40.4,19492682.0
2025-05-22,601318,53.76,53.99,53.53,53.84,240658.0
2025-05-22,601398,7.15,7.16,7.1,7.12,2940759.0
2025-05-22,601857,8.25,8.32,8.24,8.3,73609397.0
2025-05-23,000333,79.36,80.48,78.72,78.89,29974589.0
2025-05-23,510300,4.012,4.039,3.987,3.988,8450891.0
2025-05-23,510500,5.707,5.747,5.66,5.662,1908861.0
2025-05-23,511010,141.065,141.158,141.025,141.149,7615.0
2025-05-23,518880,7.405,7.457,7.373,7.454,6059359.0
2025-05-23,600036,44.51,44.68,43.9,44.05,541460.0
2025-05-23,600519,1575.2,1587.9,1571.66,1572.6,2153700.0
2025-05-23,600887,30.56,31.09,30.56,30.6,38719633.0
2025-05-23,600900,30.99,31.06,30.39,30.49,85424773.0
2025-05-23,600941,114.7,115.5,114.2,114.2,5946663.0
2025-05-23,601088,40.28,40.53,39.53,39.7,22959490.0
2025-05-23,601318,53.81,54.46,53.17,53.23,430491.0
2025-05-23,601398,7.12,7.15,7.07,7.08,3169188.0
2025-05-23,601857,8.3,8.32,8.18,8.18,83692974.0
2025-05-26,000333,78.72,79.19,77.61,78.27,24168884.0
2025-05-26,510300,3.982,3.993,3.956,3.967,7404857.0
2025-05-26,510500,5.657,5.704,5.645,5.671,1681779.0
2025-05-26,511010,141.15,141.215,141.112,141.146,52579.0
2025-05-26,518880,7.438,7.472,7.423,7.425,4423087.0
2025-05-26,600036,43.89,44.17,43.63,43.8,456100.0
2025-05-26,600519,1570.0,1574.63,1545.0,1550.5,2708653.0
2025-05-26,600887,30.62,31.08,30.51,30.78,33362338.0
2025-05-26,600900,30.4,30.56,30.12,30.34,62651237.0
2025-05-26,600941,114.4,114.75,113.68,114.6,5362241.0
2025-05-26,601088,39.7,40.04,39.44,39.63,18496005.0
2025-05-26,601318,53.16,54.15,53.0,53.4,388130.0
2025-05-26,601398,7.08,7.1,7.03,7.05,2876450.0
2025-05-26,601857,8.19,8.24,8.15,8.19,70011899.0
2025-05-27,000333,78.2,78.89,78.02,78.48,20644898.0
2025-05-27,510300,3.965,3.969,3.939,3.946,5782884.0
2025-05-27,510500,5.672,5.678,5.633,5.657,2079550.0
2025-05-27,511010,141.153,141.186,141.081,141.094,66876.0
2025-05-27,518880,7.434,7.456,7.356,7.366,6034573.0
2025-05-27,600036,43.8,44.15,43.67,43.74,363750.0
2025-05-27,600519,1551.0,1558.6,1543.51,1543.9,1775213.0
2025-05-27,600887,30.8,30.98,30.63,30.63,27533604.0
2025-05-27,600900,30.3,30.59,30.22,30.26,56798057.0
2025-05-27,600941,114.55,116.19,114.37,115.9,8263976.0
2025-05-27,601088,39.71,40.05,39.52,39.52,16651560.0
2025-05-27,601318,53.4,53.86,53.3,53.4,255725.0
2025-05-27,601398,7.05,7.09,7.04,7.06,1825202.0
2025-05-27,601857,8.18,8.23,8.16,8.17,54748108.0
2025-05-28,000333,78.98,80.1,78.7,79.32,24044877.0
2025-05-28,510300,3.947,3.956,3.938,3.942,5399202.0
2025-05-28,510500,5.657,5.67,5.634,5.647,1296504.0
2025-05-28,511010,141.113,141.113,141.048,141.101,32829.0
2025-05-28,518880,7.369,7.389,7.341,7.375,3049976.0
2025-05-28,600036,43.78,44.05,43.6,43.68,300355.0
2025-05-28,600519,1543.99,1546.46,1533.0,1537.0,1626568.0
2025-05-28,600887,30.65,31.07,30.56,30.98,28608032.0
2025-05-28,600900,30.27,30.55,30.2,30.53,53780908.0
2025-05-28,600941,115.77,116.37,114.63,114.85,5661285.0
2025-05-28,601088,39.53,40.13,39.3,39.81,14828206.0
2025-05-28,601318,53.4,53.69,53.12,53.29,261698.0
2025-05-28,601398,7.06,7.08,7.02,7.05,1710175.0
2025-05-28,601857,8.17,8.36,8.15,8.34,146010167.0
2025-05-29,000333,79.07,79.49,78.36,78.98,25167731.0
2025-05-29,510300,3.945,3.979,3.939,3.966,8910394.0
2025-05-29,510500,5.65,5.739,5.649,5.727,3204956.0
2025-05-29,511010,141.084,141.094,140.93,140.943,12326.0
2025-05-29,518880,7.263,7.31,7.26,7.3,4232817.0
2025-05-29,600036,43.7,43.95,43.45,43.47,492990.0
2025-05-29,600519,1540.0,1555.0,1532.0,1540.0,2185958.0
2025-05-29,600887,30.98,31.12,30.36,30.41,34504589.0
2025-05-29,600900,30.48,30.55,30.11,30.29,66936874.0
2025-05-29,600941,114.85,115.2,114.47,114.94,5086845.0
2025-05-29,601088,39.82,39.97,39.63,39.79,15821304.0
2025-05-29,601318,53.3,53.83,53.09,53.52,348683.0
2025-05-29,601398,7.05,7.07,7.02,7.04,1934699.0
2025-05-29,601857,8.35,8.41,8.3,8.31,80311764.0
2025-05-30,000333,78.74,79.51,78.3,79.06,21573317.0
2025-05-30,510300,3.959,3.964,3.932,3.959,7370307.0
2025-05-30,510500,5.71,5.711,5.671,5.694,3345407.0
2025-05-30,511010,141.043,141.112,141.013,141.076,23656.0
2025-05-30,518880,7.39,7.391,7.335,7.369,3635737.0
2025-05-30,600036,43.55,43.88,43.35,43.43,571391.0
2025-05-30,600519,1540.15,1545.0,1515.24,1522.0,3123918.0
2025-05-30,600887,30.41,30.65,30.24,30.3,27335704.0
2025-05-30,600900,30.32,30.49,30.2,30.2,64478998.0
2025-05-30,600941,114.93,116.99,114.71,116.83,8855828.0
2025-05-30,601088,39.78,40.23,39.56,39.56,16610343.0
2025-05-30,601318,53.37,53.69,52.85,53.28,417239.0
2025-05-30,601398,7.05,7.12,7.02,7.07,3467599.0
2025-05-30,601857,8.3,8.37,8.26,8.29,97424110.0
2025-06-03,000333,79.05,79.05,75.67,75.91,56190781.0
2025-06-03,510300,3.946,3.972,3.942,3.957,5967868.0
2025-06-03,510500,5.68,5.73,5.666,5.703,1375063.0
2025-06-03,511010,141.129,141.13,141.035,141.069,158852.0
2025-06-03,518880,7.501,7.519,7.461,7.478,6061707.0
2025-06-03,600036,43.5,44.43,43.5,43.97,503685.0
2025-06-03,600519,1508.01,1519.0,1505.02,1509.0,2897918.0
2025-06-03,600887,30.01,30.66,29.98,30.57,34246181.0
2025-06-03,600900,30.28,30.35,29.85,30.15,78322252.0
2025-06-03,600941,116.33,117.76,116.13,117.68,8798800.0
2025-06-03,601088,39.24,39.5,38.91,39.17,27980401.0
2025-06-03,601318,53.21,54.11,53.0,53.85,453738.0
2025-06-03,601398,7.05,7.13,7.04,7.11,2728118.0
2025-06-03,601857,8.33,8.38,8.28,8.3,77079512.0
2025-06-04,000333,75.78,76.58,75.5,75.56,36755439.0
2025-06-04,510300,3.959,3.985,3.958,3.974,4645434.0
2025-06-04,510500,5.704,5.763,5.704,5.749,1095253.0
2025-06-04,511010,141.084,141.161,141.075,141.159,234587.0
2025-06-04,518880,7.488,7.503,7.459,7.474,4161572.0
2025-06-04,600036,44.05,44.27,43.9,44.06,373417.0
2025-06-04,600519,1510.5,1523.0,1509.22,1509.96,2300809.0
2025-06-04,600887,30.55,30.72,30.46,30.59,21648998.0
2025-06-04,600900,30.14,30.16,29.85,29.89,59558198.0
2025-06-04,600941,117.6,117.98,117.26,117.63,7956414.0
2025-06-04,601088,39.24,39.32,38.91,39.29,21502090.0
2025-06-04,601318,53.61,54.15,53.61,53.76,430897.0
2025-06-04,601398,7.11,7.12,7.06,7.08,2118976.0
2025-06-04,601857,8.32,8.39,8.28,8.39,77061754.0
2025-06-05,000333,75.44,75.9,75.05,75.25,23580308.0
2025-06-05,510300,3.978,3.994,3.967,3.984,5319657.0
2025-06-05,510500,5.756,5.799,5.733,5.784,1685858.0
2025-06-05,511010,141.158,141.26,141.116,141.226,113705.0
2025-06-05,518880,7.499,7.504,7.469,7.483,3385336.0
2025-06-05,600036,44.06,44.42,44.0,44.37,421317.0
2025-06-05,600519,1514.0,1516.0,1502.2,1514.0,2321366.0
2025-06-05,600887,30.64,30.81,30.15,30.2,34289601.0
2025-06-05,600900,29.89,29.94,29.65,29.8,55135038.0
2025-06-05,600941,117.54,118.68,116.88,118.25,7882898.0
2025-06-05,601088,39.33,39.97,39.24,39.3,18565420.0
2025-06-05,601318,53.77,54.18,53.66,53.99,419100.0
2025-06-05,601398,7.08,7.12,7.07,7.09,2255742.0
2025-06-05,601857,8.38,8.44,8.38,8.39,74506060.0
2025-06-06,000333,75.37,75.83,75.1,75.7,27555948.0
2025-06-06,510300,3.987,3.999,3.978,3.986,4888808.0
2025-06-06,510500,5.783,5.794,5.77,5.785,1010747.0
2025-06-06,511010,141.29,141.345,141.284,141.341,152139.0
2025-06-06,518880,7.477,7.492,7.469,7.481,3753551.0
2025-06-06,600036,44.45,44.71,44.3,44.47,373499.0
2025-06-06,600519,1513.8,1518.97,1503.0,1506.39,2502307.0
2025-06-06,600887,29.08,29.1,28.6,28.66,42928303.0
2025-06-06,600900,29.8,30.02,29.75,29.99,54693654.0
2025-06-06,600941,116.4,116.75,115.15,116.61,7014559.0
2025-06-06,601088,39.31,39.67,39.12,39.54,21129491.0
2025-06-06,601318,54.0,54.12,53.35,53.41,408553.0
2025-06-06,601398,7.1,7.12,7.07,7.1,1870300.0
2025-06-06,601857,8.4,8.56,8.39,8.51,105866453.0
2025-06-09,000333,75.25,75.58,74.07,75.4,46695588.0
2025-06-09,510300,3.989,4.01,3.984,3.995,5810982.0
2025-06-09,510500,5.795,5.852,5.789,5.825,1958622.0
2025-06-09,511010,141.357,141.392,141.35,141.39,121585.0
2025-06-09,518880,7.364,7.401,7.331,7.4,5058251.0
2025-06-09,600036,44.6,44.68,44.21,44.6,474774.0
2025-06-09,600519,1505.02,1508.7,1485.68,1486.11,4495867.0
2025-06-09,600887,28.76,28.94,28.63,28.8,34077905.0
2025-06-09,600900,29.93,30.09,29.85,29.98,68059358.0
2025-06-09,600941,116.5,117.08,114.15,114.32,10303202.0
2025-06-09,601088,39.5,39.71,39.25,39.5,18201492.0
2025-06-09,601318,53.55,53.94,53.5,53.72,397887.0
2025-06-09,601398,7.1,7.11,7.04,7.08,2913685.0
2025-06-09,601857,8.56,8.65,8.51,8.63,115794247.0
2025-06-10,000333,75.63,76.5,75.05,75.05,32107412.0
2025-06-10,510300,3.997,4.005,3.958,3.972,7710518.0
2025-06-10,510500,5.825,5.829,5.742,5.777,1825379.0
2025-06-10,511010,141.415,141.426,141.361,141.406,221953.0
2025-06-10,518880,7.366,7.42,7.353,7.405,5177959.0
2025-06-10,600036,44.57,45.05,44.45,44.67,528349.0
2025-06-10,600519,1486.0,1492.0,1474.8,1475.01,3049220.0
2025-06-10,600887,28.91,29.24,28.51,28.55,34526646.0
2025-06-10,600900,29.98,30.29,29.96,30.03,66348841.0
2025-06-10,600941,114.32,114.75,113.25,113.31,9349870.0
2025-06-10,601088,39.6,39.74,39.4,39.65,22756495.0
2025-06-10,601318,53.71,54.1,53.31,53.43,467079.0
2025-06-10,601398,7.08,7.19,7.07,7.1,4161322.0
2025-06-10,601857,8.66,8.75,8.63,8.72,146719781.0
2025-06-11,000333,75.2,75.8,74.83,75.49,26308346.0
2025-06-11,510300,3.974,4.024,3.974,4.004,11035095.0
2025-06-11,510500,5.777,5.848,5.777,5.814,2303796.0
2025-06-11,511010,141.424,141.45,141.35,141.399,141283.0
2025-06-11,518880,7.42,7.436,7.404,7.428,3606998.0
2025-06-11,600036,44.72,45.68,44.72,45.31,776761.0
2025-06-11,600519,1476.8,1494.0,1476.1,1480.0,3089282.0
2025-06-11,600887,28.55,28.69,28.44,28.44,27677415.0
2025-06-11,600900,30.0,30.28,29.98,30.18,57665617.0
2025-06-11,600941,113.31,113.68,113.0,113.36,6101613.0
2025-06-11,601088,39.59,39.93,39.55,39.7,20801594.0
2025-06-11,601318,53.4,54.65,53.4,54.46,681830.0
2025-06-11,601398,7.1,7.15,7.09,7.12,2247734.0
2025-06-11,601857,8.73,8.88,8.71,8.85,125362779.0
2025-06-12,000333,72.51,72.68,71.53,72.2,34702892.0
2025-06-12,510300,3.998,4.013,3.98,4.006,6900872.0
2025-06-12,510500,5.809,5.835,5.786,5.825,922337.0
2025-06-12,511010,141.398,141.418,141.351,141.369,103178.0
2025-06-12,518880,7.505,7.512,7.474,7.497,3894631.0
2025-06-12,600036,45.4,45.65,45.1,45.23,452391.0
2025-06-12,600519,1480.0,1483.87,1454.1,1459.0,4990361.0
2025-06-12,600887,28.45,28.48,28.1,28.21,33492464.0
2025-06-12,600900,30.16,30.33,30.02,30.19,63183872.0
2025-06-12,600941,113.36,113.57,111.56,111.64,10583688.0
2025-06-12,601088,39.75,39.93,38.98,39.02,32784031.0
2025-06-12,601318,54.3,55.33,54.03,54.81,589999.0
2025-06-12,601398,7.12,7.13,7.09,7.11,2318336.0
2025-06-12,601857,8.9,8.93,8.81,8.88,132507296.0
2025-06-13,000333,71.6,72.16,71.0,71.48,30045204.0
2025-06-13,510300,3.998,4.002,3.967,3.98,6980168.0
2025-06-13,510500,5.814,5.822,5.754,5.776,1596903.0
2025-06-13,511010,141.369,141.401,141.36,141.398,192043.0
2025-06-13,518880,7.616,7.653,7.57,7.588,8880624.0
2025-06-13,600036,45.24,45.35,44.95,45.18,474081.0
2025-06-13,600519,1444.41,1449.97,1425.06,1426.95,5911325.0
2025-06-13,600887,28.2,28.27,27.8,28.0,47937237.0
2025-06-13,600900,30.19,30.66,30.18,30.62,104423426.0
2025-06-13,600941,111.65,112.76,111.65,112.22,8086252.0
2025-06-13,601088,39.22,39.37,38.97,39.26,27729170.0
2025-06-13,601318,54.83,54.9,54.28,54.48,480229.0
2025-06-13,601398,7.11,7.13,7.08,7.09,2808948.0
2025-06-13,601857,9.02,9.14,8.89,8.99,191619920.0
2025-06-16,000333,71.6,71.8,70.85,71.26,25020494.0
2025-06-16,510300,3.974,3.994,3.971,3.99,6493267.0
2025-06-16,510500,5.755,5.812,5.755,5.797,1802021.0
2025-06-16,511010,141.406,141.465,141.401,141.429,137211.0
2025-06-16,518880,7.629,7.634,7.548,7.563,6637312.0
2025-06-16,600036,45.08,45.81,44.95,45.78,414474.0
2025-06-16,600519,1401.2,1425.04,1401.18,1422.29,4288787.0
2025-06-16,600887,28.0,28.27,27.79,28.06,34782272.0
2025-06-16,600900,30.55,30.62,30.3,30.46,51655391.0
2025-06-16,600941,112.22,113.25,112.22,113.06,6598387.0
2025-06-16,601088,39.25,39.25,38.71,39.04,23671019.0
2025-06-16,601318,54.33,54.58,54.06,54.32,496771.0
2025-06-16,601398,7.08,7.14,7.02,7.14,2786040.0
2025-06-16,601857,9.03,9.08,8.89,9.02,191412722.0
2025-06-17,000333,71.8,73.08,71.8,72.06,32639478.0
2025-06-17,510300,3.991,3.997,3.974,3.989,4828913.0
2025-06-17,510500,5.802,5.808,5.769,5.785,2235067.0
2025-06-17,511010,141.413,141.595,141.413,141.583,131917.0
2025-06-17,518880,7.525,7.528,7.47,7.499,5031522.0
2025-06-17,600036,45.88,46.05,45.71,45.98,474209.0
2025-06-17,600519,1420.0,1427.0,1412.18,1427.0,2723151.0
2025-06-17,600887,28.07,28.2,27.86,28.07,27361319.0
2025-06-17,600900,30.45,30.7,30.06,30.67,78898566.0
2025-06-17,600941,113.08,113.3,111.98,112.9,4713463.0
2025-06-17,601088,39.04,39.57,38.76,39.5,25043632.0
2025-06-17,601318,54.3,54.51,53.94,54.23,506289.0
2025-06-17,601398,7.13,7.17,7.12,7.17,2279383.0
2025-06-17,601857,8.97,9.18,8.96,9.18,187955455.0
2025-06-18,000333,72.19,72.64,72.02,72.1,17528837.0
2025-06-18,510300,3.903,3.91,3.882,3.904,4808034.0
2025-06-18,510500,5.786,5.79,5.74,5.776,1501328.0
2025-06-18,511010,141.6,141.611,141.566,141.599,14264.0
2025-06-18,518880,7.499,7.527,7.476,7.503,3848653.0
2025-06-18,600036,45.92,46.07,45.65,45.85,426429.0
2025-06-18,600519,1440.0,1443.44,1421.01,1425.0,3076099.0
2025-06-18,600887,28.15,28.54,27.92,27.92,40015094.0
2025-06-18,600900,30.6,30.86,30.57,30.71,62172076.0
2025-06-18,600941,112.87,112.98,112.2,112.76,4810070.0
2025-06-18,601088,39.53,39.75,39.15,39.22,18377231.0
2025-06-18,601318,54.18,54.28,53.3,53.81,469364.0
2025-06-18,601398,7.17,7.25,7.16,7.25,3321323.0
2025-06-18,601857,9.2,9.26,9.14,9.18,135239018.0
2025-06-19,000333,72.2,72.41,71.13,71.33,21125341.0
2025-06-19,510300,3.898,3.899,3.863,3.873,6007886.0
2025-06-19,510500,5.763,5.785,5.695,5.718,2202724.0
2025-06-19,511010,141.602,141.634,141.593,141.605,11456.0
2025-06-19,518880,7.5,7.506,7.444,7.465,3668574.0
2025-06-19,600036,45.84,46.06,45.37,45.63,513454.0
2025-06-19,600519,1426.0,1433.67,1417.18,1426.0,2450072.0
2025-06-19,600887,27.9,28.04,27.68,27.71,25884915.0
2025-06-19,600900,30.8,30.84,30.58,30.72,55930574.0
2025-06-19,600941,112.66,112.92,111.36,112.7,6997347.0
2025-06-19,601088,39.09,39.46,38.73,39.39,29121190.0
2025-06-19,601318,53.69,53.8,53.12,53.2,401881.0
2025-06-19,601398,7.24,7.3,7.2,7.3,2841780.0
2025-06-19,601857,9.18,9.26,9.04,9.25,229433429.0
2025-06-20,000333,71.35,72.38,71.26,72.38,22986421.0
2025-06-20,510300,3.872,3.888,3.871,3.878,4230441.0
2025-06-20,510500,5.713,5.729,5.678,5.679,3236440.0
2025-06-20,511010,141.613,141.64,141.581,141.63,5534.0
2025-06-20,518880,7.46,7.464,7.423,7.436,3652503.0
2025-06-20,600036,45.73,46.18,45.55,45.99,448157.0
2025-06-20,600519,1423.58,1441.14,1420.2,1428.66,3481581.0
2025-06-20,600887,27.71,28.13,27.71,27.92,33637593.0
2025-06-20,600900,30.72,30.83,30.38,30.4,56160340.0
2025-06-20,600941,112.52,114.35,112.4,114.09,8587860.0
2025-06-20,601088,39.38,39.67,39.25,39.44,20968021.0
2025-06-20,601318,53.19,54.86,53.19,54.74,847430.0
2025-06-20,601398,7.29,7.38,7.28,7.37,3106928.0
2025-06-20,601857,9.2,9.24,9.1,9.16,137842481.0
2025-06-23,000333,72.0,72.33,71.46,71.72,21054495.0
2025-06-23,510300,3.869,3.902,3.862,3.891,7492447.0
2025-06-23,510500,5.668,5.726,5.661,5.712,1917814.0
2025-06-23,511010,141.628,141.675,141.573,141.601,10042.0
2025-06-23,518880,7.452,7.485,7.441,7.464,3685197.0
2025-06-23,600036,45.9,46.34,45.43,46.25,538931.0
2025-06-23,600519,1420.0,1433.0,1405.18,1420.0,2672331.0
2025-06-23,600887,27.79,27.89,27.4,27.57,34770843.0
2025-06-23,600900,30.38,30.76,30.28,30.65,58800921.0
2025-06-23,600941,113.5,114.69,112.0,112.5,9647910.0
2025-06-23,601088,39.49,39.98,39.2,39.85,21287073.0
2025-06-23,601318,54.5,55.25,54.26,55.1,614705.0
2025-06-23,601398,7.36,7.56,7.33,7.52,3897378.0
2025-06-23,601857,9.24,9.28,9.01,9.09,226861259.0
2025-06-24,000333,72.1,73.34,72.0,72.8,27050087.0
2025-06-24,510300,3.896,3.95,3.896,3.936,12245549.0
2025-06-24,510500,5.723,5.808,5.723,5.804,3842874.0
2025-06-24,511010,141.601,141.63,141.528,141.548,280304.0
2025-06-24,518880,7.431,7.44,7.354,7.372,5816473.0
2025-06-24,600036,46.31,47.0,46.18,46.75,655815.0
2025-06-24,600519,1423.35,1451.68,1423.35,1437.2,3631151.0
2025-06-24,600887,27.62,27.9,27.6,27.67,37245130.0
2025-06-24,600900,30.61,30.81,30.53,30.58,78840002.0
2025-06-24,600941,112.5,113.16,112.37,112.68,8189147.0
2025-06-24,601088,39.8,40.01,39.68,39.85,24485398.0
2025-06-24,601318,55.21,56.97,55.2,56.79,1040798.0
2025-06-24,601398,7.51,7.64,7.5,7.63,3560199.0
2025-06-24,601857,8.85,9.0,8.66,8.96,217096735.0
2025-06-25,000333,72.8,73.33,72.3,73.18,24327543.0
2025-06-25,510300,3.939,4.003,3.935,4.001,17241161.0
2025-06-25,510500,5.812,5.919,5.808,5.913,3724601.0
2025-06-25,511010,141.548,141.59,141.511,141.512,196281.0
2025-06-25,518880,7.378,7.398,7.376,7.392,2847107.0
2025-06-25,600036,46.75,47.5,46.59,47.5,607680.0
2025-06-25,600519,1439.11,1449.2,1420.51,1435.86,4105007.0
2025-06-25,600887,27.76,27.79,27.52,27.77,37286629.0
2025-06-25,600900,30.48,30.95,30.4,30.88,78370666.0
2025-06-25,600941,112.38,113.08,112.07,112.8,9225229.0
2025-06-25,601088,39.86,40.2,39.63,40.15,21616931.0
2025-06-25,601318,56.8,58.0,56.58,57.88,1046131.0
2025-06-25,601398,7.61,7.71,7.52,7.67,3495452.0
2025-06-25,601857,8.72,8.75,8.61,8.69,146784920.0
2025-06-26,000333,73.0,73.59,72.75,73.1,22672619.0
2025-06-26,510300,3.995,4.004,3.985,3.986,9379679.0
2025-06-26,510500,5.905,5.926,5.885,5.888,2343963.0
2025-06-26,511010,141.512,141.61,141.511,141.55,271713.0
2025-06-26,518880,7.39,7.406,7.385,7.405,2771479.0
2025-06-26,600036,47.49,47.88,47.05,47.88,590201.0
2025-06-26,600519,1415.0,1428.0,1410.08,1420.0,3486025.0
2025-06-26,600887,27.79,28.14,27.75,28.0,44549677.0
2025-06-26,600900,30.88,31.19,30.86,31.11,70564856.0
2025-06-26,600941,112.7,113.91,112.6,113.29,8713514.0
2025-06-26,601088,40.15,40.3,39.84,40.04,24562919.0
2025-06-26,601318,57.79,58.08,57.47,57.58,500740.0
2025-06-26,601398,7.66,7.75,7.62,7.72,2931890.0
2025-06-26,601857,8.69,8.78,8.67,8.74,115263894.0
2025-06-27,000333,73.06,73.19,72.22,72.28,22364021.0
2025-06-27,510300,3.99,4.013,3.958,3.963,10696914.0
2025-06-27,510500,5.894,5.958,5.885,5.91,2229407.0
2025-06-27,511010,141.55,141.675,141.55,141.645,197700.0
2025-06-27,518880,7.365,7.375,7.311,7.326,4558534.0
2025-06-27,600036,47.85,47.87,46.04,46.22,954143.0
2025-06-27,600519,1420.01,1423.0,1403.09,1403.09,3824973.0
2025-06-27,600887,27.95,28.24,27.79,27.92,34276060.0
2025-06-27,600900,31.16,31.16,30.2,30.22,147453009.0
2025-06-27,600941,113.19,114.28,111.9,112.17,10521876.0
2025-06-27,601088,39.98,40.18,39.79,39.93,24365811.0
2025-06-27,601318,57.58,58.13,56.61,56.96,667632.0
2025-06-27,601398,7.72,7.76,7.48,7.5,4820511.0
2025-06-27,601857,8.74,8.74,8.59,8.62,120881733.0
2025-06-30,000333,72.25,72.58,71.98,72.2,19302259.0
2025-06-30,510300,3.961,3.985,3.956,3.982,10819590.0
2025-06-30,510500,5.917,5.968,5.916,5.963,2444974.0
2025-06-30,511010,141.648,141.661,141.476,141.581,78009.0
2025-06-30,518880,7.3,7.321,7.274,7.314,3366574.0
2025-06-30,600036,46.13,46.29,45.77,45.95,624614.0
2025-06-30,600519,1403.5,1413.23,1402.0,1409.52,3045730.0
2025-06-30,600887,27.99,28.04,27.8,27.88,29484874.0
2025-06-30,600900,30.23,30.42,30.1,30.14,75518456.0
2025-06-30,600941,111.6,113.1,111.58,112.55,8143024.0
2025-06-30,601088,39.93,40.71,39.89,40.54,29214530.0
2025-06-30,601318,55.5,55.95,55.13,55.48,564782.0
2025-06-30,601398,7.48,7.61,7.42,7.59,3061472.0
2025-06-30,601857,8.61,8.64,8.48,8.55,112428863.0
2025-07-01,000333,72.28,72.35,71.8,72.11,18625209.0
2025-07-01,510300,3.98,3.992,3.969,3.988,6406861.0
2025-07-01,510500,5.95,5.984,5.934,5.982,1382361.0
2025-07-01,511010,141.594,141.642,141.589,141.631,130705.0
2025-07-01,518880,7.359,7.4,7.346,7.397,3478679.0
2025-07-01,600036,45.96,46.67,45.92,46.45,450613.0
2025-07-01,600519,1409.0,1411.94,1403.31,1405.1,1987819.0
2025-07-01,600887,27.86,27.86,27.6,27.67,33512938.0
2025-07-01,600900,30.2,30.52,30.15,30.37,59476275.0
2025-07-01,600941,112.5,112.94,112.1,112.56,4991976.0
2025-07-01,601088,40.55,41.05,40.3,40.94,20036948.0
2025-07-01,601318,55.66,55.89,55.3,55.7,352746.0
2025-07-01,601398,7.59,7.74,7.58,7.66,2683319.0
2025-07-01,601857,8.56,8.7,8.5,8.64,101075028.0
2025-07-02,000333,72.11,73.1,71.81,72.5,26615479.0
2025-07-02,510300,3.985,3.999,3.975,3.992,5188835.0
2025-07-02,510500,5.961,5.966,5.929,5.947,1297455.0
2025-07-02,511010,141.632,141.718,141.632,141.711,221222.0
2025-07-02,518880,7.395,7.418,7.384,7.394,2916548.0
2025-07-02,600036,46.7,47.16,46.45,46.9,518563.0
2025-07-02,600519,1409.5,1414.8,1400.0,1409.6,2621825.0
2025-07-02,600887,27.74,27.92,27.56,27.81,46744965.0
2025-07-02,600900,30.4,30.48,30.22,30.25,57183495.0
2025-07-02,600941,112.5,112.87,111.87,111.89,5948903.0
2025-07-02,601088,40.94,41.55,40.81,41.54,22333524.0
2025-07-02,601318,55.7,56.01,55.35,55.81,395629.0
2025-07-02,601398,7.68,7.71,7.65,7.68,2068291.0
2025-07-02,601857,8.64,8.66,8.59,8.6,78419450.0
2025-07-03,000333,72.79,72.95,72.34,72.89,17936923.0
2025-07-03,510300,3.994,4.02,3.991,4.015,6863819.0
2025-07-03,510500,5.947,5.978,5.935,5.971,1197558.0
2025-07-03,511010,141.73,141.758,141.693,141.729,190406.0
2025-07-03,518880,7.407,7.453,7.407,7.445,2959903.0
2025-07-03,600036,46.9,46.95,46.34,46.61,556226.0
2025-07-03,600519,1412.0,1422.69,1408.0,1415.6,2441267.0
2025-07-03,600887,27.81,27.83,27.64,27.75,25928828.0
2025-07-03,600900,30.26,30.28,29.85,30.09,93681123.0
2025-07-03,600941,111.9,112.11,111.0,111.2,9666345.0
2025-07-03,601088,41.69,41.7,40.33,40.4,28602253.0
2025-07-03,601318,55.9,56.2,55.66,55.8,325101.0
2025-07-03,601398,7.68,7.72,7.6,7.64,2256541.0
2025-07-03,601857,8.63,8.64,8.54,8.55,80081640.0
2025-07-04,000333,72.88,73.84,72.6,73.48,21146224.0
2025-07-04,510300,4.011,4.065,4.004,4.032,10525621.0
2025-07-04,510500,5.958,6.025,5.94,5.963,1626178.0
2025-07-04,511010,141.744,141.769,141.736,141.762,191611.0
2025-07-04,518880,7.4,7.413,7.376,7.407,2572291.0
2025-07-04,600036,46.6,47.5,46.4,47.07,678948.0
2025-07-04,600519,1415.7,1431.89,1410.01,1422.22,2876691.0
2025-07-04,600887,27.74,27.9,27.65,27.77,28741705.0
2025-07-04,600900,30.06,30.29,30.01,30.16,67922805.0
2025-07-04,600941,111.1,111.95,111.01,111.89,5903871.0
2025-07-04,601088,40.4,41.18,40.4,41.05,30294093.0
2025-07-04,601318,55.7,57.39,55.43,56.57,654544.0
2025-07-04,601398,7.64,7.78,7.63,7.75,2890571.0
2025-07-04,601857,8.55,8.61,8.53,8.6,89042401.0
2025-07-07,000333,73.2,73.45,72.33,72.55,21545334.0
2025-07-07,510300,4.026,4.032,4.005,4.014,4022514.0
2025-07-07,510500,5.957,5.966,5.941,5.951,787038.0
2025-07-07,511010,141.765,141.785,141.718,141.741,94947.0
2025-07-07,518880,7.348,7.367,7.344,7.355,2817844.0
2025-07-07,600036,47.07,47.3,46.7,47.2,567427.0
2025-07-07,600519,1422.28,1423.5,1410.01,1410.7,2385467.0
2025-07-07,600887,27.75,27.77,27.19,27.37,53465915.0
2025-07-07,600900,30.24,30.28,30.07,30.26,50827848.0
2025-07-07,600941,111.8,112.41,111.18,112.24,6634746.0
2025-07-07,601088,38.79,38.79,37.57,37.7,46156722.0
2025-07-07,601318,56.59,56.8,56.06,56.43,321763.0
2025-07-07,601398,7.74,7.77,7.7,7.73,1948834.0
2025-07-07,601857,8.6,8.6,8.45,8.53,87628132.0
2025-07-08,000333,72.55,72.7,72.07,72.22,25686651.0
2025-07-08,510300,4.016,4.056,4.013,4.048,6122487.0
2025-07-08,510500,5.951,6.039,5.948,6.031,1674850.0
2025-07-08,511010,141.733,141.733,141.619,141.631,103800.0
2025-07-08,518880,7.397,7.406,7.389,7.398,2178996.0
2025-07-08,600036,47.28,47.67,47.1,47.62,637421.0
2025-07-08,600519,1410.71,1420.0,1410.7,1416.11,1867370.0
2025-07-08,600887,27.35,27.6,27.27,27.49,31288934.0
2025-07-08,600900,30.27,30.27,29.91,29.92,107328601.0
2025-07-08,600941,112.24,112.51,111.54,111.95,8520949.0
2025-07-08,601088,37.75,37.85,37.5,37.72,20188668.0
2025-07-08,601318,56.4,56.78,56.11,56.45,343460.0
2025-07-08,601398,7.73,7.78,7.7,7.76,1983420.0
2025-07-08,601857,8.55,8.62,8.51,8.57,90676310.0
2025-07-09,000333,72.07,72.35,71.8,71.8,27205267.0
2025-07-09,510300,4.048,4.069,4.04,4.045,6476608.0
2025-07-09,510500,6.032,6.044,6.0,6.005,1531960.0
2025-07-09,511010,141.64,141.658,141.617,141.629,204550.0
2025-07-09,518880,7.347,7.348,7.304,7.314,4255341.0
2025-07-09,600036,47.5,47.77,47.13,47.13,614566.0
2025-07-09,600519,1415.0,1429.97,1414.17,1418.88,2774532.0
2025-07-09,600887,27.49,27.99,27.45,27.69,48263305.0
2025-07-09,600900,29.95,30.1,29.85,29.98,67038321.0
2025-07-09,600941,111.95,114.56,111.81,113.52,16017694.0
2025-07-09,601088,37.72,37.93,37.5,37.5,20920104.0
2025-07-09,601318,56.45,56.78,55.88,55.9,395463.0
2025-07-09,601398,7.76,7.93,7.75,7.85,2898276.0
2025-07-09,601857,8.59,8.73,8.58,8.58,124567324.0
2025-07-10,000333,71.84,71.97,71.33,71.68,23151388.0
2025-07-10,510300,4.045,4.09,4.044,4.065,6323877.0
2025-07-10,510500,6.005,6.061,5.997,6.038,1303243.0
2025-07-10,511010,141.635,141.635,141.535,141.537,241126.0
2025-07-10,518880,7.371,7.38,7.358,7.371,3020038.0
2025-07-10,600036,47.1,48.55,47.1,48.24,1219784.0
2025-07-10,600519,1418.97,1436.18,1410.4,1426.5,3872503.0
2025-07-10,600887,27.69,27.96,27.64,27.66,37340991.0
2025-07-10,600900,30.0,30.08,29.8,29.9,94764305.0
2025-07-10,600941,113.52,113.98,112.16,112.4,10219094.0
2025-07-10,601088,37.64,37.73,37.41,37.46,23544664.0
2025-07-10,601318,55.9,57.58,55.81,57.13,828882.0
2025-07-10,601398,7.87,8.13,7.87,8.08,5870466.0
2025-07-10,601857,8.6,8.73,8.6,8.66,121933899.0
2025-07-11,000333,71.74,72.8,71.69,72.48,32055369.0
2025-07-11,510300,4.066,4.13,4.065,4.079,12648551.0
2025-07-11,510500,6.035,6.125,6.017,6.09,2491185.0
2025-07-11,511010,141.533,141.535,141.44,141.499,28346.0
2025-07-11,518880,7.375,7.392,7.372,7.376,2616554.0
2025-07-11,600036,46.28,46.5,45.62,45.64,1184443.0
2025-07-11,600519,1423.16,1458.0,1423.16,1427.0,5724335.0
2025-07-11,600887,27.67,27.95,27.66,27.69,46755574.0
2025-07-11,600900,29.92,30.59,29.87,30.4,164215479.0
2025-07-11,600941,112.36,113.99,112.03,112.76,11729346.0
2025-07-11,601088,37.46,37.77,36.8,36.8,43379798.0
2025-07-11,601318,57.0,59.02,56.96,57.71,1076429.0
2025-07-11,601398,8.12,8.36,8.01,8.01,8885956.0
2025-07-11,601857,8.66,8.82,8.65,8.65,243381626.0
2025-07-14,000333,72.47,73.21,71.98,73.1,23373900.0
2025-07-14,510300,4.078,4.094,4.076,4.078,8205479.0
2025-07-14,510500,6.088,6.099,6.07,6.079,1168520.0
2025-07-14,511010,141.5,141.5,141.397,141.427,14642.0
2025-07-14,518880,7.426,7.445,7.413,7.44,2671885.0
2025-07-14,600036,45.65,46.09,45.44,45.57,648484.0
2025-07-14,600519,1430.0,1434.98,1421.6,1423.6,2778094.0
2025-07-14,600887,27.7,27.73,27.44,27.49,44965932.0
2025-07-14,600900,30.42,30.79,30.4,30.61,77154717.0
2025-07-14,600941,112.81,113.66,112.63,113.18,5520608.0
2025-07-14,601088,37.06,37.98,37.06,37.42,51491446.0
2025-07-14,601318,57.69,58.24,57.57,57.57,449058.0
2025-07-14,601398,7.9,7.98,7.84,7.84,4706935.0
2025-07-14,601857,8.69,8.92,8.69,8.88,204611606.0
2025-07-15,000333,73.11,73.5,72.81,73.21,24900978.0
2025-07-15,510300,4.082,4.104,4.053,4.078,8074813.0
2025-07-15,510500,6.066,6.111,6.029,6.077,1582649.0
2025-07-15,511010,141.45,141.571,141.45,141.567,217189.0
2025-07-15,518880,7.41,7.445,7.401,7.436,2689311.0
2025-07-15,600036,45.77,45.92,44.8,45.22,666206.0
2025-07-15,600519,1420.98,1422.93,1408.32,1411.0,3540578.0
2025-07-15,600887,27.49,27.61,27.26,27.38,36497030.0
2025-07-15,600900,30.61,30.68,30.35,30.48,56246157.0
2025-07-15,600941,113.02,113.44,112.22,112.42,6524367.0
2025-07-15,601088,37.47,37.94,37.25,37.47,26227333.0
2025-07-15,601318,57.75,57.96,56.98,57.1,441726.0
2025-07-15,601398,7.86,7.88,7.76,7.8,3186881.0
2025-07-15,601857,8.86,8.96,8.82,8.93,163315904.0
2025-07-16,000333,73.47,74.09,72.8,72.89,20688807.0
2025-07-16,510300,4.079,4.093,4.056,4.069,4791819.0
2025-07-16,510500,6.074,6.128,6.055,6.076,1641379.0
2025-07-16,511010,141.572,141.616,141.556,141.576,137680.0
2025-07-16,518880,7.394,7.407,7.378,7.402,2390714.0
2025-07-16,600036,45.26,45.54,44.88,45.11,468186.0
2025-07-16,600519,1410.01,1417.49,1409.95,1411.03,2128605.0
2025-07-16,600887,27.39,27.68,27.38,27.52,33758739.0
2025-07-16,600900,30.6,30.66,30.33,30.34,38621346.0
2025-07-16,600941,112.43,113.33,112.43,112.95,6274118.0
2025-07-16,601088,37.48,37.55,37.2,37.28,15148200.0
2025-07-16,601318,57.17,57.24,56.21,56.83,481825.0
2025-07-16,601398,7.77,7.8,7.7,7.8,3524988.0
2025-07-16,601857,8.93,9.06,8.91,8.98,129816376.0
2025-07-17,000333,72.75,73.43,72.6,72.63,24729994.0
2025-07-17,510300,4.069,4.103,4.068,4.102,5978225.0
2025-07-17,510500,6.075,6.148,6.069,6.146,1181068.0
2025-07-17,511010,141.552,141.57,141.518,141.568,10799.0
2025-07-17,518880,7.403,7.411,7.386,7.397,2083170.0
2025-07-17,600036,45.1,45.33,44.91,45.0,416895.0
2025-07-17,600519,1413.98,1423.01,1412.88,1416.35,2310554.0
2025-07-17,600887,27.54,28.16,27.51,28.1,59787288.0
2025-07-17,600900,30.32,30.4,30.12,30.16,61465548.0
2025-07-17,600941,112.9,113.28,111.59,111.76,11720473.0
2025-07-17,601088,37.27,37.34,36.97,37.13,17218477.0
2025-07-17,601318,56.7,57.06,56.68,56.81,277123.0
2025-07-17,601398,7.79,7.81,7.72,7.75,2793217.0
2025-07-17,601857,8.98,9.03,8.87,8.91,128039088.0
2025-07-18,000333,72.87,73.28,72.52,72.83,21951230.0
2025-07-18,510300,4.108,4.136,4.105,4.132,7131296.0
2025-07-18,510500,6.148,6.183,6.135,6.165,1608246.0
2025-07-18,511010,141.568,141.579,141.508,141.556,11338.0
2025-07-18,518880,7.394,7.407,7.391,7.403,1840285.0
2025-07-18,600036,45.05,45.16,44.74,45.05,543431.0
2025-07-18,600519,1420.0,1437.81,1416.38,1437.0,4182341.0
2025-07-18,600887,28.12,28.23,27.88,28.07,33565927.0
2025-07-18,600900,29.54,29.6,29.35,29.5,60170190.0
2025-07-18,600941,111.77,111.95,111.36,111.69,10544097.0
2025-07-18,601088,37.24,37.58,37.23,37.4,20778801.0
2025-07-18,601318,56.95,57.45,56.86,57.07,436240.0
2025-07-18,601398,7.74,7.82,7.7,7.77,2727850.0
2025-07-18,601857,8.93,8.97,8.87,8.91,72754738.0
2025-07-21,000333,72.61,72.96,72.4,72.55,30897062.0
2025-07-21,510300,4.137,4.16,4.134,4.157,7674613.0
2025-07-21,510500,6.171,6.228,6.17,6.226,2550110.0
2025-07-21,511010,141.556,141.58,141.451,141.469,69880.0
2025-07-21,518880,7.43,7.454,7.42,7.446,3004574.0
2025-07-21,600036,45.05,45.23,44.83,44.85,566412.0
2025-07-21,600519,1436.99,1446.8,1435.0,1443.0,2620331.0
2025-07-21,600887,28.08,28.21,27.98,28.19,31942451.0
2025-07-21,600900,29.7,29.86,29.42,29.51,77827654.0
2025-07-21,600941,111.5,111.69,111.16,111.27,10556997.0
2025-07-21,601088,37.51,37.84,37.37,37.77,25712961.0
2025-07-21,601318,57.15,57.75,56.9,57.19,466733.0
2025-07-21,601398,7.76,7.77,7.67,7.7,3135466.0
2025-07-21,601857,8.9,8.97,8.87,8.93,84814373.0
2025-07-22,000333,72.58,73.22,72.26,73.19,35720411.0
2025-07-22,510300,4.159,4.203,4.142,4.201,10821091.0
2025-07-22,510500,6.229,6.295,6.218,6.292,2237787.0
2025-07-22,511010,141.473,142.03,141.386,141.395,96063.0
2025-07-22,518880,7.483,7.489,7.47,7.474,3620034.0
2025-07-22,600036,44.85,44.98,44.21,44.94,922319.0
2025-07-22,600519,1444.0,1466.6,1440.68,1464.98,4211898.0
2025-07-22,600887,28.22,28.42,28.12,28.37,38678267.0
2025-07-22,600900,29.46,29.51,29.28,29.36,94394047.0
2025-07-22,600941,111.31,111.68,110.72,111.62,12890115.0
2025-07-22,601088,37.77,39.99,37.58,39.48,74518614.0
2025-07-22,601318,57.19,57.2,56.1,56.7,695203.0
2025-07-22,601398,7.67,7.68,7.56,7.6,4778345.0
2025-07-22,601857,8.91,9.06,8.86,9.01,145904781.0
2025-07-23,000333,73.2,73.85,73.18,73.5,36987240.0
2025-07-23,510300,4.204,4.234,4.188,4.199,9947315.0
2025-07-23,510500,6.295,6.334,6.258,6.27,2803027.0
2025-07-23,511010,141.335,141.391,141.191,141.341,41098.0
2025-07-23,518880,7.54,7.549,7.525,7.548,3141072.0
2025-07-23,600036,44.97,45.7,44.96,45.12,853249.0
2025-07-23,600519,1469.0,1495.0,1468.95,1475.5,4504484.0
2025-07-23,600887,28.42,28.54,28.25,28.29,35690539.0
2025-07-23,600900,29.41,29.45,29.17,29.18,107354945.0
2025-07-23,600941,111.66,112.08,111.16,111.38,10486630.0
2025-07-23,601088,39.68,40.18,38.71,38.82,50939959.0
2025-07-23,601318,56.84,58.38,56.81,58.0,869407.0
2025-07-23,601398,7.59,7.73,7.56,7.65,4891056.0
2025-07-23,601857,8.99,9.06,8.92,8.94,138909950.0
2025-07-24,000333,73.7,73.95,73.09,73.51,29069915.0
2025-07-24,510300,4.195,4.228,4.19,4.225,8852360.0
2025-07-24,510500,6.258,6.368,6.257,6.363,2070370.0
2025-07-24,511010,141.302,141.324,141.071,141.074,113994.0
2025-07-24,518880,7.459,7.461,7.415,7.424,4405109.0
2025-07-24,600036,45.21,45.36,44.8,44.88,826620.0
2025-07-24,600519,1476.0,1499.0,1475.0,1491.5,3880364.0
2025-07-24,600887,28.29,28.34,28.13,28.24,36005076.0
2025-07-24,600900,29.19,29.19,28.8,28.94,166882768.0
2025-07-24,600941,111.41,111.42,110.84,111.0,10973576.0
2025-07-24,601088,38.83,39.18,38.34,38.82,39150400.0
2025-07-24,601318,57.97,59.0,57.71,58.64,707737.0
2025-07-24,601398,7.65,7.67,7.53,7.55,4623948.0
2025-07-24,601857,8.94,8.94,8.77,8.79,184517805.0
2025-07-25,000333,73.4,73.4,72.55,72.76,24456208.0
2025-07-25,510300,4.225,4.225,4.193,4.203,8200860.0
2025-07-25,510500,6.367,6.377,6.339,6.365,3175692.0
2025-07-25,511010,141.08,141.2,141.055,141.105,62686.0
2025-07-25,518880,7.415,7.421,7.399,7.409,2547627.0
2025-07-25,600036,44.84,45.17,44.75,44.83,696264.0
2025-07-25,600519,1491.4,1491.4,1453.0,1455.0,4191126.0
2025-07-25,600887,28.2,28.2,27.81,27.83,44333359.0
2025-07-25,600900,28.86,28.98,28.75,28.75,100879090.0
2025-07-25,600941,111.01,111.14,110.17,110.28,11794813.0
2025-07-25,601088,38.82,38.91,38.36,38.43,23430400.0
2025-07-25,601318,58.3,58.55,57.82,58.08,508335.0
2025-07-25,601398,7.53,7.58,7.48,7.49,3308917.0
2025-07-25,601857,8.8,8.88,8.65,8.67,182602884.0
2025-07-28,000333,72.82,72.92,71.8,71.94,37773632.0
2025-07-28,510300,4.203,4.223,4.186,4.214,6027713.0
2025-07-28,510500,6.365,6.403,6.336,6.391,2017572.0
2025-07-28,511010,141.201,141.315,141.14,141.238,145640.0
2025-07-28,518880,7.382,7.398,7.367,7.388,2841433.0
2025-07-28,600036,44.8,45.16,44.41,44.44,635127.0
2025-07-28,600519,1453.0,1454.99,1436.3,1438.66,3858632.0
2025-07-28,600887,27.84,27.95,27.67,27.73,41314484.0
2025-07-28,600900,28.75,28.84,28.6,28.64,84445060.0
2025-07-28,600941,110.49,110.63,109.12,109.38,14370162.0
2025-07-28,601088,38.23,38.24,37.74,37.8,29503406.0
2025-07-28,601318,58.2,60.2,58.2,60.09,1221217.0
2025-07-28,601398,7.49,7.54,7.46,7.49,2734227.0
2025-07-28,601857,8.67,8.67,8.53,8.56,151301332.0
2025-07-29,000333,71.94,72.07,71.02,71.24,39836931.0
2025-07-29,510300,4.208,4.236,4.192,4.235,8059786.0
2025-07-29,510500,6.375,6.432,6.335,6.431,2131929.0
2025-07-29,511010,141.253,141.253,141.054,141.064,73632.0
2025-07-29,518880,7.35,7.366,7.345,7.363,2631616.0
2025-07-29,600036,44.44,44.8,44.14,44.14,785813.0
2025-07-29,600519,1439.6,1448.79,1435.01,1439.0,2630408.0
2025-07-29,600887,28.2,28.39,27.41,27.52,118898473.0
2025-07-29,600900,28.61,28.74,28.6,28.63,71772013.0
2025-07-29,600941,109.4,109.58,108.81,109.2,10098696.0
2025-07-29,601088,37.7,37.97,37.68,37.82,17872893.0
2025-07-29,601318,60.06,60.28,59.37,59.49,566092.0
2025-07-29,601398,7.49,7.52,7.43,7.43,2922719.0
2025-07-29,601857,8.59,8.74,8.59,8.72,163958194.0
2025-07-30,000333,71.49,72.74,71.2,72.11,41132530.0
2025-07-30,510300,4.227,4.265,4.207,4.232,9502522.0
2025-07-30,510500,6.408,6.441,6.34,6.389,1889246.0
2025-07-30,511010,141.078,141.214,141.013,141.203,116716.0
2025-07-30,518880,7.387,7.389,7.367,7.377,2817736.0
2025-07-30,600036,44.17,44.75,43.93,44.42,725461.0
2025-07-30,600519,1444.0,1457.16,1437.0,1449.44,3186771.0
2025-07-30,600887,27.39,28.04,27.38,27.88,78153490.0
2025-07-30,600900,28.64,28.94,28.64,28.7,97828042.0
2025-07-30,600941,109.1,109.94,108.8,109.51,12218911.0
2025-07-30,601088,38.01,38.9,37.88,38.5,32979667.0
2025-07-30,601318,59.48,61.33,59.35,60.71,921993.0
2025-07-30,601398,7.43,7.55,7.4,7.49,3907271.0
2025-07-30,601857,8.76,8.89,8.74,8.88,148260247.0
2025-07-31,000333,72.0,72.02,69.88,70.19,69477714.0
2025-07-31,510300,4.221,4.221,4.142,4.155,11229126.0
2025-07-31,510500,6.362,6.389,6.273,6.297,1986009.0
2025-07-31,511010,141.206,141.329,141.179,141.313,119712.0
2025-07-31,518880,7.329,7.356,7.315,7.35,3041657.0
2025-07-31,600036,44.4,44.56,43.85,44.48,733195.0
2025-07-31,600519,1443.0,1444.87,1418.0,1421.67,5179751.0
2025-07-31,600887,27.82,27.82,27.38,27.41,52861670.0
2025-07-31,600900,28.42,28.42,27.7,27.84,257969828.0
2025-07-31,600941,109.41,109.48,108.4,108.56,10406245.0
2025-07-31,601088,38.28,38.3,37.6,38.16,35149739.0
2025-07-31,601318,60.41,60.5,58.38,58.69,827601.0
2025-07-31,601398,7.49,7.59,7.42,7.56,4809696.0
2025-07-31,601857,8.88,8.9,8.73,8.87,175125075.0
2025-08-01,000333,70.2,70.97,70.1,70.79,28644667.0
2025-08-01,510300,4.148,4.162,4.118,4.133,6115671.0
2025-08-01,510500,6.28,6.328,6.25,6.287,1581956.0
2025-08-01,511010,141.294,141.362,141.195,141.321,162478.0
2025-08-01,518880,7.343,7.366,7.331,7.352,1923996.0
2025-08-01,600036,44.5,44.97,44.35,44.42,594621.0
2025-08-01,600519,1421.87,1425.96,1414.0,1417.0,2963559.0
2025-08-01,600887,27.4,27.55,27.39,27.51,34735358.0
2025-08-01,600900,27.79,28.05,27.68,27.99,98148606.0
2025-08-01,600941,108.68,109.18,107.66,108.08,11336377.0
2025-08-01,601088,38.17,38.42,37.54,37.56,24439794.0
2025-08-01,601318,58.68,59.06,58.08,58.2,488786.0
2025-08-01,601398,7.56,7.67,7.48,7.62,5145900.0
2025-08-01,601857,8.8,8.84,8.5,8.51,226766360.0
2025-08-04,000333,70.55,71.0,70.2,70.94,19776642.0
2025-08-04,510300,4.122,4.154,4.117,4.152,4355672.0
2025-08-04,510500,6.259,6.336,6.252,6.335,1043707.0
2025-08-04,511010,141.352,142.0,141.285,141.293,235391.0
2025-08-04,518880,7.432,7.447,7.432,7.446,4261136.0
2025-08-04,600036,44.31,44.97,44.31,44.9,498008.0
2025-08-04,600519,1415.0,1419.8,1414.0,1419.0,1868795.0
2025-08-04,600887,27.39,27.49,27.31,27.48,30235299.0
2025-08-04,600900,27.9,28.17,27.8,28.14,82320372.0
2025-08-04,600941,107.93,108.37,107.77,108.12,9212275.0
2025-08-04,601318,58.1,58.34,57.85,58.21,360078.0
2025-08-04,601398,7.63,7.78,7.62,7.68,4482751.0
2025-08-04,601857,8.44,8.51,8.4,8.47,114858803.0
2025-08-05,000333,71.11,71.51,70.68,71.38,19174845.0
2025-08-05,510300,4.154,4.185,4.151,4.183,5480681.0
2025-08-05,510500,6.338,6.378,6.338,6.376,1206725.0
2025-08-05,511010,141.253,141.344,141.212,141.337,84474.0
2025-08-05,518880,7.481,7.486,7.454,7.455,3224587.0
2025-08-05,600036,44.78,45.4,44.64,45.25,555258.0
2025-08-05,600519,1421.0,1429.94,1417.11,1427.74,2534227.0
2025-08-05,600887,27.5,27.55,27.36,27.55,33178223.0
2025-08-05,600900,28.14,28.18,27.96,28.1,78715270.0
2025-08-05,600941,108.15,109.07,107.89,109.07,10391539.0
2025-08-05,601318,58.3,59.41,58.2,59.14,482956.0
2025-08-05,601398,7.68,7.76,7.63,7.76,3403182.0
2025-08-05,601857,8.47,8.64,8.45,8.59,136173580.0
2025-08-06,000333,71.38,71.78,70.99,71.7,22135849.0
2025-08-06,510300,4.181,4.199,4.176,4.194,4089449.0
2025-08-06,510500,6.346,6.434,6.346,6.428,1719765.0
2025-08-06,511010,141.33,141.383,141.239,141.351,117942.0
2025-08-06,518880,7.472,7.482,7.46,7.468,2661820.0
2025-08-06,600036,45.29,45.73,45.11,45.12,430296.0
2025-08-06,600519,1429.0,1429.0,1419.3,1423.88,2369928.0
2025-08-06,600887,27.55,27.69,27.48,27.57,30132008.0
2025-08-06,600900,28.09,28.12,27.87,27.97,114493479.0
2025-08-06,600941,108.78,109.11,108.05,108.27,11299781.0
2025-08-06,601318,59.14,59.64,58.82,59.06,324469.0
2025-08-06,601398,7.75,7.8,7.71,7.76,2967782.0
2025-08-06,601857,8.59,8.67,8.57,8.64,94110090.0
2025-08-07,000333,71.51,71.93,71.21,71.48,20361565.0
2025-08-07,510300,4.196,4.21,4.171,4.193,5339656.0
2025-08-07,510500,6.428,6.443,6.366,6.408,1617284.0
2025-08-07,511010,141.39,141.497,141.376,141.451,95938.0
2025-08-07,518880,7.471,7.488,7.459,7.484,3136422.0
2025-08-07,600036,45.12,45.6,44.96,45.15,440643.0
2025-08-07,600519,1423.88,1427.7,1420.06,1422.35,2800134.0
2025-08-07,600887,27.59,27.62,27.46,27.57,30377295.0
2025-08-07,600900,27.94,28.18,27.84,28.06,105195676.0
2025-08-07,600941,108.24,108.24,107.69,107.84,13088049.0
2025-08-07,601318,59.11,59.46,58.53,58.88,327972.0
2025-08-07,601398,7.75,7.87,7.7,7.84,3789821.0
2025-08-07,601857,8.62,8.68,8.59,8.68,76613357.0
2025-08-08,000333,71.4,71.83,71.29,71.58,20118405.0
2025-08-08,510300,4.188,4.201,4.175,4.183,4230624.0
2025-08-08,510500,6.379,6.422,6.375,6.397,1036035.0
2025-08-08,511010,141.65,141.734,141.434,141.508,133447.0
2025-08-08,518880,7.488,7.513,7.488,7.508,3380603.0
2025-08-08,600036,45.2,45.28,44.53,44.53,456422.0
2025-08-08,600519,1423.05,1426.5,1418.0,1420.97,1865528.0
2025-08-08,600887,27.55,27.55,27.22,27.3,41578737.0
2025-08-08,600900,28.06,28.08,27.86,27.86,82497210.0
2025-08-08,600941,108.98,110.1,108.8,109.99,23011949.0
2025-08-08,601318,58.88,58.9,58.22,58.54,397933.0
2025-08-08,601398,7.84,7.9,7.77,7.79,2739258.0
2025-08-08,601857,8.65,8.82,8.63,8.77,98313524.0
2025-08-11,000333,71.3,71.82,71.19,71.76,17912366.0
2025-08-11,510300,4.183,4.218,4.183,4.202,6881519.0
2025-08-11,510500,6.403,6.484,6.403,6.464,1672288.0
2025-08-11,511010,141.509,141.509,141.317,141.341,124355.0
2025-08-11,518880,7.452,7.46,7.423,7.429,3596888.0
2025-08-11,600036,44.53,44.63,44.1,44.1,536724.0
2025-08-11,600519,1423.5,1451.99,1423.0,1445.0,4715907.0
2025-08-11,600887,27.31,27.6,27.26,27.57,39224087.0
2025-08-11,600900,27.86,27.88,27.51,27.69,124355056.0
2025-08-11,600941,109.77,110.18,108.85,108.98,19561559.0
2025-08-11,601318,58.77,59.14,58.47,58.47,431869.0
2025-08-11,601398,7.78,7.8,7.68,7.7,3368392.0
2025-08-11,601857,8.75,8.79,8.58,8.59,143829394.0
2025-08-12,000333,71.75,72.44,71.6,71.93,24047589.0
2025-08-12,510300,4.2,4.237,4.2,4.228,4824872.0
2025-08-12,510500,6.466,6.498,6.439,6.497,1065318.0
2025-08-12,511010,141.348,141.366,141.261,141.313,12510.0
2025-08-12,518880,7.412,7.416,7.393,7.399,2814917.0
2025-08-12,600036,44.13,44.48,44.0,44.0,562252.0
2025-08-12,600519,1449.0,1465.07,1436.0,1437.04,4201923.0
2025-08-12,600887,27.57,27.72,27.46,27.47,31221146.0
2025-08-12,600900,27.69,27.88,27.64,27.76,74318390.0
2025-08-12,600941,109.09,109.85,109.04,109.36,9826050.0
2025-08-12,601318,58.47,59.07,58.47,58.75,426985.0
2025-08-12,601398,7.69,7.81,7.67,7.78,3183981.0
2025-08-12,601857,8.6,8.86,8.6,8.77,179730910.0
2025-08-13,000333,71.98,72.29,71.6,71.82,25384669.0
2025-08-13,510300,4.234,4.272,4.229,4.263,7588408.0
2025-08-13,510500,6.506,6.596,6.5,6.582,1792705.0
2025-08-13,511010,141.3,141.455,141.245,141.411,93018.0
2025-08-13,518880,7.395,7.416,7.394,7.415,2306006.0
2025-08-13,600036,44.14,44.25,43.49,43.54,876737.0
2025-08-13,600519,1425.0,1433.68,1420.0,1420.05,6552754.0
2025-08-13,600887,27.52,27.68,27.42,27.48,43568321.0
2025-08-13,600900,27.77,27.85,27.61,27.63,93425687.0
2025-08-13,600941,109.67,109.68,108.9,109.22,11406215.0
2025-08-13,601318,58.92,59.4,58.46,58.61,728453.0
2025-08-13,601398,7.77,7.82,7.7,7.7,3360197.0
2025-08-13,601857,8.75,8.81,8.7,8.71,112396786.0
2025-08-14,000333,71.8,73.05,71.72,72.33,45514924.0
2025-08-14,510300,4.265,4.303,4.248,4.256,8879344.0
2025-08-14,510500,6.561,6.597,6.489,6.514,2238969.0
2025-08-14,511010,141.41,141.41,141.264,141.358,81088.0
2025-08-14,518880,7.431,7.438,7.413,7.424,2287805.0
2025-08-14,600036,43.55,43.94,43.5,43.78,676352.0
2025-08-14,600519,1420.94,1447.51,1420.94,1426.99,4812930.0
2025-08-14,600887,27.5,27.57,27.2,27.2,56098915.0
2025-08-14,600900,27.62,27.89,27.6,27.66,101758796.0
2025-08-14,600941,109.23,109.56,108.8,108.81,11010390.0
2025-08-14,601318,58.8,60.6,58.77,59.62,1022768.0
2025-08-14,601398,7.7,7.76,7.67,7.69,2834873.0
2025-08-14,601857,8.71,8.77,8.65,8.65,86838286.0
2025-08-15,000333,72.33,72.4,71.81,72.3,27469955.0
2025-08-15,510300,4.242,4.302,4.24,4.295,10718339.0
2025-08-15,510500,6.501,6.663,6.494,6.658,2291167.0
2025-08-15,511010,141.38,141.4,141.315,141.345,11732.0
2025-08-15,518880,7.384,7.41,7.381,7.401,2080440.0
2025-08-15,600036,43.66,43.74,43.3,43.3,932957.0
2025-08-15,600519,1426.01,1428.66,1420.22,1422.08,4758165.0
2025-08-15,600887,27.2,27.34,26.99,27.16,59325356.0
2025-08-15,600900,27.71,27.78,27.6,27.63,107230233.0
2025-08-15,600941,108.85,109.15,108.25,108.33,13350639.0
2025-08-15,601318,59.6,60.45,59.0,59.8,892968.0
2025-08-15,601398,7.7,7.72,7.48,7.55,6480058.0
2025-08-15,601857,8.67,8.69,8.57,8.63,122448292.0
2025-08-18,000333,72.31,72.56,71.61,71.84,54299761.0
2025-08-18,510300,4.298,4.36,4.285,4.327,10092475.0
2025-08-18,510500,6.688,6.801,6.658,6.748,4186833.0
2025-08-18,511010,141.37,141.442,141.003,141.047,65279.0
2025-08-18,518880,7.398,7.43,7.393,7.413,2281711.0
2025-08-18,600036,43.1,43.67,42.89,43.51,926397.0
2025-08-18,600519,1426.99,1436.64,1423.1,1428.5,4737798.0
2025-08-18,600887,27.19,27.55,27.19,27.2,76602583.0
2025-08-18,600900,27.64,27.72,27.55,27.64,114736196.0
2025-08-18,600941,108.32,108.85,107.81,108.19,17703035.0
2025-08-18,601088,41.32,41.32,39.01,39.23,126535324.0
2025-08-18,601318,59.92,60.35,59.34,59.34,957263.0
2025-08-18,601398,7.51,7.54,7.46,7.53,4072372.0
2025-08-18,601857,8.62,8.63,8.56,8.58,155371792.0
2025-08-19,000333,73.2,73.63,72.2,72.68,53760260.0
2025-08-19,510300,4.326,4.347,4.297,4.305,7743324.0
2025-08-19,510500,6.748,6.786,6.711,6.733,3147655.0
2025-08-19,511010,141.07,141.079,141.017,141.058,28820.0
2025-08-19,518880,7.386,7.4,7.386,7.391,1826993.0
2025-08-19,600036,43.45,43.7,43.29,43.4,574119.0
2025-08-19,600519,1433.5,1446.66,1432.0,1438.0,4637186.0
2025-08-19,600887,27.35,27.59,27.2,27.21,77228283.0
2025-08-19,600900,27.65,27.78,27.61,27.63,114602398.0
2025-08-19,600941,108.36,108.54,107.0,107.0,27490312.0
2025-08-19,601088,39.15,39.23,38.26,38.27,69450935.0
2025-08-19,601318,59.77,60.18,58.08,58.2,954810.0
2025-08-19,601398,7.53,7.6,7.51,7.57,3385247.0
2025-08-19,601857,8.58,8.61,8.51,8.52,119671552.0
2025-08-20,000333,72.21,72.32,71.51,72.22,40377028.0
2025-08-20,510300,4.295,4.365,4.267,4.364,13784166.0
2025-08-20,510500,6.714,6.826,6.667,6.824,3376600.0
2025-08-20,511010,141.122,141.174,140.97,140.996,15865.0
2025-08-20,518880,7.362,7.377,7.35,7.374,2049639.0
2025-08-20,600036,43.3,43.63,43.15,43.45,547240.0
2025-08-20,600519,1438.0,1452.8,1430.02,1450.0,4580466.0
2025-08-20,600887,27.21,27.51,27.04,27.46,64881717.0
2025-08-20,600900,27.6,27.74,27.46,27.69,102225937.0
2025-08-20,600941,107.16,107.7,106.32,107.69,21543285.0
2025-08-20,601088,38.18,38.64,38.02,38.63,42103498.0
2025-08-20,601318,58.09,59.2,57.69,59.2,762725.0
2025-08-20,601398,7.58,7.62,7.56,7.57,3315206.0
2025-08-20,601857,8.52,8.65,8.5,8.62,134389685.0
2025-08-21,000333,72.09,72.5,71.66,71.92,33801371.0
2025-08-21,510300,4.368,4.394,4.358,4.378,9130025.0
2025-08-21,510500,6.836,6.856,6.759,6.786,2983306.0
2025-08-21,511010,141.0,141.076,140.928,141.058,11547.0
2025-08-21,518880,7.403,7.408,7.387,7.394,2232927.0
2025-08-21,600036,43.5,43.59,43.23,43.47,578540.0
2025-08-21,600519,1453.45,1454.99,1443.65,1448.25,3089057.0
2025-08-21,600887,27.48,27.8,27.4,27.64,69910644.0
2025-08-21,600900,27.69,27.95,27.66,27.85,117934754.0
2025-08-21,600941,107.58,109.06,107.29,109.02,21374219.0
2025-08-21,601088,38.6,38.6,38.24,38.44,31827749.0
2025-08-21,601318,59.2,59.96,58.91,59.62,574601.0
2025-08-21,601398,7.57,7.62,7.51,7.6,3443028.0
2025-08-21,601857,8.6,8.78,8.59,8.75,143573531.0
2025-08-22,000333,71.97,72.19,71.65,72.09,39138892.0
2025-08-22,510300,4.375,4.484,4.374,4.479,13602634.0
2025-08-22,510500,6.785,6.921,6.785,6.915,8437785.0
2025-08-22,511010,141.1,141.118,140.95,141.021,106106.0
2025-08-22,518880,7.395,7.4,7.373,7.378,1949287.0
2025-08-22,600036,43.47,43.48,43.04,43.26,794496.0
2025-08-22,600519,1448.88,1464.0,1444.77,1463.95,4497058.0
2025-08-22,600887,27.68,27.7,27.5,27.69,51127044.0
2025-08-22,600900,27.88,27.92,27.7,27.87,103210400.0
2025-08-22,600941,109.01,109.59,108.59,109.54,16853683.0
2025-08-22,601088,38.44,38.5,38.15,38.5,34603245.0
2025-08-22,601318,59.51,60.51,59.44,60.5,780974.0
2025-08-22,601398,7.6,7.63,7.53,7.63,3837728.0
2025-08-22,601857,8.74,8.77,8.62,8.69,127908792.0
2025-08-25,000333,72.12,73.85,72.12,73.52,70023449.0
2025-08-25,510300,4.501,4.572,4.497,4.565,14560918.0
2025-08-25,510500,6.962,7.065,6.944,7.037,8814868.0
2025-08-25,511010,141.024,141.152,140.951,141.14,67599.0
2025-08-25,518880,7.419,7.43,7.417,7.427,2885724.0
2025-08-25,600036,43.32,43.87,43.11,43.87,907390.0
2025-08-25,600519,1470.01,1496.0,1466.0,1490.33,6532455.0
2025-08-25,600887,27.76,28.18,27.74,28.17,88816468.0
2025-08-25,600900,28.04,28.55,28.03,28.35,218566604.0
2025-08-25,600941,109.6,110.18,108.89,110.09,17662565.0
2025-08-25,601088,38.57,39.19,38.57,39.1,41922544.0
2025-08-25,601318,60.6,61.05,60.11,61.0,670113.0
2025-08-25,601398,7.6,7.61,7.55,7.59,4131598.0
2025-08-25,601857,8.72,8.78,8.68,8.77,134161080.0
2025-08-26,000333,73.52,74.28,73.31,73.8,46293790.0
2025-08-26,510300,4.554,4.572,4.527,4.541,11142941.0
2025-08-26,510500,7.01,7.102,6.995,7.048,4988464.0
2025-08-26,511010,141.14,141.165,141.106,141.146,21903.0
2025-08-26,518880,7.437,7.45,7.437,7.449,2935326.0
2025-08-26,600036,43.89,44.02,43.42,43.52,755722.0
2025-08-26,600519,1490.32,1494.23,1480.01,1481.61,3960213.0
2025-08-26,600887,28.09,28.55,28.02,28.33,71289938.0
2025-08-26,600900,28.35,28.4,28.21,28.31,113061248.0
2025-08-26,600941,110.07,110.09,109.48,109.62,11312968.0
2025-08-26,601088,39.13,39.19,38.81,38.83,27536173.0
2025-08-26,601318,60.9,61.0,60.45,60.52,491986.0
2025-08-26,601398,7.58,7.62,7.54,7.55,2998328.0
2025-08-26,601857,8.78,8.87,8.74,8.77,113993519.0
2025-08-27,000333,73.89,74.55,72.69,72.71,48841858.0
2025-08-27,510300,4.541,4.585,4.473,4.475,14126904.0
2025-08-27,510500,7.046,7.16,6.944,6.953,4323272.0
2025-08-27,511010,141.157,141.198,141.113,141.184,120517.0
2025-08-27,518880,7.461,7.461,7.444,7.45,2359129.0
2025-08-27,600036,43.5,43.66,43.0,43.0,758141.0
2025-08-27,600519,1481.88,1484.93,1448.0,1448.0,5600609.0
2025-08-27,600887,28.33,28.36,27.81,27.81,70393022.0
2025-08-27,600900,28.25,28.3,27.93,27.96,127532414.0
2025-08-27,600941,109.82,110.2,108.75,108.8,14911249.0
2025-08-27,601088,38.77,38.77,38.21,38.23,31391733.0
2025-08-27,601318,60.38,60.45,58.69,58.69,1064558.0
2025-08-27,601398,7.54,7.54,7.41,7.41,5157248.0
2025-08-27,601857,8.79,8.82,8.6,8.63,193755512.0
2025-08-28,000333,72.71,73.97,72.51,73.5,43298746.0
2025-08-28,510300,4.469,4.561,4.452,4.559,12764157.0
2025-08-28,510500,6.953,7.108,6.883,7.104,3895262.0
2025-08-28,511010,141.198,141.198,141.107,141.116,97128.0
2025-08-28,518880,7.462,7.47,7.459,7.468,2231073.0
2025-08-28,600036,43.02,43.3,42.6,42.98,822426.0
2025-08-28,600519,1447.97,1456.1,1438.77,1446.1,3928177.0
2025-08-28,600887,27.79,28.0,27.42,27.69,56342376.0
2025-08-28,600900,27.95,27.99,27.69,27.87,109296247.0
2025-08-28,600941,109.0,109.29,108.3,108.97,13084132.0
2025-08-28,601088,38.11,38.16,37.63,37.9,30321880.0
2025-08-28,601318,58.75,59.12,58.31,58.84,636105.0
2025-08-28,601398,7.41,7.44,7.32,7.38,4654689.0
2025-08-28,601857,8.65,8.68,8.55,8.64,127740374.0
2025-08-29,000333,73.5,74.84,73.39,73.71,56766900.0
2025-08-29,510300,4.55,4.613,4.54,4.601,13550574.0
2025-08-29,510500,7.094,7.18,7.069,7.141,3494619.0
2025-08-29,511010,141.112,141.16,141.07,141.148,150720.0
2025-08-29,518880,7.48,7.488,7.478,7.486,2177647.0
2025-08-29,600036,42.98,43.99,42.89,42.89,1360879.0
2025-08-29,600519,1453.0,1482.58,1452.0,1480.0,6225648.0
2025-08-29,600887,28.6,29.5,28.57,28.57,211294473.0
2025-08-29,600900,27.9,28.16,27.85,28.09,106729846.0
2025-08-29,600941,109.0,109.99,108.66,109.5,16291507.0
2025-08-29,601088,37.9,38.3,37.46,37.47,51055468.0
2025-08-29,601318,58.95,61.1,58.94,59.88,1080309.0
2025-08-29,601398,7.38,7.53,7.38,7.43,5196151.0
2025-08-29,601857,8.67,8.84,8.66,8.72,189508290.0
2025-09-01,000333,75.0,75.84,73.52,74.03,77625858.0
2025-09-01,510300,4.607,4.624,4.58,4.616,11939867.0
2025-09-01,510500,7.161,7.21,7.124,7.206,1830813.0
2025-09-01,511010,141.14,141.26,141.103,141.259,17948.0
2025-09-01,518880,7.546,7.658,7.542,7.647,8445148.0
2025-09-01,600036,42.62,42.64,41.88,41.98,1276333.0
2025-09-01,600519,1482.2,1488.0,1465.7,1476.1,4512338.0
2025-09-01,600887,28.55,28.92,28.22,28.27,105400322.0
2025-09-01,600900,28.1,28.1,27.71,27.79,124608667.0
2025-09-01,600941,107.46,107.5,106.6,106.99,12262839.0
2025-09-01,601088,37.6,38.38,37.47,37.9,46962473.0
2025-09-01,601318,59.79,59.79,58.33,58.51,948525.0
2025-09-01,601398,7.43,7.45,7.36,7.38,3845436.0
2025-09-01,601857,8.72,8.78,8.6,8.71,131485197.0
2025-09-02,000333,74.21,76.4,73.99,76.16,80590924.0
2025-09-02,510300,4.613,4.643,4.55,4.59,10344122.0
2025-09-02,510500,7.175,7.19,6.995,7.055,2451194.0
2025-09-02,511010,141.266,141.317,141.235,141.257,206377.0
2025-09-02,518880,7.75,7.75,7.663,7.67,6506048.0
2025-09-02,600036,41.86,43.5,41.86,43.44,1452141.0
2025-09-02,600519,1478.66,1509.0,1478.0,1491.3,5668837.0
2025-09-02,600887,28.35,28.68,28.2,28.26,67805916.0
2025-09-02,600900,27.7,28.29,27.7,28.21,175144601.0
2025-09-02,600941,106.99,108.09,106.51,107.9,19299955.0
2025-09-02,601088,37.9,38.35,37.66,38.16,42572666.0
2025-09-02,601318,58.5,58.8,58.22,58.66,649036.0
2025-09-02,601398,7.37,7.57,7.35,7.57,7690652.0
2025-09-02,601857,8.76,9.11,8.74,9.08,383030064.0
2025-09-03,000333,76.55,77.14,74.95,75.62,50488071.0
2025-09-03,510300,4.592,4.609,4.52,4.549,9188625.0
2025-09-03,510500,7.062,7.084,6.915,6.94,2409955.0
2025-09-03,511010,141.298,141.419,141.261,141.402,106698.0
2025-09-03,518880,7.76,7.787,7.746,7.768,5354584.0
2025-09-03,600036,43.44,43.57,42.7,42.9,818406.0
2025-09-03,600519,1491.0,1503.5,1466.0,1480.55,4504503.0
2025-09-03,600887,28.44,28.55,27.75,27.91,73305098.0
2025-09-03,600900,28.25,28.4,27.83,27.96,127133113.0
2025-09-03,600941,108.0,108.0,107.0,107.39,11563298.0
2025-09-03,601088,38.17,38.25,37.61,37.78,28124216.0
2025-09-03,601318,58.94,59.1,57.36,57.78,714746.0
2025-09-03,601398,7.57,7.58,7.42,7.44,4919771.0
2025-09-03,601857,9.08,9.25,9.01,9.1,240576468.0
2025-09-04,000333,75.98,76.0,74.42,75.59,44353949.0
2025-09-04,510300,4.546,4.555,4.416,4.456,14208228.0
2025-09-04,510500,6.946,6.994,6.689,6.779,3268974.0
2025-09-04,511010,141.435,141.522,141.435,141.488,70465.0
2025-09-04,518880,7.795,7.795,7.694,7.75,5618614.0
2025-09-04,600036,42.81,43.32,42.14,43.05,935363.0
2025-09-04,600519,1472.0,1479.3,1460.47,1472.66,4774676.0
2025-09-04,600887,27.91,28.28,27.8,28.16,94631508.0
2025-09-04,600900,27.94,28.3,27.71,28.23,175848097.0
2025-09-04,600941,107.19,107.19,105.5,106.75,15538442.0
2025-09-04,601088,37.68,38.38,37.24,38.17,47747580.0
2025-09-04,601318,57.77,57.97,57.06,57.5,727436.0
2025-09-04,601398,7.4,7.6,7.26,7.54,8760059.0
2025-09-04,601857,9.01,9.13,8.68,8.99,378947896.0
2025-09-05,000333,75.81,76.69,75.44,76.22,46425167.0
2025-09-05,510300,4.45,4.563,4.442,4.554,10603325.0
2025-09-05,510500,6.779,7.023,6.758,7.011,3077452.0
2025-09-05,511010,141.479,141.479,141.248,141.279,170921.0
2025-09-05,518880,7.773,7.782,7.755,7.775,3441495.0
2025-09-05,600036,43.0,43.02,42.53,42.76,572328.0
2025-09-05,600519,1471.0,1486.97,1464.0,1483.0,3738848.0
2025-09-05,600887,28.17,28.24,27.82,28.18,55154998.0
2025-09-05,600900,28.16,28.31,28.0,28.07,106951308.0
2025-09-05,600941,106.49,106.7,105.8,106.54,10397389.0
2025-09-05,601088,38.0,38.24,37.79,38.16,25457068.0
2025-09-05,601318,57.5,58.06,57.03,57.9,558184.0
2025-09-05,601398,7.52,7.54,7.4,7.44,4417093.0
2025-09-05,601857,8.9,8.98,8.85,8.9,155373340.0
2025-09-08,000333,76.67,78.08,76.5,77.03,55029371.0
2025-09-08,510300,4.554,4.573,4.524,4.555,10340220.0
2025-09-08,510500,7.011,7.084,6.971,7.073,2330317.0
2025-09-08,511010,141.29,141.29,141.2,141.251,152067.0
2025-09-08,518880,7.811,7.848,7.808,7.847,4139098.0
2025-09-08,600036,42.7,43.1,42.37,42.43,851682.0
2025-09-08,600519,1483.0,1506.44,1477.5,1501.23,5138298.0
2025-09-08,600887,28.13,28.49,28.0,28.21,82635577.0
2025-09-08,600900,28.02,28.22,28.0,28.15,90074039.0
2025-09-08,600941,106.54,108.39,106.03,108.11,18630006.0
2025-09-08,601088,38.16,38.3,37.88,38.05,31208503.0
2025-09-08,601318,57.76,58.04,57.32,57.7,487733.0
2025-09-08,601398,7.41,7.44,7.37,7.4,3542760.0
2025-09-08,601857,8.82,9.01,8.8,8.89,182125560.0
2025-09-09,000333,77.02,77.6,76.35,77.18,38315019.0
2025-09-09,510300,4.545,4.564,4.502,4.528,6803545.0
2025-09-09,510500,7.051,7.077,6.965,7.006,1395901.0
2025-09-09,511010,141.25,141.36,141.212,141.231,189836.0
2025-09-09,518880,7.934,7.987,7.928,7.966,6959081.0
2025-09-09,600036,42.42,42.88,42.4,42.83,589527.0
2025-09-09,600519,1505.0,1509.95,1493.42,1505.0,3574277.0
2025-09-09,600887,28.23,28.59,28.12,28.56,73260205.0
2025-09-09,600900,28.16,28.2,27.96,28.01,76131632.0
2025-09-09,600941,108.0,108.25,106.84,107.0,10339630.0
2025-09-09,601088,38.15,38.27,37.93,38.14,22152992.0
2025-09-09,601318,57.76,58.29,57.55,58.0,518911.0
2025-09-09,601398,7.39,7.46,7.38,7.43,2662794.0
2025-09-09,601857,8.89,8.97,8.76,8.79,128722824.0
2025-09-10,000333,77.0,77.27,76.4,77.02,27154194.0
2025-09-10,510300,4.526,4.562,4.507,4.538,6086583.0
2025-09-10,510500,6.994,7.063,6.951,7.003,1215725.0
2025-09-10,511010,141.25,141.252,141.13,141.155,205134.0
2025-09-10,518880,7.906,7.953,7.898,7.947,3986089.0
2025-09-10,600036,42.8,43.15,42.56,43.0,471387.0
2025-09-10,600519,1506.66,1529.95,1496.0,1522.01,4966331.0
2025-09-10,600887,28.49,28.58,28.16,28.43,62249023.0
2025-09-10,600900,28.01,28.09,27.9,28.01,59861483.0
2025-09-10,600941,107.06,109.0,106.75,108.47,14645917.0
2025-09-10,601088,38.1,38.55,37.94,38.17,29549166.0
2025-09-10,601318,57.77,58.16,57.62,57.87,308470.0
2025-09-10,601398,7.44,7.48,7.38,7.47,2886560.0
2025-09-10,601857,8.83,8.87,8.75,8.76,124433160.0
2025-09-11,000333,76.9,77.27,75.9,77.02,45960511.0
2025-09-11,510300,4.527,4.662,4.517,4.66,9783418.0
2025-09-11,510500,7.0,7.229,6.957,7.224,4717183.0
2025-09-11,511010,141.183,141.31,141.134,141.256,87079.0
2025-09-11,518880,7.963,7.968,7.901,7.923,4109334.0
2025-09-11,600036,43.13,43.33,42.78,43.3,650731.0
2025-09-11,600519,1522.01,1526.02,1508.5,1523.5,3723896.0
2025-09-11,600887,28.38,28.75,28.37,28.72,60793323.0
2025-09-11,600900,28.0,28.11,27.92,28.0,105396656.0
2025-09-11,600941,108.26,108.47,107.54,108.3,12923702.0
2025-09-11,601088,38.2,38.32,38.03,38.28,28099182.0
2025-09-11,601318,57.9,58.69,57.6,58.69,595072.0
2025-09-11,601398,7.46,7.58,7.39,7.51,5415159.0
2025-09-11,601857,8.77,8.79,8.66,8.73,198396019.0
2025-09-12,000333,76.95,77.69,75.41,75.57,59117075.0
2025-09-12,510300,4.662,4.664,4.615,4.621,9158580.0
2025-09-12,510500,7.227,7.301,7.209,7.242,2593774.0
2025-09-12,511010,141.258,141.335,141.256,141.301,179192.0
2025-09-12,518880,7.932,7.966,7.932,7.954,3287668.0
2025-09-12,600036,43.38,43.47,42.42,42.54,823140.0
2025-09-12,600519,1526.0,1538.02,1510.53,1516.0,3372209.0
2025-09-12,600887,28.74,28.93,28.15,28.25,78484849.0
2025-09-12,600900,28.0,28.15,27.9,27.93,92972812.0
2025-09-12,600941,108.19,108.51,107.53,107.75,10187073.0
2025-09-12,601088,38.32,38.42,37.65,37.76,44731893.0
2025-09-12,601318,58.98,59.2,57.5,57.68,735376.0
2025-09-12,601398,7.49,7.54,7.45,7.48,2992825.0
2025-09-12,601857,8.71,8.73,8.67,8.69,142911096.0
2025-09-15,000333,75.2,75.95,74.5,75.17,48068047.0
2025-09-15,510300,4.622,4.662,4.614,4.629,7211915.0
2025-09-15,510500,7.252,7.262,7.209,7.226,3566121.0
2025-09-15,511010,141.364,141.444,141.31,141.39,125685.0
2025-09-15,518880,7.908,7.947,7.907,7.931,2852905.0
2025-09-15,600036,42.48,42.79,42.11,42.22,699491.0
2025-09-15,600519,1515.87,1517.48,1501.5,1515.1,2582703.0
2025-09-15,600887,28.2,28.52,28.1,28.23,59125323.0
2025-09-15,600900,27.9,27.91,27.76,27.8,72565697.0
2025-09-15,600941,108.9,108.9,107.03,107.39,9696810.0
2025-09-15,601088,37.75,38.24,37.68,38.19,33699567.0
2025-09-15,601318,57.65,57.99,57.09,57.33,546842.0
2025-09-15,601398,7.45,7.51,7.4,7.43,3295819.0
2025-09-15,601857,8.7,8.8,8.67,8.77,154568866.0
2025-09-16,000333,75.13,75.2,74.05,74.46,45602831.0
2025-09-16,510300,4.632,4.652,4.591,4.62,7889034.0
2025-09-16,510500,7.228,7.294,7.165,7.282,2361255.0
2025-09-16,511010,141.8,141.804,141.166,141.475,142363.0
2025-09-16,518880,8.007,8.034,7.988,8.032,3394976.0
2025-09-16,600036,42.32,42.43,41.66,41.75,859051.0
2025-09-16,600519,1515.1,1520.99,1496.21,1499.98,3271789.0
2025-09-16,600887,28.25,28.31,27.84,28.08,70825378.0
2025-09-16,600900,27.79,27.8,27.65,27.73,57512876.0
2025-09-16,600941,107.22,107.61,106.97,107.0,8777033.0
2025-09-16,601088,38.3,38.78,38.3,38.41,42723298.0
2025-09-16,601318,57.35,57.45,56.5,56.62,685714.0
2025-09-16,601398,7.41,7.49,7.41,7.45,2893476.0
2025-09-16,601857,8.76,8.77,8.63,8.64,179277655.0
2025-09-17,000333,74.41,75.43,74.17,74.35,57722675.0
2025-09-17,510300,4.615,4.659,4.599,4.653,7154079.0
2025-09-17,510500,7.266,7.363,7.243,7.357,1586836.0
2025-09-17,511010,141.505,141.639,141.44,141.632,74286.0
2025-09-17,518880,8.01,8.01,7.955,7.964,4282964.0
2025-09-17,600036,41.76,42.19,41.7,41.76,572363.0
2025-09-17,600519,1499.99,1510.28,1490.01,1493.0,3033054.0
2025-09-17,600887,28.14,28.38,27.96,28.08,48324344.0
2025-09-17,600900,27.72,27.83,27.67,27.7,61492675.0
2025-09-17,600941,107.0,107.28,106.51,106.74,9440195.0
2025-09-17,601088,38.33,39.13,38.3,38.98,45927949.0
2025-09-17,601318,56.66,56.97,56.45,56.57,684652.0
2025-09-17,601398,7.42,7.46,7.4,7.46,2475842.0
2025-09-17,601857,8.48,8.56,8.41,8.46,179990315.0
2025-09-18,000333,74.6,75.35,73.19,73.74,60084003.0
2025-09-18,510300,4.655,4.676,4.554,4.594,11873727.0
2025-09-18,510500,7.352,7.448,7.2,7.292,3384182.0
2025-09-18,511010,141.609,141.61,141.528,141.54,14795.0
2025-09-18,518880,7.901,7.949,7.859,7.862,5565626.0
2025-09-18,600036,41.78,41.84,40.8,40.83,1003522.0
2025-09-18,600519,1492.0,1497.8,1463.5,1467.96,4972125.0
2025-09-18,600887,28.08,28.13,27.66,27.76,62323497.0
2025-09-18,600900,27.69,27.7,27.21,27.31,144843297.0
2025-09-18,600941,106.69,106.69,104.84,104.94,20277464.0
2025-09-18,601088,38.95,38.97,38.12,38.28,34589290.0
2025-09-18,601318,56.64,56.67,55.11,55.28,1012074.0
2025-09-18,601398,7.45,7.46,7.28,7.29,5297807.0
2025-09-18,601857,8.44,8.44,8.18,8.21,245196082.0
2025-09-19,000333,73.41,74.59,73.21,74.35,38847838.0
2025-09-19,510300,4.59,4.633,4.587,4.604,7316138.0
2025-09-19,510500,7.279,7.326,7.23,7.261,2855523.0
2025-09-19,511010,141.54,141.574,141.33,141.385,22424.0
2025-09-19,518880,7.901,7.917,7.869,7.898,3237996.0
2025-09-19,600036,40.8,41.53,40.55,41.0,836563.0
2025-09-19,600519,1467.99,1475.5,1457.01,1467.97,3263662.0
2025-09-19,600887,27.73,27.87,27.58,27.7,43394193.0
2025-09-19,600900,27.32,27.35,27.12,27.2,73467022.0
2025-09-19,600941,104.98,105.5,104.9,105.44,8809440.0
2025-09-19,601088,38.27,38.85,38.11,38.6,35024415.0
2025-09-19,601318,55.29,56.0,55.0,55.1,543321.0
2025-09-19,601398,7.28,7.28,7.12,7.2,4807098.0
2025-09-19,601857,8.19,8.24,8.13,8.15,123190819.0
2025-09-22,000333,74.81,74.9,72.9,73.26,47973993.0
2025-09-22,510300,4.604,4.621,4.582,4.619,6292766.0
2025-09-22,510500,7.259,7.32,7.226,7.318,2356181.0
2025-09-22,511010,141.4,141.71,141.379,141.497,46207.0
2025-09-22,518880,8.005,8.058,7.984,8.048,4532519.0
2025-09-22,600036,41.15,41.37,40.8,40.92,656110.0
2025-09-22,600519,1465.09,1467.97,1450.01,1453.35,3494708.0
2025-09-22,600887,27.7,27.79,27.44,27.55,38868460.0
2025-09-22,600900,27.1,27.25,27.02,27.12,69683094.0
2025-09-22,600941,105.42,105.68,104.85,104.98,10777918.0
2025-09-22,601088,38.73,38.98,38.3,38.51,27109297.0
2025-09-22,601318,55.37,55.65,55.0,55.15,374438.0
2025-09-22,601398,7.2,7.25,7.15,7.18,2750891.0
2025-09-22,601857,8.15,8.18,8.07,8.1,121595384.0
2025-09-23,000333,73.25,73.65,72.72,73.53,42147721.0
2025-09-23,510300,4.627,4.656,4.558,4.622,10550001.0
2025-09-23,510500,7.318,7.335,7.14,7.277,2629621.0
2025-09-23,511010,140.1,140.1,139.801,139.922,20503.0
2025-09-23,518880,8.125,8.149,8.105,8.143,5115504.0
2025-09-23,600036,40.98,41.75,40.63,41.55,938851.0
2025-09-23,600519,1450.5,1457.5,1440.0,1447.42,3866300.0
2025-09-23,600887,27.55,27.62,27.21,27.38,44980481.0
2025-09-23,600900,27.12,27.39,27.03,27.32,87247325.0
2025-09-23,600941,104.8,106.21,104.5,106.17,12393648.0
2025-09-23,601088,38.36,38.96,38.17,38.86,33017401.0
2025-09-23,601318,55.03,55.79,54.74,55.02,612961.0
2025-09-23,601398,7.16,7.41,7.13,7.4,6288256.0
2025-09-23,601857,8.1,8.19,8.05,8.14,140823464.0
2025-09-24,000333,73.51,74.35,72.95,74.1,30628481.0
2025-09-24,510300,4.597,4.664,4.596,4.663,10044859.0
2025-09-24,510500,7.232,7.436,7.227,7.432,2194535.0
2025-09-24,511010,139.973,139.973,139.788,139.804,17124.0
2025-09-24,518880,8.141,8.204,8.123,8.19,4399011.0
2025-09-24,600036,41.5,41.89,41.29,41.32,643900.0
2025-09-24,600519,1434.07,1456.78,1434.07,1442.0,3074350.0
2025-09-24,600887,27.3,27.5,27.26,27.41,34535229.0
2025-09-24,600900,27.28,27.53,27.24,27.25,87441299.0
2025-09-24,600941,105.98,106.66,105.7,106.52,10392582.0
2025-09-24,601088,38.73,39.16,38.65,38.95,28500609.0
2025-09-24,601318,55.29,55.75,54.95,55.29,503174.0
2025-09-24,601398,7.39,7.53,7.37,7.47,5142069.0
2025-09-24,601857,8.18,8.22,8.09,8.13,139825895.0
2025-09-25,000333,73.3,73.75,72.55,72.84,47860729.0
2025-09-25,510300,4.663,4.718,4.657,4.695,7713362.0
2025-09-25,510500,7.43,7.478,7.415,7.441,1640250.0
2025-09-25,511010,139.742,139.793,139.617,139.752,10940.0
2025-09-25,518880,8.16,8.164,8.116,8.146,4441117.0
2025-09-25,600036,41.32,41.36,40.81,40.82,666949.0
2025-09-25,600519,1442.83,1445.21,1436.0,1439.0,3386973.0
2025-09-25,600887,27.42,27.43,26.92,26.97,76402476.0
2025-09-25,600900,27.21,27.33,27.08,27.29,63429258.0
2025-09-25,600941,106.41,106.66,105.68,106.0,6912154.0
2025-09-25,601088,38.93,38.93,38.45,38.72,19818486.0
2025-09-25,601318,55.28,55.39,55.03,55.09,514296.0
2025-09-25,601398,7.44,7.46,7.31,7.38,3237228.0
2025-09-25,601857,8.15,8.17,8.1,8.14,101110481.0
2025-09-26,000333,73.04,74.7,72.89,74.2,47698312.0
2025-09-26,510300,4.677,4.699,4.65,4.651,7153059.0
2025-09-26,510500,7.401,7.455,7.333,7.336,2210031.0
2025-09-26,511010,139.78,139.903,139.76,139.856,13670.0
2025-09-26,518880,8.15,8.183,8.147,8.16,3845481.0
2025-09-26,600036,40.81,41.0,40.3,40.8,682767.0
2025-09-26,600519,1441.18,1447.11,1428.01,1435.0,4512071.0
2025-09-26,600887,26.92,27.31,26.8,27.26,63875432.0
2025-09-26,600900,27.3,27.55,27.24,27.47,79408706.0
2025-09-26,600941,106.08,106.15,105.05,105.8,7175135.0
2025-09-26,601088,38.8,38.91,38.52,38.76,21539186.0
2025-09-26,601318,55.02,55.55,54.66,55.22,548622.0
2025-09-26,601398,7.35,7.43,7.3,7.41,2733593.0
2025-09-26,601857,8.16,8.21,8.12,8.16,109092921.0
2025-09-29,000333,74.43,74.55,73.05,73.73,46593907.0
2025-09-29,510300,4.648,4.755,4.64,4.728,11954365.0
2025-09-29,510500,7.335,7.491,7.312,7.462,3329400.0
2025-09-29,511010,139.91,139.938,139.804,139.821,8548.0
2025-09-29,518880,8.177,8.268,8.174,8.259,5329507.0
2025-09-29,600036,40.77,41.29,40.36,40.68,835551.0
2025-09-29,600519,1439.38,1469.99,1435.0,1460.86,5368403.0
2025-09-29,600887,27.26,27.35,26.9,27.19,57659118.0
2025-09-29,600900,27.43,27.5,27.19,27.3,92703100.0
2025-09-29,600941,105.6,105.79,104.31,105.28,12187328.0
2025-09-29,601088,38.58,38.75,38.0,38.35,32027805.0
2025-09-29,601318,55.18,57.32,55.03,56.01,1035110.0
2025-09-29,601398,7.38,7.4,7.26,7.33,4050039.0
2025-09-29,601857,8.18,8.22,8.08,8.17,157210459.0
2025-09-30,000333,73.7,73.71,72.55,72.66,50610839.0
2025-09-30,510300,4.734,4.75,4.72,4.741,7403809.0
2025-09-30,510500,7.463,7.533,7.463,7.519,2693319.0
2025-09-30,511010,139.83,140.04,139.821,140.028,9344.0
2025-09-30,518880,8.324,8.388,8.324,8.339,6669569.0
2025-09-30,600036,40.65,40.79,40.41,40.41,700025.0
2025-09-30,600519,1460.0,1460.76,1440.0,1443.99,3936362.0
2025-09-30,600887,27.19,27.43,26.99,27.28,50527646.0
2025-09-30,600900,27.35,27.36,27.21,27.25,61882774.0
2025-09-30,600941,105.12,105.15,104.51,104.68,8351865.0
2025-09-30,601088,38.33,38.6,38.03,38.5,23886334.0
2025-09-30,601318,55.8,56.2,55.0,55.11,767082.0
2025-09-30,601398,7.31,7.33,7.26,7.3,2445676.0
2025-09-30,601857,8.13,8.16,8.05,8.06,167463098.0
2025-10-09,000333,72.35,72.97,71.38,72.63,61593908.0
2025-10-09,510300,4.754,4.836,4.75,4.816,8970906.0
2025-10-09,510500,7.553,7.678,7.54,7.649,2473304.0
2025-10-09,511010,140.04,140.144,139.949,140.123,207224.0
2025-10-09,518880,8.724,8.779,8.69,8.729,8014425.0
2025-10-09,600036,40.21,40.44,39.82,40.33,972320.0
2025-10-09,600519,1436.0,1439.38,1420.0,1436.78,5491812.0
2025-10-09,600887,27.16,27.63,26.88,27.63,71150833.0
2025-10-09,600900,27.21,27.7,27.15,27.68,113249909.0
2025-10-09,600941,104.16,105.68,103.8,105.44,13628543.0
2025-10-09,601088,38.28,39.46,38.27,39.44,43382921.0
2025-10-09,601318,55.04,55.28,54.25,55.04,824067.0
2025-10-09,601398,7.25,7.32,7.2,7.31,2977411.0
2025-10-09,601857,8.07,8.29,8.04,8.28,212146662.0
2025-10-10,000333,72.45,73.73,72.1,72.83,43330526.0
2025-10-10,510300,4.787,4.794,4.704,4.719,11746426.0
2025-10-10,510500,7.611,7.619,7.479,7.505,2915277.0
2025-10-10,511010,140.134,140.195,140.084,140.093,9361.0
2025-10-10,518880,8.637,8.651,8.586,8.602,6414709.0
2025-10-10,600036,40.3,40.65,40.13,40.18,955050.0
2025-10-10,600519,1437.6,1439.94,1427.5,1430.0,3600144.0
2025-10-10,600887,27.54,28.09,27.46,27.75,58845324.0
2025-10-10,600900,27.65,27.79,27.51,27.73,71260502.0
2025-10-10,600941,105.02,106.99,104.8,106.59,17256703.0
2025-10-10,601088,39.43,40.04,39.0,39.77,39260957.0
2025-10-10,601318,54.73,55.97,54.73,55.54,641465.0
2025-10-10,601398,7.29,7.36,7.28,7.31,3048697.0
2025-10-10,601857,8.23,8.36,8.2,8.28,131407871.0
2025-10-13,000333,71.38,72.11,71.02,71.81,48160457.0
2025-10-13,510300,4.598,4.704,4.596,4.692,9658362.0
2025-10-13,510500,7.29,7.488,7.29,7.469,3865377.0
2025-10-13,511010,140.119,140.165,140.09,140.134,145693.0
2025-10-13,518880,8.77,8.868,8.77,8.859,7739480.0
2025-10-13,600036,39.76,40.3,39.7,40.11,1065936.0
2025-10-13,600519,1415.7,1422.85,1415.12,1419.2,4606880.0
2025-10-13,600887,27.53,27.7,27.39,27.55,51452862.0
2025-10-13,600900,27.7,27.9,27.4,27.79,117498220.0
2025-10-13,600941,106.2,107.44,105.68,106.95,13797859.0
2025-10-13,601088,39.46,40.2,39.12,39.95,44111732.0
2025-10-13,601318,54.51,55.33,54.51,55.1,609656.0
2025-10-13,601398,7.32,7.36,7.23,7.27,3957386.0
2025-10-13,601857,8.14,8.29,8.09,8.23,202583362.0
2025-10-14,000333,72.0,73.15,71.69,72.6,51909507.0
2025-10-14,510300,4.725,4.74,4.62,4.645,11619095.0
2025-10-14,510500,7.51,7.553,7.259,7.289,4260165.0
2025-10-14,511010,140.11,140.21,140.01,140.181,275776.0
2025-10-14,518880,9.1,9.377,8.878,8.976,16679605.0
2025-10-14,600036,40.09,41.49,39.83,41.26,1733827.0
2025-10-14,600519,1429.99,1464.0,1429.99,1451.02,6667233.0
2025-10-14,600887,27.59,27.8,27.36,27.69,58477597.0
2025-10-14,600900,27.74,28.01,27.55,27.99,136669904.0
2025-10-14,600941,106.85,107.9,106.2,107.6,16171982.0
2025-10-14,601088,39.9,40.88,39.68,40.65,47524637.0
2025-10-14,601318,55.58,56.68,55.52,56.48,1022940.0
2025-10-14,601398,7.26,7.5,7.22,7.5,6938781.0
2025-10-14,601857,8.24,8.35,8.16,8.33,182695981.0
2025-10-15,000333,72.8,73.49,72.6,72.92,37633251.0
2025-10-15,510300,4.648,4.715,4.627,4.706,9974013.0
2025-10-15,510500,7.288,7.399,7.253,7.393,2467557.0
2025-10-15,511010,140.18,140.18,140.108,140.14,139224.0
2025-10-15,518880,9.143,9.19,9.09,9.187,9193141.0
2025-10-15,600036,41.25,41.57,41.01,41.5,1062767.0
2025-10-15,600519,1450.98,1463.0,1445.08,1462.0,4278540.0
2025-10-15,600887,27.69,27.79,27.53,27.65,41081615.0
2025-10-15,600900,27.98,28.15,27.77,27.93,92632329.0
2025-10-15,600941,107.21,107.91,106.68,107.12,8423201.0
2025-10-15,601088,40.64,41.12,40.34,40.86,37953731.0
2025-10-15,601318,56.48,57.97,56.3,57.81,837046.0
2025-10-15,601398,7.47,7.54,7.42,7.46,4075993.0
2025-10-15,601857,8.33,8.36,8.23,8.29,146684442.0
2025-10-16,000333,73.2,73.69,72.52,73.18,34678000.0
2025-10-16,510300,4.689,4.747,4.689,4.721,8124633.0
2025-10-16,510500,7.32,7.399,7.296,7.336,2750738.0
2025-10-16,511010,140.14,140.185,140.139,140.146,16115.0
2025-10-16,518880,9.23,9.288,9.198,9.244,10409159.0
2025-10-16,600036,41.5,41.99,41.13,41.93,1062488.0
2025-10-16,600519,1461.92,1484.95,1458.88,1484.91,4573015.0
2025-10-16,600887,27.66,27.95,27.61,27.81,36850228.0
2025-10-16,600900,27.85,28.17,27.84,28.16,93973494.0
2025-10-16,600941,107.13,107.9,106.81,107.81,8057246.0
2025-10-16,601088,40.75,42.11,40.6,42.01,48524335.0
2025-10-16,601318,57.68,58.58,57.61,58.02,681478.0
2025-10-16,601398,7.43,7.65,7.43,7.63,4956233.0
2025-10-16,601857,8.28,8.44,8.26,8.43,176952346.0
2025-10-17,000333,72.7,73.59,72.64,72.8,27649108.0
2025-10-17,510300,4.715,4.724,4.612,4.624,8400582.0
2025-10-17,510500,7.318,7.359,7.102,7.114,3014754.0
2025-10-17,511010,140.173,140.249,140.158,140.246,272471.0
2025-10-17,518880,9.497,9.587,9.361,9.568,15863426.0
2025-10-17,600036,41.88,42.22,41.38,41.59,829827.0
2025-10-17,600519,1483.1,1488.0,1454.03,1455.0,3808589.0
2025-10-17,600887,27.81,27.96,27.31,27.35,42952000.0
2025-10-17,600900,28.13,28.38,28.06,28.11,114702154.0
2025-10-17,600941,107.61,108.36,107.47,107.93,12273683.0
2025-10-17,601088,41.97,42.66,41.65,41.9,45477045.0
2025-10-17,601318,58.0,58.48,57.17,57.28,677493.0
2025-10-17,601398,7.63,7.72,7.57,7.62,4087002.0
2025-10-17,601857,8.41,8.5,8.36,8.41,149835343.0
2025-10-20,000333,73.09,73.4,72.39,72.87,29755742.0
2025-10-20,510300,4.651,4.678,4.624,4.64,7644178.0
2025-10-20,510500,7.174,7.233,7.126,7.16,3562494.0
2025-10-20,511010,140.195,140.209,140.104,140.122,192456.0
2025-10-20,518880,9.308,9.367,9.25,9.268,12056985.0
2025-10-20,600036,41.61,41.79,41.1,41.42,649477.0
2025-10-20,600519,1455.0,1469.5,1454.88,1457.93,2594988.0
2025-10-20,600887,27.4,27.63,27.37,27.47,33488642.0
2025-10-20,600900,28.12,28.15,27.75,28.05,91423076.0
2025-10-20,600941,107.62,107.92,106.81,107.78,8099093.0
2025-10-20,601088,41.79,42.45,41.58,42.23,37973394.0
2025-10-20,601318,58.33,58.57,57.45,57.9,526695.0
2025-10-20,601398,7.59,7.65,7.47,7.61,3919786.0
2025-10-20,601857,8.4,8.63,8.4,8.62,208817508.0
2025-10-21,000333,72.9,73.26,72.58,72.91,28394659.0
2025-10-21,510300,4.656,4.723,4.652,4.71,9598685.0
2025-10-21,510500,7.182,7.295,7.177,7.28,4851064.0
2025-10-21,511010,140.121,140.168,140.078,140.142,168418.0
2025-10-21,518880,9.526,9.526,9.425,9.49,9995218.0
2025-10-21,600036,41.49,42.1,41.49,41.98,759931.0
2025-10-21,600519,1459.0,1469.94,1455.5,1462.26,2544267.0
2025-10-21,600887,27.47,27.55,27.37,27.41,32125761.0
2025-10-21,600900,28.0,28.1,27.85,27.91,80163574.0
2025-10-21,600941,107.11,107.47,105.71,106.12,20182621.0
2025-10-21,601088,42.23,42.23,41.05,41.8,45736306.0
2025-10-21,601318,57.93,58.92,57.93,58.08,762200.0
2025-10-21,601398,7.58,7.65,7.54,7.64,3441139.0
2025-10-21,601857,8.62,8.78,8.58,8.76,224842578.0
2025-10-22,000333,72.8,73.99,72.61,73.88,39329827.0
2025-10-22,510300,4.69,4.708,4.668,4.695,5544842.0
2025-10-22,510500,7.25,7.261,7.202,7.224,2713715.0
2025-10-22,511010,140.142,140.198,140.133,140.168,54490.0
2025-10-22,518880,8.986,9.106,8.95,9.101,14076692.0
2025-10-22,600036,41.98,42.2,41.73,41.95,551334.0
2025-10-22,600519,1462.08,1465.73,1456.0,1458.7,1819492.0
2025-10-22,600887,27.38,27.46,27.25,27.25,27516814.0
2025-10-22,600900,27.89,28.08,27.85,28.04,61918968.0
2025-10-22,600941,105.8,106.48,105.76,106.2,8667782.0
2025-10-22,601088,41.8,42.19,41.63,42.14,27413031.0
2025-10-22,601318,58.0,58.5,57.93,58.21,379893.0
2025-10-22,601398,7.63,7.79,7.62,7.76,3815866.0
2025-10-22,601857,8.75,8.91,8.73,8.9,177576948.0
2025-10-23,000333,73.8,74.95,73.68,74.89,34763341.0
2025-10-23,510300,4.687,4.719,4.642,4.713,6993428.0
2025-10-23,510500,7.202,7.254,7.114,7.249,2033734.0
2025-10-23,511010,140.169,140.203,140.113,140.128,14635.0
2025-10-23,518880,8.98,9.052,8.92,8.994,9320665.0
2025-10-23,600036,41.95,42.49,41.78,42.24,713174.0
2025-10-23,600519,1455.0,1468.8,1447.2,1467.98,2932235.0
2025-10-23,600887,27.25,27.42,27.13,27.37,29371709.0
2025-10-23,600900,28.04,28.27,28.04,28.23,78558809.0
2025-10-23,600941,106.0,106.86,106.0,106.69,8097865.0
2025-10-23,601088,41.98,42.6,41.98,42.22,25763279.0
2025-10-23,601318,58.22,58.87,58.09,58.75,503501.0
2025-10-23,601398,7.76,7.89,7.71,7.84,4326614.0
2025-10-23,601857,8.92,9.18,8.92,9.18,267071263.0
2025-10-24,000333,74.89,75.0,74.46,74.61,24483806.0
2025-10-24,510300,4.728,4.772,4.727,4.77,8653036.0
2025-10-24,510500,7.274,7.372,7.268,7.369,2274704.0
2025-10-24,511010,140.127,140.164,140.115,140.119,132531.0
2025-10-24,518880,9.048,9.053,8.933,8.95,7400821.0
2025-10-24,600036,42.35,42.45,41.85,41.95,698832.0
2025-10-24,600519,1467.95,1478.88,1449.34,1450.0,3822583.0
2025-10-24,600887,27.37,27.5,27.21,27.28,32961597.0
2025-10-24,600900,28.21,28.29,28.08,28.19,77060006.0
2025-10-24,600941,106.7,107.3,106.59,106.87,7856287.0
2025-10-24,601088,42.29,42.7,42.01,42.5,27432283.0
2025-10-24,601318,58.14,58.49,57.75,57.88,558242.0
2025-10-24,601398,7.8,7.89,7.76,7.84,3263623.0
2025-10-24,601857,9.16,9.17,9.0,9.06,176163602.0
2025-10-27,000333,74.74,75.35,74.37,74.88,34055264.0
2025-10-27,510300,4.808,4.831,4.796,4.826,7585249.0
2025-10-27,510500,7.433,7.491,7.402,7.478,2142854.0
2025-10-27,511010,140.081,140.199,140.037,140.166,22130.0
2025-10-27,518880,8.948,8.949,8.897,8.914,6754375.0
2025-10-27,600036,41.9,41.97,41.42,41.59,988949.0
2025-10-27,600519,1440.0,1452.49,1435.99,1440.41,3710239.0
2025-10-27,600887,27.3,27.5,27.28,27.41,37847732.0
2025-10-27,600900,28.14,28.56,28.02,28.3,124842635.0
2025-10-27,600941,106.71,107.7,106.39,106.7,10928762.0
2025-10-27,601088,42.0,42.92,41.13,42.69,34529883.0
2025-10-27,601318,58.0,58.39,57.5,57.75,685004.0
2025-10-27,601398,7.8,7.94,7.74,7.91,3919947.0
2025-10-27,601857,9.03,9.2,8.96,9.17,168460290.0
2025-10-28,000333,74.61,74.92,74.13,74.41,23365775.0
2025-10-28,510300,4.815,4.85,4.792,4.802,7259491.0
2025-10-28,510500,7.468,7.514,7.41,7.441,1704494.0
2025-10-28,511010,140.328,140.446,140.276,140.445,127528.0
2025-10-28,518880,8.79,8.79,8.591,8.597,10854757.0
2025-10-28,600036,41.62,41.72,41.23,41.6,705951.0
2025-10-28,600519,1442.0,1451.2,1441.1,1445.0,2712433.0
2025-10-28,600887,27.42,27.48,27.23,27.27,30525923.0
2025-10-28,600900,28.26,28.54,28.26,28.46,73263565.0
2025-10-28,600941,106.85,107.04,106.46,106.66,6117102.0
2025-10-28,601088,42.69,43.07,42.4,42.59,21464184.0
2025-10-28,601318,57.79,58.23,57.62,57.76,491305.0
2025-10-28,601398,7.9,8.02,7.85,7.99,3320408.0
2025-10-28,601857,9.17,9.2,9.08,9.12,101845110.0
2025-10-29,000333,74.25,74.42,73.5,74.4,27358650.0
2025-10-29,510300,4.81,4.864,4.81,4.862,6792784.0
2025-10-29,510500,7.452,7.596,7.45,7.594,2061923.0
2025-10-29,511010,140.395,140.64,140.356,140.561,20539.0
2025-10-29,518880,8.68,8.699,8.622,8.692,7999574.0
2025-10-29,600036,41.53,41.53,40.69,40.77,910988.0
2025-10-29,600519,1440.02,1446.55,1430.04,1431.9,3393711.0
2025-10-29,600887,27.34,27.34,27.11,27.18,36318904.0
2025-10-29,600900,28.46,28.46,28.26,28.29,74054303.0
2025-10-29,600941,106.61,106.69,105.9,105.97,9048647.0
2025-10-29,601088,42.48,42.5,41.95,42.14,21904041.0
2025-10-29,601318,58.6,59.7,58.49,58.95,1044432.0
2025-10-29,601398,7.98,7.99,7.8,7.83,3683044.0
2025-10-29,601857,9.08,9.14,9.04,9.09,94522208.0
2025-10-30,000333,74.5,76.1,74.5,75.3,49965301.0
2025-10-30,510300,4.858,4.874,4.816,4.823,8164619.0
2025-10-30,510500,7.586,7.586,7.476,7.497,2397754.0
2025-10-30,511010,140.629,140.699,140.578,140.674,118846.0
2025-10-30,518880,8.635,8.706,8.559,8.704,10255273.0
2025-10-30,600036,40.8,41.36,40.73,41.2,1131538.0
2025-10-30,600519,1421.81,1436.63,1421.81,1426.74,4745610.0
2025-10-30,600887,27.15,27.55,27.12,27.36,62116600.0
2025-10-30,600900,28.29,28.56,28.19,28.47,86717376.0
2025-10-30,600941,106.09,107.16,105.92,106.44,10734685.0
2025-10-30,601088,42.31,43.81,42.2,43.04,38578085.0
2025-10-30,601318,59.3,60.1,58.58,58.65,745713.0
2025-10-30,601398,7.83,7.9,7.78,7.84,2787161.0
2025-10-30,601857,9.12,9.24,9.08,9.1,111718985.0
2025-10-31,000333,75.2,76.83,75.1,76.4,50974159.0
2025-10-31,510300,4.819,4.826,4.755,4.756,14325686.0
2025-10-31,510500,7.494,7.545,7.434,7.436,2395264.0
2025-10-31,511010,140.723,140.78,140.659,140.69,107682.0
2025-10-31,518880,8.81,8.822,8.748,8.794,7719496.0
2025-10-31,600036,41.26,41.3,40.84,40.89,702607.0
2025-10-31,600519,1422.0,1435.98,1420.11,1430.01,3569377.0
2025-10-31,600887,27.47,27.61,27.3,27.41,55229849.0
2025-10-31,600900,28.46,28.46,27.93,28.1,118470229.0
2025-10-31,600941,106.45,106.68,105.12,105.79,14302488.0
2025-10-31,601088,43.25,43.46,42.26,42.51,22777308.0
2025-10-31,601318,58.99,58.99,57.8,57.83,572542.0
2025-10-31,601398,7.87,7.87,7.67,7.78,3693253.0
2025-10-31,601857,9.16,9.18,9.07,9.15,119503462.0
2025-11-03,000333,76.39,76.95,75.18,75.39,28196997.0
2025-11-03,510300,4.752,4.767,4.705,4.763,7759881.0
2025-11-03,510500,7.427,7.448,7.312,7.439,2540990.0
2025-11-03,511010,140.693,140.727,140.605,140.628,207629.0
2025-11-03,518880,8.743,8.801,8.737,8.797,4658113.0
2025-11-03,600036,41.14,41.97,41.06,41.79,921981.0
2025-11-03,600519,1431.0,1448.0,1420.1,1435.0,3454766.0
2025-11-03,600887,27.41,27.54,27.23,27.45,42836655.0
2025-11-03,600900,28.11,28.35,28.11,28.31,61378322.0
2025-11-03,600941,105.7,106.75,105.5,106.62,10907747.0
2025-11-03,601088,42.8,43.95,42.66,43.42,27729157.0
2025-11-03,601318,58.27,58.7,57.86,58.31,411430.0
2025-11-03,601398,7.79,7.94,7.78,7.9,3420734.0
2025-11-03,601857,9.19,9.57,9.16,9.56,230442997.0
2025-11-04,000333,75.12,75.79,74.9,75.16,30260649.0
2025-11-04,510300,4.76,4.773,4.706,4.729,12015243.0
2025-11-04,510500,7.42,7.425,7.268,7.313,2978830.0
2025-11-04,511010,140.65,140.65,140.56,140.621,11606.0
2025-11-04,518880,8.745,8.756,8.705,8.737,5311229.0
2025-11-04,600036,41.84,43.11,41.81,43.01,1340036.0
2025-11-04,600519,1435.1,1435.78,1423.78,1429.0,2656572.0
2025-11-04,600887,27.42,27.42,27.05,27.07,60648580.0
2025-11-04,600900,28.31,28.69,28.28,28.6,104942889.0
2025-11-04,600941,106.63,107.99,106.3,107.66,15043690.0
2025-11-04,601088,43.5,43.95,43.33,43.52,22824364.0
2025-11-04,601318,58.35,59.13,58.2,58.94,518126.0
2025-11-04,601398,7.89,8.14,7.89,8.13,4410976.0
2025-11-04,601857,9.54,9.7,9.5,9.57,169633164.0
2025-11-05,000333,75.0,76.39,74.3,75.94,26615133.0
2025-11-05,510300,4.692,4.751,4.668,4.735,7633533.0
2025-11-05,510500,7.2,7.359,7.2,7.33,1432956.0
2025-11-05,511010,140.674,140.681,140.612,140.626,120721.0
2025-11-05,518880,8.654,8.732,8.641,8.706,4760923.0
2025-11-05,600036,43.1,43.47,42.75,42.8,731714.0
2025-11-05,600519,1425.89,1430.99,1420.01,1420.08,3447527.0
2025-11-05,600887,27.01,27.32,26.94,27.25,44964646.0
2025-11-05,600900,28.63,28.69,28.4,28.42,68579115.0
2025-11-05,600941,107.55,108.05,107.05,107.2,6530711.0
2025-11-05,601088,43.4,44.07,43.38,43.58,24574559.0
2025-11-05,601318,58.4,58.84,57.92,58.32,402158.0
2025-11-05,601398,8.17,8.21,8.09,8.14,3941536.0
2025-11-05,601857,9.5,9.57,9.42,9.53,102252323.0
2025-11-06,000333,75.94,77.43,75.94,77.03,35511147.0
2025-11-06,510300,4.742,4.813,4.742,4.805,7326649.0
2025-11-06,510500,7.335,7.464,7.335,7.451,1739947.0
2025-11-06,511010,140.627,140.645,140.535,140.56,224263.0
2025-11-06,518880,8.718,8.757,8.706,8.755,4094436.0
2025-11-06,600036,42.65,42.89,42.31,42.34,871973.0
2025-11-06,600519,1430.0,1441.45,1429.99,1435.13,3834782.0
2025-11-06,600887,27.2,27.38,27.13,27.22,31469231.0
2025-11-06,600900,28.39,28.6,28.36,28.5,67392832.0
2025-11-06,600941,107.21,107.57,106.71,107.18,6053456.0
2025-11-06,601088,43.58,44.39,43.38,43.99,28412845.0
2025-11-06,601318,58.35,59.28,58.34,58.9,547346.0
2025-11-06,601398,8.12,8.15,8.06,8.09,3009758.0
2025-11-06,601857,9.49,9.67,9.44,9.59,122783382.0
2025-11-07,000333,77.27,77.27,76.11,76.2,26441999.0
2025-11-07,510300,4.79,4.812,4.774,4.795,5392556.0
2025-11-07,510500,7.42,7.476,7.383,7.44,1037520.0
2025-11-07,511010,140.588,140.612,140.56,140.589,86362.0
2025-11-07,518880,8.769,8.798,8.755,8.793,4272647.0
2025-11-07,600036,42.4,42.72,42.28,42.51,593191.0
2025-11-07,600519,1435.11,1439.78,1431.11,1433.33,1886139.0
2025-11-07,600887,27.22,27.32,27.17,27.29,26067746.0
2025-11-07,600900,28.51,28.64,28.43,28.52,55141784.0
2025-11-07,600941,107.0,107.77,107.0,107.55,5458728.0
2025-11-07,601088,43.96,44.12,43.46,43.73,23188978.0
2025-11-07,601318,58.78,59.15,58.66,58.89,371910.0
2025-11-07,601398,8.09,8.16,8.02,8.05,2801614.0
2025-11-07,601857,9.6,9.75,9.59,9.71,129442761.0
2025-11-10,000333,76.26,77.55,75.95,77.33,39100815.0
2025-11-10,510300,4.797,4.811,4.763,4.807,4483488.0
2025-11-10,510500,7.475,7.502,7.39,7.448,1123352.0
2025-11-10,511010,140.589,140.598,140.54,140.585,24369.0
2025-11-10,518880,8.869,8.949,8.856,8.936,7585075.0
2025-11-10,600036,42.45,42.88,42.28,42.72,532369.0
2025-11-10,600519,1435.0,1463.69,1434.98,1462.3,4945154.0
2025-11-10,600887,27.3,28.35,27.29,28.27,117600270.0
2025-11-10,600900,28.52,28.59,28.39,28.53,49334459.0
2025-11-10,600941,107.3,107.84,106.88,107.74,6809831.0
2025-11-10,601088,42.9,43.49,42.51,43.15,22156337.0
2025-11-10,601318,58.85,59.4,58.44,59.3,529487.0
2025-11-10,601398,8.02,8.13,7.98,8.12,2232913.0
2025-11-10,601857,9.71,9.88,9.68,9.87,146987123.0
2025-11-11,000333,77.33,77.39,76.68,77.23,22770754.0
2025-11-11,510300,4.814,4.824,4.757,4.763,5651936.0
2025-11-11,510500,7.468,7.495,7.381,7.394,1586675.0
2025-11-11,511010,140.579,140.678,140.579,140.602,70718.0
2025-11-11,518880,9.138,9.138,9.049,9.062,8281066.0
2025-11-11,600036,42.69,43.04,42.52,42.96,544671.0
2025-11-11,600519,1462.0,1462.18,1447.0,1458.99,2669156.0
2025-11-11,600887,28.28,28.45,28.08,28.35,71820831.0
2025-11-11,600900,28.53,28.72,28.47,28.62,62517578.0
2025-11-11,600941,107.86,108.0,107.44,107.8,6841780.0
2025-11-11,601088,43.13,43.21,42.36,42.8,20993749.0
2025-11-11,601318,59.3,59.5,58.81,59.2,362504.0
2025-11-11,601398,8.1,8.17,8.07,8.16,1917401.0
2025-11-11,601857,9.85,9.87,9.68,9.77,131852994.0
2025-11-12,000333,77.23,80.55,77.23,79.49,73784703.0
2025-11-12,510300,4.754,4.783,4.731,4.765,5236907.0
2025-11-12,510500,7.368,7.417,7.288,7.356,1342175.0
2025-11-12,511010,140.666,140.666,140.62,140.66,115655.0
2025-11-12,518880,9.058,9.068,8.984,9.029,6587184.0
2025-11-12,600036,43.12,43.36,42.93,42.93,587929.0
2025-11-12,600519,1459.98,1478.36,1459.21,1465.15,3299210.0
2025-11-12,600887,28.31,28.75,28.31,28.48,70355130.0
2025-11-12,600900,28.7,28.88,28.61,28.61,62970497.0
2025-11-12,600941,107.9,108.98,107.9,108.59,13108523.0
2025-11-12,601088,42.76,43.25,42.6,42.6,19841174.0
2025-11-12,601318,59.3,60.79,59.3,60.03,1490246.0
2025-11-12,601398,8.16,8.32,8.15,8.19,3592898.0
2025-11-12,601857,9.82,10.11,9.82,9.94,205824769.0
2025-11-13,000333,79.2,80.0,78.69,79.6,33337014.0
2025-11-13,510300,4.757,4.815,4.752,4.812,6459561.0
2025-11-13,510500,7.337,7.481,7.337,7.465,1886617.0
2025-11-13,511010,140.66,140.666,140.588,140.604,40391.0
2025-11-13,518880,9.157,9.184,9.134,9.175,6514008.0
2025-11-13,600036,42.97,43.3,42.74,43.21,587980.0
2025-11-13,600519,1462.12,1473.58,1458.0,1470.38,3117923.0
2025-11-13,600887,28.45,28.6,28.21,28.58,51024126.0
2025-11-13,600900,28.62,28.73,28.26,28.44,101232804.0
2025-11-13,600941,108.58,108.93,106.75,107.33,14354310.0
2025-11-13,601088,42.69,42.85,42.02,42.62,21778201.0
2025-11-13,601318,60.29,61.38,60.29,60.88,890187.0
2025-11-13,601398,8.21,8.24,8.08,8.21,2901379.0
2025-11-13,601857,9.78,9.94,9.77,9.92,162963303.0
2025-11-14,000333,79.5,80.42,79.05,79.23,27312749.0
2025-11-14,510300,4.785,4.796,4.739,4.741,5936317.0
2025-11-14,510500,7.403,7.435,7.335,7.338,1555990.0
2025-11-14,511010,140.604,140.63,140.565,140.587,109408.0
2025-11-14,518880,9.099,9.18,9.09,9.096,7161875.0
2025-11-14,600036,43.24,43.59,43.18,43.25,518210.0
2025-11-14,600519,1470.0,1478.95,1456.3,1456.6,2747306.0
2025-11-14,600887,28.57,28.83,28.35,28.35,40920148.0
2025-11-14,600900,28.44,28.71,28.34,28.34,74762518.0
2025-11-14,600941,107.34,108.0,107.16,107.21,8539179.0
2025-11-14,601088,42.76,43.06,42.05,42.09,16836712.0
2025-11-14,601318,60.85,62.27,60.65,60.65,752741.0
2025-11-14,601398,8.23,8.38,8.22,8.25,3063351.0
2025-11-14,601857,9.92,10.02,9.81,9.82,103251004.0
2025-11-17,000333,79.23,79.39,77.91,78.42,26109532.0
2025-11-17,510300,4.73,4.74,4.691,4.71,7524669.0
2025-11-17,510500,7.334,7.374,7.308,7.336,2198044.0
2025-11-17,511010,140.587,140.645,140.587,140.613,169897.0
2025-11-17,518880,8.922,8.969,8.842,8.882,8126694.0
2025-11-17,600036,43.1,43.2,42.5,42.65,610674.0
2025-11-17,600519,1454.0,1473.0,1445.79,1471.0,3446221.0
2025-11-17,600887,28.34,28.62,28.12,28.57,37467511.0
2025-11-17,600900,28.37,28.43,28.03,28.16,72559643.0
2025-11-17,600941,107.05,107.21,106.15,106.64,9238290.0
2025-11-17,601088,42.06,42.74,41.52,42.4,23133692.0
2025-11-17,601318,60.69,61.0,59.46,59.83,560197.0
2025-11-17,601398,8.25,8.26,8.11,8.17,2582768.0
2025-11-17,601857,9.82,9.97,9.66,9.87,133310715.0
2025-11-18,000333,78.29,78.66,77.0,77.4,23590408.0
2025-11-18,510300,4.7,4.717,4.664,4.683,8568239.0
2025-11-18,510500,7.31,7.335,7.217,7.262,2654207.0
2025-11-18,511010,140.613,140.64,140.586,140.621,163019.0
2025-11-18,518880,8.837,8.837,8.77,8.777,5836813.0
2025-11-18,600036,42.56,42.91,42.44,42.88,517439.0
2025-11-18,600519,1470.7,1486.07,1469.0,1476.0,3420478.0
2025-11-18,600887,28.77,29.58,28.77,29.52,130332563.0
2025-11-18,600900,28.16,28.34,28.08,28.15,59013698.0
2025-11-18,600941,106.53,107.88,106.31,107.81,11445976.0
2025-11-18,601088,42.24,42.58,41.85,41.91,17641789.0
2025-11-18,601318,59.67,60.15,59.48,59.62,445712.0
2025-11-18,601398,8.14,8.25,8.11,8.2,2175960.0
2025-11-18,601857,9.88,9.95,9.8,9.87,108906369.0
2025-11-19,000333,77.38,78.09,77.02,77.4,21441520.0
2025-11-19,510300,4.678,4.717,4.678,4.697,8569615.0
2025-11-19,510500,7.252,7.293,7.193,7.227,2467924.0
2025-11-19,511010,140.622,140.632,140.56,140.579,7313.0
2025-11-19,518880,8.89,8.968,8.873,8.954,6041360.0
2025-11-19,600036,42.88,43.5,42.8,43.22,511696.0
2025-11-19,600519,1474.0,1479.53,1469.96,1471.01,2204537.0
2025-11-19,600887,29.59,29.78,29.39,29.58,63042735.0
2025-11-19,600900,28.15,28.33,28.11,28.23,48159761.0
2025-11-19,600941,107.79,108.13,107.47,107.89,7711138.0
2025-11-19,601088,41.85,42.76,41.66,42.52,17667643.0
2025-11-19,601318,59.8,61.12,59.71,60.37,705865.0
2025-11-19,601398,8.2,8.32,8.17,8.23,2344283.0
2025-11-19,601857,9.87,10.32,9.83,10.27,226561112.0
2025-11-20,000333,77.5,78.88,77.03,77.94,26192879.0
2025-11-20,510300,4.724,4.729,4.673,4.676,5619395.0
2025-11-20,510500,7.27,7.293,7.163,7.17,3032408.0
2025-11-20,511010,140.578,140.686,140.564,140.652,8750.0
2025-11-20,518880,8.959,8.969,8.865,8.903,6337762.0
2025-11-20,600036,43.22,43.79,43.05,43.23,585852.0
2025-11-20,600519,1472.0,1479.9,1465.03,1467.11,2400232.0
2025-11-20,600887,29.56,29.77,29.36,29.4,47237188.0
2025-11-20,600900,28.18,28.32,28.05,28.14,57611235.0
2025-11-20,600941,107.61,109.28,107.61,108.69,14338886.0
2025-11-20,601088,42.31,42.81,41.91,42.0,14072990.0
2025-11-20,601318,60.6,61.15,60.03,60.2,394491.0
2025-11-20,601398,8.21,8.4,8.18,8.27,3594877.0
2025-11-20,601857,10.16,10.44,10.11,10.12,181489159.0
2025-11-21,000333,77.1,79.29,77.1,78.75,43949476.0
2025-11-21,510300,4.645,4.654,4.562,4.564,14964004.0
2025-11-21,510500,7.098,7.131,6.918,6.922,7553568.0
2025-11-21,511010,140.668,140.695,140.584,140.614,22211.0
2025-11-21,518880,8.888,8.921,8.824,8.828,6842940.0
2025-11-21,600036,43.24,43.55,42.76,43.0,791264.0
2025-11-21,600519,1470.5,1480.0,1456.0,1466.6,4260720.0
2025-11-21,600887,29.21,29.55,29.0,29.1,59902127.0
2025-11-21,600900,28.17,28.27,28.07,28.16,91994150.0
2025-11-21,600941,108.48,109.37,108.06,108.48,15022126.0
2025-11-21,601088,42.5,42.55,41.59,42.07,27943464.0
2025-11-21,601318,60.0,60.1,58.88,58.91,685580.0
2025-11-21,601398,8.28,8.38,8.22,8.25,4644447.0
2025-11-21,601857,10.11,10.21,10.0,10.03,221694991.0
2025-11-24,000333,78.6,79.48,78.25,78.56,36773938.0
2025-11-24,510300,4.579,4.585,4.533,4.557,11557477.0
2025-11-24,510500,6.96,7.006,6.903,6.97,4147657.0
2025-11-24,511010,140.609,140.663,140.6,140.63,25788.0
2025-11-24,518880,8.858,8.865,8.829,8.857,4681449.0
2025-11-24,600036,43.1,43.21,42.51,42.63,678549.0
2025-11-24,600519,1467.0,1471.0,1451.13,1452.0,3360744.0
2025-11-24,600887,29.35,29.39,28.88,28.91,44778082.0
2025-11-24,600900,28.18,28.2,27.92,28.19,97179569.0
2025-11-24,600941,108.48,109.2,107.5,108.72,13552723.0
2025-11-24,601088,42.28,42.34,41.12,41.2,29288946.0
2025-11-24,601318,59.16,59.2,58.35,58.4,534709.0
2025-11-24,601398,8.2,8.26,8.12,8.2,3489190.0
2025-11-24,601857,10.03,10.08,9.71,9.78,242795229.0
2025-11-25,000333,78.99,79.0,77.61,78.7,29101152.0
2025-11-25,510300,4.58,4.623,4.579,4.597,8959406.0
2025-11-25,510500,7.016,7.126,7.014,7.054,6043585.0
2025-11-25,511010,140.63,140.667,140.61,140.633,12705.0
2025-11-25,518880,8.99,9.039,8.99,9.01,6423143.0
2025-11-25,600036,42.66,43.3,42.44,43.25,666409.0
2025-11-25,600519,1458.0,1458.0,1444.5,1444.65,2844069.0
2025-11-25,600887,28.92,29.26,28.75,29.16,40763905.0
2025-11-25,600900,28.19,28.2,27.83,28.03,92985419.0
2025-11-25,600941,108.65,108.83,107.7,108.66,9464490.0
2025-11-25,601088,41.5,41.55,40.95,41.2,21454000.0
2025-11-25,601318,58.68,59.82,58.23,59.47,487771.0
2025-11-25,601398,8.18,8.32,8.13,8.31,3055430.0
2025-11-25,601857,9.77,9.83,9.67,9.8,113848611.0
2025-11-26,000333,78.69,80.0,78.41,79.8,32072777.0
2025-11-26,510300,4.6,4.646,4.594,4.626,9140793.0
2025-11-26,510500,7.055,7.124,7.038,7.065,4139294.0
2025-11-26,511010,140.645,140.645,140.478,140.481,8553.0
2025-11-26,518880,9.015,9.048,9.003,9.011,5090521.0
2025-11-26,600036,43.34,43.63,42.97,43.25,451072.0
2025-11-26,600519,1448.88,1453.49,1443.58,1449.15,2030616.0
2025-11-26,600887,29.1,29.35,28.88,29.18,28714877.0
2025-11-26,600900,28.03,28.12,27.9,27.94,66273278.0
2025-11-26,600941,108.6,109.61,108.32,108.97,9803188.0
2025-11-26,601088,41.21,41.49,40.99,41.0,16604862.0
2025-11-26,601318,59.66,60.22,59.32,59.78,434693.0
2025-11-26,601398,8.31,8.38,8.15,8.16,3310420.0
2025-11-26,601857,9.8,9.88,9.66,9.72,124459523.0
2025-11-27,000333,79.6,80.73,78.95,79.8,31646071.0
2025-11-27,510300,4.629,4.674,4.618,4.622,4793694.0
2025-11-27,510500,7.065,7.154,7.04,7.05,1885426.0
2025-11-27,511010,140.483,140.5,140.437,140.473,176208.0
2025-11-27,518880,9.003,9.017,8.986,9.01,3807153.0
2025-11-27,600036,43.18,43.39,42.6,43.19,621434.0
2025-11-27,600519,1449.5,1450.0,1439.04,1447.3,2228689.0
2025-11-27,600887,29.2,29.21,28.92,29.05,22302578.0
2025-11-27,600900,27.93,28.14,27.78,28.09,76869286.0
2025-11-27,600941,108.58,108.79,107.82,108.25,8538225.0
2025-11-27,601088,41.01,41.45,40.79,41.45,14056150.0
2025-11-27,601318,59.5,59.73,58.7,59.34,505701.0
2025-11-27,601398,8.15,8.19,8.06,8.16,2344122.0
2025-11-27,601857,9.72,9.88,9.59,9.85,119004978.0
2025-11-28,000333,79.8,80.07,79.33,79.86,18126661.0
2025-11-28,510300,4.621,4.642,4.603,4.635,5192341.0
2025-11-28,510500,7.048,7.144,7.042,7.135,1773332.0
2025-11-28,511010,140.474,140.53,140.461,140.528,54604.0
2025-11-28,518880,9.084,9.09,9.051,9.067,3972928.0
2025-11-28,600036,43.1,43.12,42.82,42.95,494658.0
2025-11-28,600519,1446.5,1455.5,1443.0,1450.5,2321121.0
2025-11-28,600887,29.05,29.46,28.97,29.38,35720114.0
2025-11-28,600900,28.01,28.07,27.95,27.98,59018067.0
2025-11-28,600941,108.04,108.4,107.61,107.7,7961801.0
2025-11-28,601088,41.28,41.39,41.1,41.14,14193374.0
2025-11-28,601318,59.21,59.29,58.51,58.99,433558.0
2025-11-28,601398,8.15,8.17,8.08,8.11,2084016.0
2025-11-28,601857,9.83,9.89,9.72,9.75,74661653.0
2025-12-01,000333,79.8,80.2,79.17,80.0,30352024.0
2025-12-01,510300,4.646,4.688,4.639,4.687,5783014.0
2025-12-01,510500,7.152,7.203,7.138,7.202,1320063.0
2025-12-01,511010,140.526,140.599,140.474,140.575,6955.0
2025-12-01,518880,9.146,9.204,9.128,9.161,7318584.0
2025-12-01,600036,43.08,43.47,42.93,43.44,567919.0
2025-12-01,600519,1451.0,1462.27,1442.0,1448.0,2733342.0
2025-12-01,600887,29.4,29.56,29.08,29.43,37912006.0
2025-12-01,600900,28.05,28.15,27.99,28.07,58252394.0
2025-12-01,600941,106.7,107.33,106.51,107.05,17623312.0
2025-12-01,601088,41.14,41.37,40.9,41.34,17565207.0
2025-12-01,601318,58.91,59.18,58.41,58.63,445804.0
2025-12-01,601398,8.05,8.11,8.02,8.09,2652609.0
2025-12-01,601857,9.78,9.98,9.75,9.96,114814283.0
2025-12-02,000333,80.1,81.66,80.01,81.56,37804931.0
2025-12-02,510300,4.686,4.686,4.651,4.666,3834449.0
2025-12-02,510500,7.154,7.188,7.123,7.141,1503697.0
2025-12-02,511010,140.586,140.593,140.53,140.54,138482.0
2025-12-02,518880,9.118,9.145,9.088,9.112,4475178.0
2025-12-02,600036,43.44,43.65,43.22,43.38,406735.0
2025-12-02,600519,1448.0,1451.92,1435.02,1436.03,2504726.0
2025-12-02,600887,29.47,29.5,29.21,29.35,24441802.0
2025-12-02,600900,28.03,28.27,28.02,28.26,74877962.0
2025-12-02,600941,106.87,107.6,106.78,107.35,10478681.0
2025-12-02,601088,41.4,41.75,41.04,41.6,19433672.0
2025-12-02,601318,58.8,59.4,58.45,58.8,373837.0
2025-12-02,601398,8.09,8.12,8.02,8.09,2145190.0
2025-12-02,601857,9.94,10.17,9.92,10.0,110550061.0
2025-12-03,000333,81.55,82.88,81.26,82.17,36866005.0
2025-12-03,510300,4.665,4.684,4.635,4.645,3950348.0
2025-12-03,510500,7.145,7.17,7.078,7.103,1213240.0
2025-12-03,511010,140.54,140.611,140.52,140.552,21602.0
2025-12-03,518880,9.118,9.143,9.084,9.096,4607233.0
2025-12-03,600036,43.27,43.58,43.0,43.01,468960.0
2025-12-03,600519,1435.81,1435.97,1428.0,1429.1,2357279.0
2025-12-03,600887,29.3,29.43,29.11,29.27,26371544.0
2025-12-03,600900,28.25,28.36,28.21,28.27,44559966.0
2025-12-03,600941,107.35,107.65,106.52,106.64,10364736.0
2025-12-03,601088,41.48,41.92,41.3,41.64,16748056.0
2025-12-03,601318,58.75,59.02,58.15,58.35,335494.0
2025-12-03,601398,8.06,8.15,8.03,8.05,2212585.0
2025-12-03,601857,9.95,10.02,9.88,9.93,70235822.0
2025-12-04,000333,82.13,83.17,81.77,81.89,28917966.0
2025-12-04,510300,4.648,4.671,4.628,4.657,4026188.0
2025-12-04,510500,7.1,7.15,7.06,7.125,1223711.0
2025-12-04,511010,140.551,140.552,140.383,140.411,7206.0
2025-12-04,518880,9.107,9.125,9.035,9.064,5584621.0
2025-12-04,600036,43.05,43.42,43.01,43.22,361207.0
2025-12-04,600519,1429.1,1432.5,1418.38,1423.98,2907539.0
2025-12-04,600887,29.18,29.28,28.94,28.99,27094245.0
2025-12-04,600900,28.3,28.32,28.17,28.24,37996706.0
2025-12-04,600941,106.68,106.94,105.92,106.11,11753906.0
2025-12-04,601088,41.6,42.22,41.51,41.75,16704309.0
2025-12-04,601318,58.35,58.55,58.21,58.55,217664.0
2025-12-04,601398,8.07,8.09,8.02,8.05,1491012.0
2025-12-04,601857,9.96,10.13,9.95,10.01,84199849.0
2025-12-05,000333,81.89,82.59,81.7,82.23,24616511.0
2025-12-05,510300,4.656,4.71,4.643,4.698,6872031.0
2025-12-05,510500,7.122,7.219,7.067,7.216,3085261.0
2025-12-05,511010,140.416,140.511,140.4,140.483,80403.0
2025-12-05,518880,9.094,9.148,9.084,9.136,4159658.0
2025-12-05,600036,43.25,43.55,42.91,43.45,548906.0
2025-12-05,600519,1423.98,1433.09,1419.5,1430.01,2540166.0
2025-12-05,600887,28.99,29.16,28.8,28.92,26363035.0
2025-12-05,600900,28.24,28.24,28.02,28.07,54497550.0
2025-12-05,600941,106.2,106.33,105.05,105.47,14601246.0
2025-12-05,601088,41.6,41.75,41.31,41.53,13909697.0
2025-12-05,601318,58.65,62.2,58.55,61.99,1377948.0
2025-12-05,601398,8.04,8.1,7.95,7.99,2461473.0
2025-12-05,601857,9.98,10.05,9.85,9.9,86821789.0
2025-12-08,000333,83.0,83.1,81.04,81.81,27336529.0
2025-12-08,510300,4.711,4.754,4.709,4.732,8263438.0
2025-12-08,510500,7.238,7.305,7.229,7.278,2828081.0
2025-12-08,511010,140.506,140.506,140.405,140.468,10304.0
2025-12-08,518880,9.107,9.119,9.078,9.11,4317056.0
2025-12-08,600036,43.44,43.64,43.07,43.18,580039.0
2025-12-08,600519,1429.2,1436.67,1418.0,1418.22,3360280.0
2025-12-08,600887,28.95,29.15,28.73,28.84,33170657.0
2025-12-08,600900,28.07,28.1,27.86,27.87,75426506.0
2025-12-08,600941,105.47,105.6,104.42,104.51,19437391.0
2025-12-08,601088,41.49,41.49,40.58,40.9,23739750.0
2025-12-08,601318,62.04,63.8,62.0,63.4,1029979.0
2025-12-08,601398,7.99,8.04,7.95,7.99,2130820.0
2025-12-08,601857,9.92,9.94,9.75,9.85,99038784.0
2025-12-09,000333,81.5,81.56,79.94,80.2,35647940.0
2025-12-09,510300,4.727,4.739,4.694,4.708,7001055.0
2025-12-09,510500,7.256,7.29,7.211,7.224,1924356.0
2025-12-09,511010,140.511,140.561,140.509,140.545,46431.0
2025-12-09,518880,9.075,9.082,9.026,9.046,4772816.0
2025-12-09,600036,43.18,43.3,42.83,43.04,465939.0
2025-12-09,600519,1418.23,1421.0,1400.05,1401.01,4263443.0
2025-12-09,600887,28.97,29.05,28.64,28.76,31850797.0
2025-12-09,600900,27.93,28.04,27.9,27.97,51230207.0
2025-12-09,600941,104.49,105.0,104.42,104.92,10180915.0
2025-12-09,601088,41.0,41.13,40.4,40.48,16238526.0
2025-12-09,601318,63.4,63.69,62.42,62.45,483731.0
2025-12-09,601398,8.01,8.15,7.98,8.1,2654901.0
2025-12-09,601857,9.85,9.87,9.7,9.72,98017437.0
2025-12-10,000333,79.98,80.62,79.7,80.07,24571972.0
2025-12-10,510300,4.7,4.709,4.658,4.702,6207764.0
2025-12-10,510500,7.225,7.28,7.172,7.263,2595578.0
2025-12-10,511010,140.529,140.579,140.52,140.566,34187.0
2025-12-10,518880,9.114,9.118,9.081,9.095,3418584.0
2025-12-10,600036,43.08,43.08,41.55,41.7,1083157.0
2025-12-10,600519,1400.0,1402.8,1383.18,1402.8,3313347.0
2025-12-10,600887,28.7,28.85,28.46,28.56,26007581.0
2025-12-10,600900,27.93,28.07,27.85,27.89,58538954.0
2025-12-10,600941,104.77,105.0,104.46,104.7,6707723.0
2025-12-10,601088,40.47,40.47,40.02,40.18,16846060.0
2025-12-10,601318,62.66,63.06,62.13,62.55,448822.0
2025-12-10,601398,8.09,8.12,7.92,7.94,3084176.0
2025-12-10,601857,9.69,9.72,9.57,9.6,92815174.0
2025-12-11,000333,80.12,80.56,79.18,79.3,27294485.0
2025-12-11,510300,4.708,4.722,4.662,4.668,6199443.0
2025-12-11,510500,7.275,7.284,7.196,7.201,1861384.0
2025-12-11,511010,140.588,140.671,140.572,140.66,71021.0
2025-12-11,518880,9.157,9.165,9.095,9.11,4666350.0
2025-12-11,600036,41.86,42.05,41.41,41.68,846231.0
2025-12-11,600519,1406.66,1411.99,1401.55,1411.99,2238501.0
2025-12-11,600887,28.55,28.62,28.36,28.39,26628298.0
2025-12-11,600900,27.92,27.94,27.75,27.86,69563624.0
2025-12-11,600941,104.7,104.86,104.29,104.31,8373928.0
2025-12-11,601088,40.47,40.67,40.04,40.31,17334377.0
2025-12-11,601318,62.8,63.36,62.17,62.53,477963.0
2025-12-11,601398,7.95,8.0,7.9,8.0,2621760.0
2025-12-11,601857,9.63,9.75,9.51,9.66,120102924.0
2025-12-12,000333,79.35,79.98,79.2,79.32,32895862.0
2025-12-12,510300,4.678,4.702,4.648,4.694,8671539.0
2025-12-12,510500,7.217,7.304,7.184,7.285,3755285.0
2025-12-12,511010,140.748,140.748,140.57,140.621,121593.0
2025-12-12,518880,9.201,9.23,9.191,9.227,4766188.0
2025-12-12,600036,41.75,41.83,41.48,41.74,717625.0
2025-12-12,600519,1418.0,1425.0,1413.57,1420.65,3715919.0
2025-12-12,600887,28.54,28.76,28.33,28.7,48863129.0
2025-12-12,600900,27.85,28.05,27.81,28.04,89870832.0
2025-12-12,600941,104.31,104.48,103.92,104.36,15945182.0
2025-12-12,601088,40.17,40.29,39.83,40.0,26275821.0
2025-12-12,601318,62.56,64.09,62.41,63.91,1091760.0
2025-12-12,601398,7.97,7.98,7.84,7.97,5191105.0
2025-12-12,601857,9.59,9.59,9.45,9.53,145030285.0
2025-12-15,000333,79.69,81.1,79.45,80.41,36554689.0
2025-12-15,510300,4.674,4.712,4.55,4.667,6917855.0
2025-12-15,510500,7.25,7.299,7.229,7.236,1747858.0
2025-12-15,511010,140.592,140.624,140.552,140.562,9522.0
2025-12-15,518880,9.298,9.36,9.297,9.351,5679028.0
2025-12-15,600036,41.74,42.28,41.63,41.8,562666.0
2025-12-15,600519,1439.59,1439.99,1425.57,1426.0,3335879.0
2025-12-15,600887,28.7,29.02,28.65,28.83,33126750.0
2025-12-15,600900,27.99,28.15,27.96,28.04,53946613.0
2025-12-15,600941,104.4,104.44,102.8,102.81,19547135.0
2025-12-15,601088,40.0,40.26,39.89,39.91,17097856.0
2025-12-15,601318,63.68,67.44,63.52,67.08,1546643.0
2025-12-15,601398,7.82,7.86,7.77,7.81,2509713.0
2025-12-15,601857,9.53,9.58,9.46,9.5,87961632.0
2025-12-16,000333,80.25,80.85,79.84,79.96,21423089.0
2025-12-16,510300,4.66,4.667,4.601,4.62,7693550.0
2025-12-16,510500,7.22,7.22,7.076,7.126,2629014.0
2025-12-16,511010,140.535,140.611,140.528,140.536,77847.0
2025-12-16,518880,9.272,9.296,9.199,9.24,5196267.0
2025-12-16,600036,41.78,42.13,41.43,41.7,566176.0
2025-12-16,600519,1426.2,1428.78,1415.0,1422.0,2396367.0
2025-12-16,600887,28.9,29.14,28.77,28.95,44664043.0
2025-12-16,600900,28.06,28.08,27.82,27.97,67907746.0
2025-12-16,600941,102.8,103.25,102.11,102.99,10906930.0
2025-12-16,601088,39.9,40.21,39.52,40.17,23011273.0
2025-12-16,601318,66.71,68.11,66.16,67.0,1056821.0
2025-12-16,601398,7.81,7.83,7.73,7.79,1934389.0
2025-12-16,601857,9.47,9.63,9.33,9.56,153362215.0
2025-12-17,000333,79.71,80.92,79.38,80.47,23028180.0
2025-12-17,510300,4.619,4.715,4.616,4.699,10856133.0
2025-12-17,510500,7.12,7.287,7.1,7.259,2996344.0
2025-12-17,511010,140.553,140.633,140.52,140.629,86837.0
2025-12-17,518880,9.283,9.345,9.283,9.31,4520836.0
2025-12-17,600036,41.6,41.85,41.23,41.52,631267.0
2025-12-17,600519,1425.0,1439.94,1417.68,1433.1,3138249.0
2025-12-17,600887,28.58,29.09,28.38,28.85,45788558.0
2025-12-17,600900,27.93,28.0,27.84,27.92,59243613.0
2025-12-17,600941,102.9,102.9,101.8,102.31,11959506.0
2025-12-17,601088,40.16,40.25,39.94,40.0,20312905.0
2025-12-17,601318,67.05,68.63,66.65,68.05,962118.0
2025-12-17,601398,7.78,7.87,7.75,7.81,2206861.0
2025-12-17,601857,9.53,9.64,9.43,9.51,102626105.0
2025-12-18,000333,80.27,80.61,79.51,79.83,21409792.0
2025-12-18,510300,4.683,4.692,4.661,4.668,6780189.0
2025-12-18,510500,7.225,7.295,7.219,7.221,2514901.0
2025-12-18,511010,140.636,140.742,140.597,140.713,15296.0
2025-12-18,518880,9.311,9.327,9.302,9.318,3178056.0
2025-12-18,600036,41.54,42.42,41.4,42.37,768119.0
2025-12-18,600519,1433.5,1438.88,1426.11,1431.0,1782995.0
2025-12-18,600887,28.85,29.09,28.68,28.97,27882552.0
2025-12-18,600900,27.92,28.09,27.89,28.08,46419794.0
2025-12-18,600941,102.2,102.54,101.8,101.9,9791708.0
2025-12-18,601088,40.2,40.93,40.0,40.83,20351584.0
2025-12-18,601318,67.88,68.58,67.59,68.5,563606.0
2025-12-18,601398,7.81,8.0,7.79,7.99,2417484.0
2025-12-18,601857,9.57,9.78,9.53,9.71,104826773.0
2025-12-19,000333,79.85,79.9,78.8,79.45,27801766.0
2025-12-19,510300,4.68,4.714,4.666,4.688,8317889.0
2025-12-19,510500,7.238,7.318,7.231,7.286,2509672.0
2025-12-19,511010,140.75,140.798,140.721,140.787,20448.0
2025-12-19,518880,9.29,9.321,9.273,9.313,3703003.0
2025-12-19,600036,42.37,42.48,41.91,41.99,573823.0
2025-12-19,600519,1410.0,1412.45,1401.01,1410.0,2650868.0
2025-12-19,600887,28.8,29.24,28.77,29.18,35762905.0
2025-12-19,600900,28.03,28.08,27.82,27.85,79999314.0
2025-12-19,600941,102.01,102.43,101.86,102.16,8820683.0
2025-12-19,601088,40.68,40.86,40.43,40.59,16198407.0
2025-12-19,601318,68.15,68.78,67.6,68.75,638476.0
2025-12-19,601398,7.96,7.98,7.86,7.88,2355882.0
2025-12-19,601857,9.66,9.75,9.55,9.65,106086475.0
2025-12-22,000333,79.3,79.79,78.9,79.16,24503713.0
2025-12-22,510300,4.702,4.735,4.702,4.73,8371220.0
2025-12-22,510500,7.32,7.397,7.32,7.368,2817475.0
2025-12-22,511010,140.79,140.798,140.672,140.715,32913.0
2025-12-22,518880,9.38,9.514,9.38,9.511,6918754.0
2025-12-22,600036,42.08,42.13,41.71,41.77,524740.0
2025-12-22,600519,1410.0,1414.14,1406.58,1408.26,2042565.0
2025-12-22,600887,29.05,29.32,28.93,29.1,40187251.0
2025-12-22,600900,27.84,27.86,27.5,27.54,156403393.0
2025-12-22,600941,102.01,102.26,100.86,101.16,20592437.0
2025-12-22,601088,41.18,41.25,40.03,40.88,40200622.0
2025-12-22,601318,68.7,69.27,68.2,68.54,556942.0
2025-12-22,601398,7.86,7.91,7.83,7.89,1668915.0
2025-12-22,601857,9.72,9.75,9.64,9.72,86409213.0
2025-12-23,000333,79.38,80.31,79.02,79.65,25468020.0
2025-12-23,510300,4.735,4.763,4.726,4.74,8083405.0
2025-12-23,510500,7.364,7.417,7.349,7.374,1850595.0
2025-12-23,511010,140.711,140.965,140.707,140.952,112949.0
2025-12-23,518880,9.63,9.689,9.608,9.639,9022814.0
2025-12-23,600036,41.74,42.04,41.66,41.91,606510.0
2025-12-23,600519,1408.26,1412.93,1397.19,1407.86,2450681.0
2025-12-23,600887,29.31,29.5,28.81,28.93,42733840.0
2025-12-23,600900,27.5,27.74,27.48,27.72,70945112.0
2025-12-23,600941,101.0,101.29,100.82,100.99,12770784.0
2025-12-23,601088,40.87,41.46,40.84,41.15,22868985.0
2025-12-23,601318,68.56,70.24,68.35,69.49,765720.0
2025-12-23,601398,7.89,7.95,7.87,7.92,2000570.0
2025-12-23,601857,9.75,9.98,9.75,9.89,105380086.0
2025-12-24,000333,79.43,79.94,78.76,78.8,21704738.0
2025-12-24,510300,4.74,4.765,4.726,4.757,5334294.0
2025-12-24,510500,7.373,7.492,7.363,7.47,3503673.0
2025-12-24,511010,140.901,140.928,140.843,140.894,27781.0
2025-12-24,518880,9.719,9.722,9.613,9.642,7384369.0
2025-12-24,600036,41.93,41.99,41.55,41.83,536305.0
2025-12-24,600519,1404.99,1406.36,1400.0,1400.9,2518669.0
2025-12-24,600887,28.81,28.99,28.7,28.88,29621304.0
2025-12-24,600900,27.71,27.71,27.55,27.64,49994280.0
2025-12-24,600941,100.94,101.94,100.1,101.52,16437369.0
2025-12-24,601088,41.1,41.13,40.12,40.25,25981761.0
2025-12-24,601318,69.17,69.38,68.35,69.03,511320.0
2025-12-24,601398,7.92,7.96,7.88,7.91,1736671.0
2025-12-24,601857,9.87,9.9,9.73,9.85,84041786.0
2025-12-25,000333,78.52,78.88,78.18,78.59,22675780.0
2025-12-25,510300,4.75,4.777,4.744,4.766,4272443.0
2025-12-25,510500,7.469,7.555,7.452,7.534,2869616.0
2025-12-25,511010,140.894,140.926,140.832,140.847,24865.0
2025-12-25,518880,9.571,9.58,9.539,9.566,4311576.0
2025-12-25,600036,41.93,42.08,41.7,41.78,499214.0
2025-12-25,600519,1405.0,1419.48,1401.38,1414.17,2338621.0
2025-12-25,600887,28.9,29.3,28.83,29.2,33184155.0
2025-12-25,600900,27.63,27.68,27.57,27.64,30080576.0
2025-12-25,600941,101.4,101.47,100.35,100.51,17634204.0
2025-12-25,601088,40.25,40.35,40.01,40.13,13208802.0
2025-12-25,601318,69.0,71.98,68.98,70.8,777898.0
2025-12-25,601398,7.9,7.91,7.83,7.86,1655190.0
2025-12-25,601857,9.82,9.94,9.79,9.83,70675285.0
2025-12-26,000333,78.59,79.07,78.55,78.87,21410712.0
2025-12-26,510300,4.766,4.801,4.755,4.784,8160801.0
2025-12-26,510500,7.544,7.616,7.527,7.58,5147301.0
2025-12-26,511010,140.2,140.291,140.2,140.285,21476.0
2025-12-26,518880,9.67,9.68,9.618,9.65,4898253.0
2025-12-26,600036,41.79,41.88,41.62,41.7,508810.0
2025-12-26,600519,1414.17,1419.14,1410.0,1414.13,1780299.0
2025-12-26,600887,29.26,29.35,28.93,29.1,29127982.0
2025-12-26,600900,27.61,27.67,27.52,27.64,48259339.0
2025-12-26,600941,100.3,101.11,100.12,100.84,14736262.0
2025-12-26,601088,40.05,40.25,40.01,40.07,16596912.0
2025-12-26,601318,70.44,71.96,70.43,71.16,657017.0
2025-12-26,601398,7.84,7.86,7.79,7.81,1500697.0
2025-12-26,601857,9.77,9.9,9.77,9.85,70109445.0
2025-12-29,000333,78.79,79.72,78.25,78.41,25697385.0
2025-12-29,510300,4.78,4.794,4.749,4.763,8529050.0
2025-12-29,510500,7.579,7.61,7.531,7.548,3378040.0
2025-12-29,511010,140.267,140.315,140.07,140.116,64110.0
2025-12-29,518880,9.64,9.667,9.55,9.563,7144967.0
2025-12-29,600036,41.66,41.93,41.42,41.87,682551.0
2025-12-29,600519,1414.13,1414.13,1401.0,1402.0,2630810.0
2025-12-29,600887,29.09,29.11,28.67,28.87,37912627.0
2025-12-29,600900,27.64,27.64,27.5,27.52,68903336.0
2025-12-29,600941,100.76,101.59,100.25,100.58,17789608.0
2025-12-29,601088,40.07,40.65,40.01,40.2,24073766.0
2025-12-29,601318,71.0,71.66,69.79,69.88,655665.0
2025-12-29,601398,7.81,7.9,7.77,7.87,2706386.0
2025-12-29,601857,9.84,10.1,9.81,10.06,168783308.0
2025-12-30,000333,78.16,79.38,78.12,78.85,21362222.0
2025-12-30,510300,4.746,4.79,4.742,4.773,4772242.0
2025-12-30,510500,7.512,7.625,7.512,7.581,2414779.0
2025-12-30,511010,140.116,140.142,140.048,140.093,22818.0
2025-12-30,518880,9.272,9.402,9.272,9.363,8615558.0
2025-12-30,600036,41.9,42.48,41.78,42.28,834783.0
2025-12-30,600519,1401.0,1401.9,1386.0,1389.72,3379194.0
2025-12-30,600887,28.76,28.9,28.61,28.69,39049803.0
2025-12-30,600900,27.5,27.5,27.32,27.32,72424700.0
2025-12-30,600941,100.5,100.9,100.22,100.35,8788834.0
2025-12-30,601088,40.21,40.49,40.0,40.45,23746836.0
2025-12-30,601318,69.75,70.23,68.39,68.8,1046674.0
2025-12-30,601398,7.84,7.87,7.79,7.85,2087546.0
2025-12-30,601857,10.06,10.4,10.02,10.25,172605548.0
2025-12-31,000333,78.87,80.28,77.85,78.15,28775822.0
2025-12-31,510300,4.777,4.789,4.742,4.753,6668292.0
2025-12-31,510500,7.597,7.611,7.551,7.588,4463534.0
2025-12-31,511010,140.099,140.104,140.025,140.096,17226.0
2025-12-31,518880,9.359,9.392,9.196,9.301,8873154.0
2025-12-31,600036,42.24,42.33,41.92,42.1,554142.0
2025-12-31,600519,1390.0,1394.0,1377.17,1377.18,3476563.0
2025-12-31,600887,28.77,28.88,28.56,28.6,26672702.0
2025-12-31,600900,27.35,27.37,27.17,27.19,74293024.0
2025-12-31,600941,100.35,101.13,100.35,101.05,10708241.0
2025-12-31,601088,40.35,40.55,40.16,40.5,19453115.0
2025-12-31,601318,68.78,69.23,68.15,68.4,458069.0
2025-12-31,601398,7.83,7.96,7.83,7.93,2866528.0
2025-12-31,601857,10.26,10.47,10.26,10.41,170561058.0
2026-01-05,000333,80.04,80.5,78.25,78.68,44294709.0
2026-01-05,510300,4.783,4.848,4.78,4.844,10171325.0
2026-01-05,510500,7.642,7.794,7.64,7.792,2763714.0
2026-01-05,511010,140.09,140.09,139.954,139.965,12972.0
2026-01-05,518880,9.421,9.499,9.421,9.495,6832710.0
2026-01-05,600036,42.48,42.8,42.27,42.35,840830.0
2026-01-05,600519,1385.0,1431.88,1385.0,1426.0,7094942.0
2026-01-05,600887,28.6,28.91,28.55,28.61,49636137.0
2026-01-05,600900,27.2,27.31,27.1,27.28,76569131.0
2026-01-05,600941,101.38,101.44,100.0,100.58,21477952.0
2026-01-05,601088,40.51,40.75,40.22,40.26,28383600.0
2026-01-05,601318,69.2,73.0,69.2,72.36,1228831.0
2026-01-05,601398,7.91,7.94,7.76,7.82,4254145.0
2026-01-05,601857,10.41,10.41,9.9,10.07,308401573.0
2026-01-06,000333,78.58,79.49,77.39,78.84,45452476.0
2026-01-06,510300,4.85,4.92,4.848,4.919,10523015.0
2026-01-06,510500,7.797,7.965,7.797,7.961,3560767.0
2026-01-06,511010,139.965,139.97,139.792,139.86,112357.0
2026-01-06,518880,9.536,9.606,9.528,9.577,5313457.0
2026-01-06,600036,42.45,42.79,42.09,42.73,923715.0
2026-01-06,600519,1432.55,1436.97,1416.53,1428.01,3958618.0
2026-01-06,600887,28.55,28.69,28.21,28.62,49580978.0
2026-01-06,600900,27.3,27.44,27.24,27.44,73843681.0
2026-01-06,600941,100.58,100.73,100.13,100.66,15228763.0
2026-01-06,601088,40.3,41.02,40.07,40.78,36700809.0
2026-01-06,601318,72.4,74.88,72.4,74.32,1468516.0
2026-01-06,601398,7.81,7.81,7.76,7.8,2595770.0
2026-01-06,601857,10.05,10.3,9.97,10.27,188338212.0
2026-01-07,000333,78.99,79.58,78.06,79.37,40196784.0
2026-01-07,510300,4.92,4.927,4.876,4.901,9334026.0
2026-01-07,510500,7.969,8.04,7.954,7.999,4315868.0
2026-01-07,511010,139.801,139.87,139.702,139.783,167378.0
2026-01-07,518880,9.6,9.601,9.511,9.518,6163985.0
2026-01-07,600036,42.75,43.02,42.14,42.15,880560.0
2026-01-07,600519,1432.88,1435.0,1420.2,1423.36,2968380.0
2026-01-07,600887,28.65,28.78,28.38,28.42,40920906.0
2026-01-07,600900,27.44,27.45,27.22,27.23,72170195.0
2026-01-07,600941,100.59,101.02,100.22,100.3,15691902.0
2026-01-07,601088,41.0,41.32,40.24,41.26,41432171.0
2026-01-07,601318,73.89,74.7,73.29,73.45,919695.0
2026-01-07,601398,7.78,7.79,7.7,7.75,3297896.0
2026-01-07,601857,10.15,10.17,9.83,9.9,231885217.0
2026-01-08,000333,79.37,79.48,78.31,79.03,31253684.0
2026-01-08,510300,4.888,4.894,4.843,4.863,6827198.0
2026-01-08,510500,7.974,8.078,7.972,8.024,3822311.0
2026-01-08,511010,139.85,139.909,139.78,139.904,39895.0
2026-01-08,518880,9.555,9.559,9.474,9.511,4838350.0
2026-01-08,600036,42.2,42.25,41.3,41.58,1115727.0
2026-01-08,600519,1423.33,1423.36,1408.14,1412.3,2913454.0
2026-01-08,600887,27.9,27.9,27.11,27.26,163515181.0
2026-01-08,600900,27.23,27.3,27.19,27.26,47057275.0
2026-01-08,600941,100.3,100.45,100.04,100.12,13181669.0
2026-01-08,601088,41.26,41.66,41.16,41.45,34492552.0
2026-01-08,601318,73.37,73.4,69.66,70.38,1685392.0
2026-01-08,601398,7.74,7.74,7.65,7.69,2919140.0
2026-01-08,601857,9.89,9.9,9.8,9.8,121457155.0
2026-01-09,000333,79.6,79.95,79.3,79.77,34108097.0
2026-01-09,510300,4.857,4.903,4.844,4.885,11348553.0
2026-01-09,510500,8.024,8.223,8.023,8.216,5252035.0
2026-01-09,511010,139.904,139.909,139.81,139.893,12286.0
2026-01-09,518880,9.544,9.596,9.544,9.592,3791904.0
2026-01-09,600036,41.54,41.76,41.12,41.3,985471.0
2026-01-09,600519,1417.0,1428.6,1416.01,1419.1,2984774.0
2026-01-09,600887,27.21,27.7,27.2,27.68,87235860.0
2026-01-09,600900,27.27,27.29,27.18,27.29,62903453.0
2026-01-09,600941,100.12,100.36,99.54,100.12,18177767.0
2026-01-09,601088,41.4,42.55,41.22,42.45,36814026.0
2026-01-09,601318,70.6,71.28,68.24,69.0,2063348.0
2026-01-09,601398,7.69,7.72,7.64,7.71,2410930.0
2026-01-09,601857,9.98,10.04,9.73,9.87,207592057.0
2026-01-12,000333,79.78,79.79,77.81,78.62,52501410.0
2026-01-12,510300,4.893,4.929,4.861,4.913,13330753.0
2026-01-12,510500,8.27,8.448,8.235,8.416,5715199.0
2026-01-12,511010,139.871,140.025,139.771,139.962,16725.0
2026-01-12,518880,9.779,9.791,9.736,9.777,4935017.0
2026-01-12,600036,41.3,41.43,41.0,41.12,1186641.0
2026-01-12,600519,1419.1,1431.0,1417.1,1423.23,3608266.0
2026-01-12,600887,27.68,27.78,27.41,27.74,61097422.0
2026-01-12,600900,27.29,27.45,27.22,27.4,78435554.0
2026-01-12,600941,100.44,100.59,100.0,100.4,16118216.0
2026-01-12,601088,42.45,42.55,41.68,41.86,26094999.0
2026-01-12,601318,68.9,69.0,67.22,67.55,1851661.0
2026-01-12,601398,7.7,7.77,7.65,7.74,2923852.0
2026-01-12,601857,9.85,9.92,9.78,9.86,144189477.0
2026-01-13,000333,77.9,78.0,76.1,76.2,94571232.0
2026-01-13,510300,4.922,4.965,4.876,4.896,12717832.0
2026-01-13,510500,8.437,8.44,8.259,8.306,5240340.0
2026-01-13,511010,139.98,140.015,139.924,140.002,8034.0
2026-01-13,518880,9.79,9.825,9.771,9.793,3982367.0
2026-01-13,600036,41.2,41.38,41.03,41.13,1159365.0
2026-01-13,600519,1426.79,1429.52,1408.99,1411.0,3916866.0
2026-01-13,600887,27.74,28.09,27.44,27.53,55766702.0
2026-01-13,600900,27.45,27.57,27.32,27.36,78538492.0
2026-01-13,600941,100.41,100.89,100.02,100.18,17210814.0
2026-01-13,601088,41.94,42.33,41.7,41.9,22288873.0
2026-01-13,601318,67.8,69.98,67.78,68.2,1502151.0
2026-01-13,601398,7.75,7.85,7.74,7.81,3651925.0
2026-01-13,601857,9.88,10.17,9.88,10.08,205937323.0
2026-01-14,000333,76.2,77.63,75.91,77.15,53968401.0
2026-01-14,510300,4.896,4.949,4.841,4.866,21367223.0
2026-01-14,510500,8.308,8.536,8.25,8.365,13490762.0
2026-01-14,511010,140.028,140.155,139.928,140.093,150378.0
2026-01-14,518880,9.871,9.925,9.869,9.922,4369521.0
2026-01-14,600036,41.13,41.17,40.06,40.07,1917744.0
2026-01-14,600519,1411.0,1422.25,1396.18,1398.01,5175797.0
2026-01-14,600887,27.51,27.66,27.35,27.4,61452193.0
2026-01-14,600900,27.45,27.54,26.8,26.81,292750088.0
2026-01-14,600941,100.18,100.21,99.0,99.03,26212401.0
2026-01-14,601088,42.0,42.0,41.38,41.74,27342320.0
2026-01-14,601318,68.35,68.93,66.82,67.0,1431109.0
2026-01-14,601398,7.79,7.79,7.68,7.69,3901383.0
2026-01-14,601857,10.14,10.22,9.82,9.85,348962524.0
2026-01-15,000333,77.46,78.05,76.89,77.22,36031372.0
2026-01-15,510300,4.849,4.894,4.843,4.875,52171489.0
2026-01-15,510500,8.3,8.39,8.265,8.339,31673005.0
2026-01-15,511010,140.093,140.204,140.042,140.148,12254.0
2026-01-15,518880,9.861,9.883,9.82,9.867,5542922.0
2026-01-15,600036,40.11,40.42,40.0,40.11,1217271.0
2026-01-15,600519,1396.02,1402.83,1388.58,1388.89,4090714.0
2026-01-15,600887,27.4,27.58,27.18,27.22,48308585.0
2026-01-15,600900,26.98,27.01,26.77,26.82,125927447.0
2026-01-15,600941,98.95,98.95,97.0,97.1,28476178.0
2026-01-15,601088,41.6,42.1,41.48,41.56,23255920.0
2026-01-15,601318,66.9,68.38,66.69,67.41,1066614.0
2026-01-15,601398,7.68,7.74,7.66,7.68,2870267.0
2026-01-15,601857,9.84,10.13,9.8,9.97,193449745.0
2026-01-16,000333,77.25,77.85,77.15,77.31,37186855.0
2026-01-16,510300,4.905,4.919,4.838,4.859,53201665.0
2026-01-16,510500,8.318,8.353,8.24,8.295,20507550.0
2026-01-16,511010,140.118,140.27,140.118,140.238,28525.0
2026-01-16,518880,9.851,9.874,9.828,9.857,3278431.0
2026-01-16,600036,39.49,39.5,38.65,38.72,1525245.0
2026-01-16,600519,1395.0,1397.5,1380.0,1382.0,5512068.0
2026-01-16,600887,27.34,27.34,26.92,26.97,58831624.0
2026-01-16,600900,26.88,27.03,26.44,26.52,238854630.0
2026-01-16,600941,97.13,97.81,96.0,96.28,21785954.0
2026-01-16,601088,41.58,42.0,40.66,41.0,30387097.0
2026-01-16,601318,67.6,67.94,65.8,66.33,1356100.0
2026-01-16,601398,7.67,7.68,7.58,7.61,3406706.0
2026-01-16,601857,9.9,9.99,9.71,9.8,200682137.0
2026-01-19,000333,77.37,78.14,77.05,77.62,33637393.0
2026-01-19,510300,4.737,4.769,4.718,4.738,29134399.0
2026-01-19,510500,8.27,8.397,8.25,8.348,15215857.0
2026-01-19,511010,140.284,140.29,140.216,140.229,194803.0
2026-01-19,518880,9.962,10.009,9.96,10.006,4806212.0
2026-01-19,600036,38.73,38.92,38.5,38.55,988703.0
2026-01-19,600519,1381.9,1387.49,1375.0,1376.0,4228640.0
2026-01-19,600887,27.0,27.18,26.96,27.09,45835509.0
2026-01-19,600900,26.61,26.92,26.6,26.8,104721813.0
2026-01-19,600941,96.28,96.75,95.75,96.5,12391626.0
2026-01-19,601088,40.66,41.3,40.51,40.7,22774227.0
2026-01-19,601318,66.28,66.95,65.91,66.3,838681.0
2026-01-19,601398,7.6,7.63,7.5,7.53,3290640.0
2026-01-19,601857,9.72,9.93,9.72,9.82,107657091.0
2026-01-20,000333,77.66,79.37,77.2,79.0,45535750.0
2026-01-20,510300,4.735,4.751,4.688,4.724,28867656.0
2026-01-20,510500,8.356,8.414,8.201,8.324,16142559.0
2026-01-20,511010,140.25,140.325,140.225,140.318,131432.0
2026-01-20,518880,10.005,10.095,9.983,10.082,5338067.0
2026-01-20,600036,38.57,39.13,38.51,38.73,1113873.0
2026-01-20,600519,1379.5,1381.58,1372.05,1373.55,3648443.0
2026-01-20,600887,27.12,27.26,26.95,27.18,48048913.0
2026-01-20,600900,26.8,26.94,26.73,26.88,105003377.0
2026-01-20,600941,96.5,97.44,96.27,97.32,13021335.0
2026-01-20,601088,40.73,40.99,40.51,40.85,19819930.0
2026-01-20,601318,66.35,67.77,66.11,66.6,988500.0
2026-01-20,601398,7.52,7.57,7.5,7.54,3028863.0
2026-01-20,601857,9.82,9.97,9.82,9.92,125594543.0
2026-01-21,000333,78.96,78.96,77.55,77.78,36808644.0
2026-01-21,510300,4.709,4.764,4.709,4.73,49039740.0
2026-01-21,510500,8.282,8.435,8.28,8.432,10340941.0
2026-01-21,511010,140.321,140.345,140.253,140.315,7478.0
2026-01-21,518880,10.365,10.501,10.322,10.377,9845096.0
2026-01-21,600036,38.92,38.94,38.18,38.24,1215000.0
2026-01-21,600519,1373.56,1374.4,1350.0,1351.06,6451625.0
2026-01-21,600887,27.25,27.25,26.77,26.84,71978943.0
2026-01-21,600900,26.89,26.9,26.55,26.58,116328162.0
2026-01-21,600941,97.1,97.1,96.0,96.14,13332291.0
2026-01-21,601088,40.98,40.98,40.0,40.08,32067722.0
2026-01-21,601318,66.64,67.18,65.65,65.85,935402.0
2026-01-21,601398,7.53,7.56,7.34,7.35,4745208.0
2026-01-21,601857,9.96,10.06,9.91,10.0,155395508.0
2026-01-22,000333,78.25,78.26,77.37,77.49,34404058.0
2026-01-22,510300,4.741,4.76,4.703,4.727,43163442.0
2026-01-22,510500,8.46,8.496,8.404,8.469,4808569.0
2026-01-22,511010,140.28,140.344,140.28,140.302,326892.0
2026-01-22,518880,10.29,10.343,10.23,10.341,7196858.0
2026-01-22,600036,38.27,38.58,37.8,37.85,1877546.0
2026-01-22,600519,1352.01,1361.76,1337.48,1340.06,5901089.0
2026-01-22,600887,26.84,27.06,26.74,26.81,53862657.0
2026-01-22,600900,26.58,26.72,26.3,26.31,180784966.0
2026-01-22,600941,96.23,96.93,96.1,96.25,9770689.0
2026-01-22,601088,40.1,40.85,40.0,40.65,31714973.0
2026-01-22,601318,66.13,66.58,64.52,64.8,1143922.0
2026-01-22,601398,7.35,7.38,7.25,7.27,3880674.0
2026-01-22,601857,10.08,10.48,10.08,10.15,300558152.0
2026-01-23,000333,77.57,77.79,76.71,76.78,37370740.0
2026-01-23,510300,4.732,4.742,4.687,4.704,67693781.0
2026-01-23,510500,8.505,8.725,8.493,8.719,6693456.0
2026-01-23,511010,140.283,140.398,140.271,140.349,185941.0
2026-01-23,518880,10.618,10.643,10.585,10.617,7298895.0
2026-01-23,600036,37.85,38.17,37.38,37.5,1892113.0
2026-01-23,600519,1340.1,1348.0,1332.47,1337.0,6194890.0
2026-01-23,600887,26.81,26.99,26.75,26.82,65684976.0
2026-01-23,600900,26.36,26.42,25.96,26.0,210691513.0
2026-01-23,600941,96.41,96.41,95.24,95.38,15781274.0
2026-01-23,601088,40.79,40.8,39.86,40.0,33743193.0
2026-01-23,601318,65.2,65.48,63.66,63.9,1407699.0
2026-01-23,601398,7.27,7.29,7.17,7.21,3770134.0
2026-01-23,601857,10.17,10.25,9.81,9.83,268401677.0
2026-01-26,000333,76.8,77.87,76.02,76.35,47313168.0
2026-01-26,510300,4.712,4.76,4.694,4.712,59398529.0
2026-01-26,510500,8.763,8.787,8.517,8.564,16667265.0
2026-01-26,511010,140.352,140.38,140.311,140.322,14382.0
2026-01-26,518880,10.886,10.955,10.848,10.924,9604745.0
2026-01-26,600036,37.5,38.3,37.31,38.02,2166794.0
2026-01-26,600519,1340.51,1355.0,1325.12,1342.0,8016606.0
2026-01-26,600887,26.83,26.98,26.52,26.68,76041726.0
2026-01-26,600900,26.05,26.28,25.86,25.98,202869796.0
2026-01-26,600941,95.36,95.89,94.73,94.8,19469435.0
2026-01-26,601088,40.0,42.2,39.8,41.65,68574610.0
2026-01-26,601318,64.0,66.25,63.77,64.14,2013846.0
2026-01-26,601398,7.19,7.32,7.15,7.24,4550566.0
2026-01-26,601857,9.9,10.49,9.89,10.39,438585369.0
2026-01-27,000333,76.4,77.1,75.92,76.1,32580654.0
2026-01-27,510300,4.712,4.742,4.679,4.71,43391350.0
2026-01-27,510500,8.542,8.67,8.437,8.619,14746513.0
2026-01-27,511010,140.324,140.376,140.308,140.335,206811.0
2026-01-27,518880,10.883,10.946,10.848,10.934,7711073.0
2026-01-27,600036,38.06,38.51,37.87,38.1,1572406.0
2026-01-27,600519,1344.98,1353.7,1338.0,1343.01,4841596.0
2026-01-27,600887,26.69,26.78,26.37,26.37,67826730.0
2026-01-27,600900,25.98,26.14,25.86,25.93,131381483.0
2026-01-27,600941,94.82,95.09,94.25,94.26,14886467.0
2026-01-27,601088,41.66,42.17,40.51,40.65,37479207.0
2026-01-27,601318,64.31,66.35,64.27,65.31,1508841.0
2026-01-27,601398,7.24,7.37,7.21,7.23,4698081.0
2026-01-27,601857,10.39,10.69,10.31,10.44,287268218.0
2026-01-28,000333,76.09,76.36,75.0,75.34,62893723.0
2026-01-28,510300,4.725,4.743,4.704,4.725,84977823.0
2026-01-28,510500,8.645,8.72,8.595,8.691,25174466.0
2026-01-28,511010,140.316,140.364,140.315,140.357,20130.0
2026-01-28,518880,11.11,11.288,11.109,11.28,10662010.0
2026-01-28,600036,38.12,38.44,37.7,37.8,2041667.0
2026-01-28,600519,1343.04,1346.71,1322.01,1323.69,7621801.0
2026-01-28,600887,26.43,26.48,26.08,26.14,81613572.0
2026-01-28,600900,25.93,25.94,25.61,25.65,232649760.0
2026-01-28,600941,94.26,96.13,93.8,95.7,23571562.0
2026-01-28,601088,40.8,41.84,40.36,41.18,65193036.0
2026-01-28,601318,65.87,66.05,64.43,64.75,1992854.0
2026-01-28,601398,7.21,7.29,7.16,7.2,4564563.0
2026-01-28,601857,10.6,11.08,10.53,10.77,494794028.0
2026-01-29,000333,75.7,78.08,75.47,77.88,62244106.0
2026-01-29,510300,4.724,4.779,4.704,4.768,35456647.0
2026-01-29,510500,8.661,8.754,8.574,8.591,13734677.0
2026-01-29,511010,140.364,140.506,140.352,140.443,174755.0
2026-01-29,518880,11.918,11.977,11.796,11.904,14971079.0
2026-01-29,600036,37.88,38.65,37.55,38.53,1999982.0
2026-01-29,600519,1335.0,1445.0,1329.06,1437.72,18953440.0
2026-01-29,600887,26.1,26.84,25.8,26.83,145816433.0
2026-01-29,600900,25.65,26.2,25.38,26.03,261623032.0
2026-01-29,600941,95.34,97.0,94.71,96.98,20905474.0
2026-01-29,601088,41.3,41.64,40.52,41.38,44464359.0
2026-01-29,601318,65.03,68.03,64.53,68.0,2755713.0
2026-01-29,601398,7.19,7.3,7.16,7.26,4380996.0
2026-01-29,601857,10.9,11.0,10.53,10.89,422473957.0
2026-01-30,000333,77.6,79.0,77.4,77.59,53250829.0
2026-01-30,510300,4.736,4.758,4.642,4.711,16702748.0
2026-01-30,510500,8.518,8.594,8.232,8.44,12838777.0
2026-01-30,511010,140.444,140.497,140.406,140.429,9467.0
2026-01-30,518880,11.471,11.533,10.8,11.009,23016097.0
2026-01-30,600036,38.53,39.17,38.53,38.67,1660843.0
2026-01-30,600519,1435.0,1435.0,1401.0,1401.0,9447974.0
2026-01-30,600887,26.7,26.8,26.33,26.34,77733695.0
2026-01-30,600900,26.04,26.57,26.04,26.36,223849239.0
2026-01-30,600941,96.88,97.6,96.22,96.38,13752638.0
2026-01-30,601088,41.37,42.46,41.18,41.93,44267066.0
2026-01-30,601318,68.01,68.69,66.39,66.75,1603228.0
2026-01-30,601398,7.27,7.39,7.22,7.25,4607414.0
2026-01-30,601857,10.93,11.15,10.74,11.02,421390527.0
2026-02-02,000333,77.6,78.48,77.0,77.85,34591579.0
2026-02-02,510300,4.68,4.719,4.591,4.6,26511344.0
2026-02-02,510500,8.33,8.4,8.045,8.049,19473869.0
2026-02-02,511010,140.449,140.477,140.4,140.432,203063.0
2026-02-02,518880,9.908,10.245,9.908,9.908,18998204.0
2026-02-02,600036,38.88,39.3,38.41,38.45,1384979.0
2026-02-02,600519,1425.0,1458.58,1411.62,1427.0,8572427.0
2026-02-02,600887,26.67,26.84,26.36,26.45,74101417.0
2026-02-02,600900,26.49,26.55,26.09,26.14,124225665.0
2026-02-02,600941,93.1,93.42,91.51,92.66,32136246.0
2026-02-02,601088,41.65,41.65,40.02,40.21,43835204.0
2026-02-02,601318,66.35,68.33,65.73,66.02,1354549.0
2026-02-02,601398,7.26,7.39,7.25,7.32,5411791.0
2026-02-02,601857,10.7,10.97,10.59,10.68,323679303.0
2026-02-03,000333,77.8,78.89,77.43,77.91,34503710.0
2026-02-03,510300,4.64,4.668,4.585,4.664,10529446.0
2026-02-03,510500,8.186,8.375,8.132,8.366,9366022.0
2026-02-03,511010,140.414,140.495,140.375,140.481,17589.0
2026-02-03,518880,10.355,10.461,10.105,10.422,21009167.0
2026-02-03,600036,38.67,38.67,38.14,38.3,842792.0
2026-02-03,600519,1445.0,1476.81,1443.03,1474.92,8632066.0
2026-02-03,600887,26.42,26.73,26.37,26.6,57156633.0
2026-02-03,600900,26.2,26.23,25.91,26.0,88543815.0
2026-02-03,600941,92.66,92.8,91.88,92.07,15162510.0
2026-02-03,601088,40.25,40.48,39.52,39.6,38860258.0
2026-02-03,601318,66.9,67.4,65.62,66.58,1033225.0
2026-02-03,601398,7.3,7.31,7.15,7.18,4492108.0
2026-02-03,601857,10.65,10.68,10.33,10.47,232654985.0
2026-02-04,000333,78.1,79.88,78.01,79.81,38910259.0
2026-02-04,510300,4.652,4.709,4.643,4.707,10525059.0
2026-02-04,510500,8.36,8.395,8.249,8.388,12287970.0
2026-02-04,511010,140.5,140.5,140.436,140.466,201750.0
2026-02-04,518880,10.795,10.904,10.738,10.867,14242989.0
2026-02-04,600036,38.3,39.02,38.26,39.01,1021316.0
2026-02-04,600519,1485.0,1533.27,1474.0,1525.0,10912293.0
2026-02-04,600887,26.64,27.04,26.61,27.01,60968829.0
2026-02-04,600900,25.97,26.39,25.95,26.38,95705181.0
2026-02-04,600941,92.01,95.0,91.98,94.93,19485059.0
2026-02-04,601088,39.65,42.6,39.65,42.42,88248310.0
2026-02-04,601318,66.45,67.45,66.23,67.4,877403.0
2026-02-04,601398,7.18,7.29,7.17,7.24,3084844.0
2026-02-04,601857,10.68,10.7,10.46,10.56,181563270.0
2026-02-05,000333,79.83,81.16,79.63,80.45,42919791.0
2026-02-05,510300,4.68,4.695,4.645,4.679,9339829.0
2026-02-05,510500,8.3,8.313,8.147,8.217,9552432.0
2026-02-05,511010,140.466,140.552,140.435,140.55,7987.0
2026-02-05,518880,10.61,10.695,10.3,10.523,19090455.0
2026-02-05,600036,38.94,39.92,38.91,39.71,1218895.0
2026-02-05,600519,1520.0,1565.0,1515.0,1555.0,9162274.0
2026-02-05,600887,27.1,27.35,26.95,27.21,67557938.0
2026-02-05,600900,26.42,26.69,26.35,26.6,103244750.0
2026-02-05,600941,94.93,95.95,94.7,95.36,10909588.0
2026-02-05,601088,41.9,42.35,41.18,41.86,36101377.0
2026-02-05,601318,67.17,67.99,66.16,67.35,908191.0
2026-02-05,601398,7.25,7.32,7.23,7.3,3101575.0
2026-02-05,601857,10.61,10.64,10.31,10.53,162249636.0
2026-02-06,000333,80.43,80.8,79.4,79.54,31256590.0
2026-02-06,510300,4.643,4.691,4.61,4.649,8816737.0
2026-02-06,510500,8.105,8.33,8.075,8.213,9399366.0
2026-02-06,511010,140.6,140.6,140.513,140.586,12868.0
2026-02-06,518880,10.079,10.523,10.05,10.357,18412790.0
2026-02-06,600036,39.7,39.95,39.31,39.6,802980.0
2026-02-06,600519,1555.0,1568.0,1505.88,1515.01,7896538.0
2026-02-06,600887,27.24,27.48,27.0,27.08,56776904.0
2026-02-06,600900,26.6,26.77,26.38,26.52,72562680.0
2026-02-06,600941,95.52,95.75,94.83,95.11,8132271.0
2026-02-06,601088,41.43,42.19,41.05,41.67,25180416.0
2026-02-06,601318,66.88,67.61,66.42,66.9,749275.0
2026-02-06,601398,7.31,7.35,7.22,7.26,2514601.0
2026-02-06,601857,10.3,10.8,10.3,10.77,198501991.0
2026-02-09,000333,79.18,79.34,78.41,79.16,33466953.0
2026-02-09,510300,4.695,4.73,4.686,4.727,7011195.0
2026-02-09,510500,8.35,8.397,8.306,8.395,5942628.0
2026-02-09,511010,140.58,140.677,140.543,140.672,8479.0
2026-02-09,518880,10.72,10.75,10.61,10.719,11612227.0
2026-02-09,600036,39.6,39.74,39.33,39.48,658949.0
2026-02-09,600519,1518.0,1542.88,1513.49,1524.96,5116846.0
2026-02-09,600887,27.0,27.28,26.98,27.08,43155273.0
2026-02-09,600900,26.53,26.57,26.28,26.46,67829125.0
2026-02-09,600941,95.17,95.24,94.07,94.24,11119937.0
2026-02-09,601088,41.87,42.44,41.58,42.21,24141492.0
2026-02-09,601318,67.45,69.1,67.11,68.7,1021237.0
2026-02-09,601398,7.25,7.29,7.21,7.28,2032530.0
2026-02-09,601857,10.69,10.78,10.65,10.75,123678826.0
2026-02-10,000333,79.21,80.28,78.88,80.19,30618408.0
2026-02-10,510300,4.733,4.739,4.72,4.733,6804617.0
2026-02-10,510500,8.395,8.404,8.329,8.377,3443425.0
2026-02-10,511010,140.68,140.692,140.579,140.669,5421.0
2026-02-10,518880,10.686,10.733,10.661,10.669,7026001.0
2026-02-10,600036,39.49,39.56,39.31,39.34,495965.0
2026-02-10,600519,1524.97,1524.97,1496.5,1504.8,3957596.0
2026-02-10,600887,27.03,27.03,26.64,26.75,56476485.0
2026-02-10,600900,26.46,26.6,26.37,26.57,55920101.0
2026-02-10,600941,94.2,94.57,93.51,93.85,12150268.0
2026-02-10,601088,42.21,42.6,42.02,42.48,21325203.0
2026-02-10,601318,68.71,68.8,67.8,68.19,548735.0
2026-02-10,601398,7.28,7.34,7.26,7.3,1948048.0
2026-02-10,601857,10.79,10.92,10.73,10.76,110662936.0
2026-02-11,000333,80.0,80.21,79.6,79.69,19806640.0
2026-02-11,510300,4.727,4.732,4.714,4.723,3720787.0
2026-02-11,510500,8.355,8.457,8.355,8.411,2952357.0
2026-02-11,511010,140.675,140.743,140.668,140.733,6064.0
2026-02-11,518880,10.704,10.765,10.7,10.758,6818267.0
2026-02-11,600036,39.36,39.45,39.2,39.4,528817.0
2026-02-11,600519,1504.8,1514.0,1496.0,1504.33,3092846.0
2026-02-11,600887,26.8,26.98,26.69,26.87,36605157.0
2026-02-11,600900,26.58,26.59,26.41,26.48,53388246.0
2026-02-11,600941,93.87,94.33,93.87,94.15,5203399.0
2026-02-11,601088,42.67,42.98,42.13,42.86,19087988.0
2026-02-11,601318,68.25,68.68,67.06,67.5,618032.0
2026-02-11,601398,7.32,7.32,7.27,7.29,1388031.0
2026-02-11,601857,10.77,10.88,10.64,10.85,114935658.0
2026-02-12,000333,79.46,80.06,79.3,79.8,18878441.0
2026-02-12,510300,4.729,4.735,4.716,4.727,3980124.0
2026-02-12,510500,8.41,8.527,8.41,8.514,3976171.0
2026-02-12,511010,140.729,140.798,140.703,140.791,6040.0
2026-02-12,518880,10.72,10.752,10.7,10.72,6004794.0
2026-02-12,600036,39.4,39.42,38.73,38.99,777526.0
2026-02-12,600519,1500.2,1502.82,1473.36,1486.6,4624582.0
2026-02-12,600887,26.84,26.86,26.56,26.61,34447975.0
2026-02-12,600900,26.27,26.3,26.05,26.12,73734237.0
2026-02-12,600941,94.19,94.28,93.1,93.29,8570652.0
2026-02-12,601088,42.85,43.07,42.4,42.56,22467106.0
2026-02-12,601318,67.6,67.68,66.35,66.54,646372.0
2026-02-12,601398,7.29,7.3,7.17,7.18,3530837.0
2026-02-12,601857,10.89,11.12,10.82,11.04,162643191.0
2026-02-13,000333,79.51,80.0,78.91,79.05,25510243.0
2026-02-13,510300,4.714,4.714,4.667,4.671,13673572.0
2026-02-13,510500,8.474,8.496,8.361,8.373,10173966.0
2026-02-13,511010,140.89,140.91,140.77,140.845,18809.0
2026-02-13,518880,10.582,10.617,10.508,10.575,7693923.0
2026-02-13,600036,38.95,39.09,38.63,38.71,705370.0
2026-02-13,600519,1486.6,1507.8,1470.58,1485.3,4167901.0
2026-02-13,600887,26.7,26.7,26.46,26.48,33469500.0
2026-02-13,600900,26.13,26.18,25.95,26.0,71554068.0
2026-02-13,600941,93.35,93.47,92.56,92.61,8873030.0
2026-02-13,601088,42.56,42.58,41.11,41.45,31472002.0
2026-02-13,601318,66.15,66.35,65.06,65.29,840772.0
2026-02-13,601398,7.19,7.2,7.11,7.11,3173925.0
2026-02-13,601857,10.8,10.8,10.45,10.54,260460221.0
2026-02-24,000333,80.2,80.6,79.52,79.52,25251393.0
2026-02-24,510300,4.725,4.736,4.705,4.716,6242456.0
2026-02-24,510500,8.471,8.534,8.403,8.469,4388049.0
2026-02-24,511010,140.835,140.885,140.804,140.861,10633.0
2026-02-24,518880,10.92,10.998,10.903,10.95,7523137.0
2026-02-24,600036,39.2,39.41,38.82,38.94,754674.0
2026-02-24,600519,1521.0,1524.4,1463.6,1466.8,4191253.0
2026-02-24,600887,26.61,26.63,26.16,26.37,43522038.0
2026-02-24,600900,26.13,26.16,25.98,26.05,73078939.0
2026-02-24,600941,93.0,94.8,92.77,94.67,12411311.0
2026-02-24,601088,41.73,42.69,41.73,42.52,25499964.0
2026-02-24,601318,65.77,66.25,64.37,64.5,800053.0
2026-02-24,601398,7.13,7.15,7.05,7.06,2966280.0
2026-02-24,601857,10.9,11.25,10.9,11.09,325198773.0
2026-02-25,000333,80.28,80.77,79.29,79.7,28552395.0
2026-02-25,510300,4.717,4.778,4.716,4.75,8734031.0
2026-02-25,510500,8.48,8.633,8.479,8.602,7358841.0
2026-02-25,511010,140.861,140.861,140.737,140.745,9877.0
2026-02-25,518880,10.953,10.992,10.92,10.959,6074773.0
2026-02-25,600036,38.9,39.15,38.72,38.78,723971.0
2026-02-25,600519,1470.0,1509.66,1467.88,1491.66,3688067.0
2026-02-25,600887,26.37,26.65,26.22,26.3,48488882.0
2026-02-25,600900,26.08,26.2,25.95,25.97,95620954.0
2026-02-25,600941,94.52,94.84,93.97,94.23,9082250.0
2026-02-25,601088,42.53,42.8,42.05,42.18,22881117.0
2026-02-25,601318,64.7,65.74,64.7,65.05,683556.0
2026-02-25,601398,7.06,7.07,7.03,7.05,2192894.0
2026-02-25,601857,11.14,11.29,10.93,10.99,250362086.0
2026-02-26,000333,80.15,80.2,78.75,79.25,25327062.0
2026-02-26,510300,4.751,4.754,4.712,4.735,7663721.0
2026-02-26,510500,8.623,8.656,8.561,8.63,8055576.0
2026-02-26,511010,140.745,140.753,140.597,140.61,8914.0
2026-02-26,518880,10.939,10.944,10.896,10.913,4377670.0
2026-02-26,600036,38.8,39.02,38.5,38.7,593325.0
2026-02-26,600519,1486.6,1489.49,1464.67,1466.21,3295801.0
2026-02-26,600887,26.31,26.35,26.08,26.12,44462287.0
2026-02-26,600900,25.98,26.09,25.93,26.04,61977169.0
2026-02-26,600941,94.28,94.53,93.41,93.97,7667222.0
2026-02-26,601088,42.18,42.77,41.74,41.83,17143447.0
2026-02-26,601318,65.5,65.53,63.29,63.5,1036146.0
2026-02-26,601398,7.06,7.07,6.93,6.96,3678153.0
2026-02-26,601857,10.92,11.06,10.78,10.89,135284180.0
2026-02-27,000333,79.03,79.5,78.5,78.64,20160388.0
2026-02-27,510300,4.72,4.732,4.7,4.725,6062453.0
2026-02-27,510500,8.58,8.739,8.58,8.737,4820349.0
2026-02-27,511010,140.61,140.701,140.595,140.698,116101.0
2026-02-27,518880,10.92,10.95,10.911,10.933,4631264.0
2026-02-27,600036,38.75,38.95,38.64,38.75,637035.0
2026-02-27,600519,1466.99,1476.21,1455.02,1455.02,3216016.0
2026-02-27,600887,26.13,26.26,26.01,26.08,39534029.0
2026-02-27,600900,26.05,26.18,26.02,26.04,91903782.0
2026-02-27,600941,93.96,94.32,93.61,94.31,6168634.0
2026-02-27,601088,41.9,42.45,41.68,42.26,20799222.0
2026-02-27,601318,63.6,63.74,63.06,63.09,633012.0
2026-02-27,601398,6.94,6.95,6.91,6.92,2439315.0
2026-02-27,601857,10.88,10.96,10.8,10.86,161376123.0
2026-03-02,000333,78.0,78.06,76.7,77.45,27478559.0
2026-03-02,510300,4.694,4.743,4.674,4.739,12423675.0
2026-03-02,510500,8.682,8.773,8.62,8.733,7723957.0
2026-03-02,511010,140.699,140.819,140.699,140.819,8054.0
2026-03-02,518880,11.368,11.419,11.214,11.417,11300972.0
2026-03-02,600036,38.6,38.87,38.42,38.67,685473.0
2026-03-02,600519,1450.0,1457.0,1436.66,1440.11,3545386.0
2026-03-02,600887,25.95,26.14,25.66,26.0,57790563.0
2026-03-02,600900,26.12,26.65,26.12,26.57,181772888.0
2026-03-02,600941,93.9,95.96,93.7,95.58,15765735.0
2026-03-02,601088,43.09,44.88,42.46,44.73,80140749.0
2026-03-02,601318,62.41,63.11,61.7,62.35,1010862.0
2026-03-02,601398,6.9,6.99,6.85,6.96,3738087.0
2026-03-02,601857,11.8,11.95,11.33,11.95,875237463.0
2026-03-03,000333,77.46,77.64,76.5,76.56,28800034.0
2026-03-03,510300,4.741,4.751,4.665,4.678,9665579.0
2026-03-03,510500,8.74,8.74,8.335,8.375,6797897.0
2026-03-03,511010,140.819,140.825,140.77,140.808,15663.0
2026-03-03,518880,11.418,11.418,11.202,11.259,9692849.0
2026-03-03,600036,38.66,39.55,38.56,39.18,1384656.0
2026-03-03,600519,1440.1,1452.87,1422.13,1426.19,4589086.0
2026-03-03,600887,26.0,26.26,25.78,25.93,55289165.0
2026-03-03,600900,26.57,27.1,26.53,26.97,214554653.0
2026-03-03,600941,95.67,96.44,95.28,95.63,13622932.0
2026-03-03,601088,44.7,46.61,43.95,45.81,85249667.0
2026-03-03,601318,62.45,63.72,61.93,62.57,1095535.0
2026-03-03,601398,6.95,7.15,6.91,7.12,5707117.0
2026-03-03,601857,12.31,13.15,12.3,13.15,917467579.0
2026-03-04,000333,76.0,76.52,75.37,76.16,28493355.0
2026-03-04,510300,4.64,4.65,4.587,4.61,8292240.0
2026-03-04,510500,8.241,8.466,8.237,8.317,5269815.0
2026-03-04,511010,140.825,140.94,140.802,140.929,6088.0
2026-03-04,518880,11.0,11.085,10.926,10.98,9979812.0
2026-03-04,600036,39.01,39.03,38.01,38.6,1151939.0
2026-03-04,600519,1415.0,1423.0,1392.09,1401.18,4801443.0
2026-03-04,600887,25.81,25.85,25.45,25.62,52514187.0
2026-03-04,600900,26.8,27.19,26.52,27.09,175735443.0
2026-03-04,600941,95.6,95.61,93.72,94.41,13414803.0
2026-03-04,601088,45.0,46.31,43.66,46.11,70864863.0
2026-03-04,601318,62.2,62.56,60.65,61.79,1008134.0
2026-03-04,601398,7.1,7.12,7.01,7.08,3788681.0
2026-03-04,601857,13.69,13.69,11.84,13.24,1074717349.0
2026-03-05,000333,76.6,76.99,76.12,76.27,19687239.0
2026-03-05,510300,4.647,4.678,4.639,4.654,5684210.0
2026-03-05,510500,8.433,8.459,8.311,8.371,5521642.0
2026-03-05,511010,140.93,140.933,140.833,140.87,102599.0
2026-03-05,518880,10.98,11.014,10.889,10.964,6536802.0
2026-03-05,600036,38.66,39.24,38.63,39.15,783370.0
2026-03-05,600519,1406.0,1412.96,1395.0,1399.04,3050524.0
2026-03-05,600887,25.69,26.04,25.61,25.67,35465651.0
2026-03-05,600900,26.98,27.24,26.84,27.08,132914871.0
2026-03-05,600941,94.4,95.96,94.08,95.61,11680515.0
2026-03-05,601088,45.65,46.3,44.6,45.88,51223726.0
2026-03-05,601318,62.01,62.72,61.8,62.08,546365.0
2026-03-05,601398,7.04,7.14,7.03,7.11,2642049.0
2026-03-05,601857,12.65,13.18,12.28,12.69,706713624.0
2026-03-06,000333,76.22,76.72,75.76,76.52,20662879.0
2026-03-06,510300,4.64,4.682,4.624,4.667,5043759.0
2026-03-06,510500,8.31,8.469,8.31,8.421,3177456.0
2026-03-06,511010,140.873,140.913,140.873,140.906,257192.0
2026-03-06,518880,10.834,10.937,10.831,10.873,4916712.0
2026-03-06,600036,39.1,39.32,38.95,39.2,465957.0
2026-03-06,600519,1395.0,1407.5,1388.0,1402.0,2915415.0
2026-03-06,600887,25.62,26.28,25.58,26.21,54864924.0
2026-03-06,600900,27.06,27.15,26.98,27.14,87836924.0
2026-03-06,600941,95.17,95.91,94.95,95.61,7754071.0
2026-03-06,601088,45.6,46.2,45.0,45.83,31082645.0
2026-03-06,601318,61.79,63.35,61.66,62.67,574633.0
2026-03-06,601398,7.11,7.18,7.07,7.11,2162797.0
2026-03-06,601857,12.38,12.65,12.07,12.3,510391825.0
2026-03-09,000333,75.73,76.1,75.02,75.41,25947837.0
2026-03-09,510300,4.623,4.638,4.56,4.629,8380983.0
2026-03-09,510500,8.298,8.38,8.124,8.356,4694397.0
2026-03-09,511010,140.908,140.912,140.72,140.737,97514.0
2026-03-09,518880,10.858,10.95,10.793,10.868,8012132.0
2026-03-09,600036,38.9,39.18,38.75,38.79,766775.0
2026-03-09,600519,1390.0,1404.9,1383.2,1397.0,3744162.0
2026-03-09,600887,26.04,26.4,25.85,26.28,57850458.0
2026-03-09,600900,27.16,27.63,27.09,27.2,207502799.0
2026-03-09,600941,95.31,96.44,94.98,95.21,13461340.0
2026-03-09,601088,47.5,49.59,47.5,47.95,88347277.0
2026-03-09,601318,61.44,61.52,60.01,61.4,930368.0
2026-03-09,601398,7.08,7.18,7.07,7.1,3340481.0
2026-03-09,601857,13.48,13.48,12.91,12.92,817445288.0
2026-03-10,000333,75.75,76.84,75.75,76.6,20908556.0
2026-03-10,510300,4.642,4.689,4.641,4.683,5460125.0
2026-03-10,510500,8.44,8.492,8.391,8.481,4355739.0
2026-03-10,511010,140.762,140.795,140.68,140.745,23681.0
2026-03-10,518880,10.963,10.991,10.943,10.956,4379329.0
2026-03-10,600036,38.94,39.24,38.8,39.22,613717.0
2026-03-10,600519,1404.9,1409.49,1398.0,1401.88,2462592.0
2026-03-10,600887,26.28,26.54,26.25,26.4,48592356.0
2026-03-10,600900,27.01,27.24,26.73,27.15,119285715.0
2026-03-10,600941,95.16,95.42,94.53,95.4,8373598.0
2026-03-10,601088,45.99,47.19,45.9,46.18,47132080.0
2026-03-10,601318,61.86,62.38,61.72,62.09,462184.0
2026-03-10,601398,7.08,7.09,7.02,7.04,2713752.0
2026-03-10,601857,12.18,12.3,11.78,11.99,524362917.0
2026-03-11,000333,76.6,77.72,76.1,77.39,25135764.0
2026-03-11,510300,4.686,4.719,4.682,4.711,5937122.0
2026-03-11,510500,8.489,8.519,8.441,8.468,3852283.0
2026-03-11,511010,140.732,140.755,140.689,140.735,36833.0
2026-03-11,518880,11.026,11.028,10.964,10.974,4754957.0
2026-03-11,600036,39.3,39.5,38.95,39.5,689407.0
2026-03-11,600519,1402.99,1405.99,1398.02,1400.0,2445673.0
2026-03-11,600887,26.46,26.46,26.23,26.44,30153877.0
2026-03-11,600900,27.15,27.31,26.95,27.3,89744546.0
2026-03-11,600941,95.41,96.88,95.34,96.59,13763585.0
2026-03-11,601088,45.8,48.06,45.51,47.83,43429537.0
2026-03-11,601318,62.09,62.91,61.8,62.55,517270.0
2026-03-11,601398,7.04,7.12,7.02,7.12,2376946.0
2026-03-11,601857,11.78,12.16,11.65,12.13,474054564.0
2026-03-12,000333,77.3,77.75,76.93,77.4,19330478.0
2026-03-12,510300,4.711,4.711,4.665,4.694,3433836.0
2026-03-12,510500,8.452,8.495,8.354,8.426,3256224.0
2026-03-12,511010,140.699,140.765,140.698,140.739,51026.0
2026-03-12,518880,10.928,10.956,10.892,10.938,3892379.0
2026-03-12,600036,39.45,39.58,39.33,39.5,527723.0
2026-03-12,600519,1395.0,1403.95,1391.01,1392.0,2758646.0
2026-03-12,600887,26.43,26.76,26.28,26.71,53204961.0
2026-03-12,600900,27.32,27.5,27.16,27.5,107896209.0
2026-03-12,600941,96.66,96.99,96.25,96.44,7558867.0
2026-03-12,601088,48.25,49.8,47.7,49.26,56922537.0
2026-03-12,601318,62.15,62.43,61.22,61.6,668542.0
2026-03-12,601398,7.12,7.17,7.09,7.16,2523397.0
2026-03-12,601857,12.33,12.39,11.95,12.23,403531840.0
2026-03-13,000333,76.95,77.46,76.65,76.86,18729288.0
2026-03-13,510300,4.672,4.716,4.67,4.677,3251129.0
2026-03-13,510500,8.362,8.447,8.29,8.311,1982291.0
2026-03-13,511010,140.757,140.8,140.726,140.772,13807.0
2026-03-13,518880,10.852,10.88,10.791,10.802,3885245.0
2026-03-13,600036,39.46,40.05,39.35,39.76,765277.0
2026-03-13,600519,1392.48,1417.62,1392.0,1413.64,3360783.0
2026-03-13,600887,26.71,26.94,26.61,26.71,49417144.0
2026-03-13,600900,27.5,27.63,27.35,27.42,94277629.0
2026-03-13,600941,96.39,98.17,96.24,97.89,17324106.0
2026-03-13,601088,49.41,49.68,48.43,48.92,39552105.0
2026-03-13,601318,61.37,61.87,61.08,61.2,458041.0
2026-03-13,601398,7.16,7.22,7.11,7.2,3033502.0
2026-03-13,601857,12.32,12.39,11.96,12.05,344813861.0
2026-03-16,000333,76.52,76.88,75.68,76.64,20560029.0
2026-03-16,510300,4.675,4.686,4.632,4.68,4038627.0
2026-03-16,510500,8.298,8.308,8.124,8.259,3928895.0
2026-03-16,511010,140.775,140.8,140.665,140.678,148540.0
2026-03-16,518880,10.63,10.7,10.605,10.664,4789247.0
2026-03-16,600036,39.77,40.04,39.64,39.91,610945.0
2026-03-16,600519,1420.0,1466.0,1420.0,1460.18,6008635.0
2026-03-16,600887,26.71,26.95,26.65,26.84,38830548.0
2026-03-16,600900,27.42,27.5,27.24,27.36,87203787.0
2026-03-16,600941,97.89,98.78,97.6,97.7,12724313.0
2026-03-16,601088,49.11,49.33,47.9,48.49,31934402.0
2026-03-16,601318,61.2,61.36,60.1,60.48,818596.0
2026-03-16,601398,7.2,7.3,7.18,7.25,3068283.0
2026-03-16,601857,12.09,12.26,11.96,11.99,252780850.0
2026-03-17,000333,76.98,77.6,76.6,76.6,21407454.0
2026-03-17,510300,4.686,4.731,4.645,4.646,7233377.0
2026-03-17,510500,8.265,8.29,8.074,8.078,3492036.0
2026-03-17,511010,140.688,140.724,140.67,140.68,27101.0
2026-03-17,518880,10.632,10.696,10.63,10.637,3535282.0
2026-03-17,600036,39.89,40.36,39.83,40.12,656229.0
2026-03-17,600519,1468.0,1498.07,1461.19,1485.0,4945361.0
2026-03-17,600887,26.84,27.05,26.71,26.87,51642564.0
2026-03-17,600900,27.32,27.57,27.28,27.49,85028895.0
2026-03-17,600941,97.7,98.35,97.39,97.74,7889209.0
2026-03-17,601088,48.01,48.65,47.21,47.74,37514190.0
2026-03-17,601318,60.59,62.8,60.58,61.84,901850.0
2026-03-17,601398,7.25,7.4,7.24,7.39,3644573.0
2026-03-17,601857,11.87,12.12,11.8,12.02,279883778.0
2026-03-18,000333,76.74,77.3,76.3,77.06,20071638.0
2026-03-18,510300,4.652,4.67,4.616,4.662,7702627.0
2026-03-18,510500,8.11,8.168,8.023,8.156,4921480.0
2026-03-18,511010,140.69,140.819,140.63,140.818,13928.0
2026-03-18,518880,10.638,10.639,10.57,10.606,3544273.0
2026-03-18,600036,40.13,40.32,39.79,39.92,705831.0
2026-03-18,600519,1489.0,1496.5,1463.15,1468.8,3555100.0
2026-03-18,600887,27.03,27.05,26.51,26.68,45363862.0
2026-03-18,600900,27.48,27.65,27.24,27.29,80028992.0
2026-03-18,600941,97.73,97.91,96.91,97.78,7197774.0
2026-03-18,601088,47.74,48.3,46.72,47.48,32113851.0
2026-03-18,601318,61.87,62.32,61.5,61.89,490471.0
2026-03-18,601398,7.39,7.46,7.33,7.39,3794730.0
2026-03-18,601857,11.87,11.93,11.61,11.86,215985694.0
2026-03-19,000333,76.43,76.98,75.93,76.0,23272907.0
2026-03-19,510300,4.621,4.641,4.581,4.599,7722418.0
2026-03-19,510500,8.04,8.073,7.906,7.945,3918003.0
2026-03-19,511010,140.81,140.904,140.772,140.894,244510.0
2026-03-19,518880,10.283,10.345,10.08,10.126,8783621.0
2026-03-19,600036,39.88,40.04,39.7,39.77,650247.0
2026-03-19,600519,1472.96,1473.0,1446.0,1452.87,3031859.0
2026-03-19,600887,26.66,26.84,26.4,26.44,36879904.0
2026-03-19,600900,27.27,27.48,27.2,27.26,101525781.0
2026-03-19,600941,97.3,98.88,97.3,98.59,13999435.0
2026-03-19,601088,48.0,49.9,47.65,49.47,55845221.0
2026-03-19,601318,61.2,61.29,60.4,60.62,684722.0
2026-03-19,601398,7.36,7.55,7.35,7.53,5606764.0
2026-03-19,601857,12.1,12.52,12.07,12.48,543417355.0
2026-03-20,000333,75.92,76.15,75.12,75.12,21912595.0
2026-03-20,510300,4.598,4.635,4.573,4.576,7612736.0
2026-03-20,510500,7.96,8.012,7.809,7.812,7316340.0
2026-03-20,511010,140.888,140.888,140.845,140.853,188748.0
2026-03-20,518880,9.9,10.066,9.883,9.896,11917841.0
2026-03-20,600036,39.85,40.08,39.66,39.75,615803.0
2026-03-20,600519,1452.96,1462.5,1439.0,1445.0,2613234.0
2026-03-20,600887,26.45,26.71,26.39,26.39,34856405.0
2026-03-20,600900,27.26,27.39,27.02,27.18,84555509.0
2026-03-20,600941,98.34,98.39,96.13,96.25,14622352.0
2026-03-20,601088,48.61,49.78,48.31,49.55,43742251.0
2026-03-20,601318,60.8,60.9,59.7,59.74,620767.0
2026-03-20,601398,7.53,7.61,7.48,7.5,3912454.0
2026-03-20,601857,12.0,12.35,11.9,12.24,306407816.0
2026-03-23,000333,73.95,73.97,72.35,73.37,46200800.0
2026-03-23,510300,4.528,4.537,4.406,4.43,15234981.0
2026-03-23,510500,7.701,7.777,7.46,7.512,6748011.0
2026-03-23,511010,140.823,140.927,140.767,140.8,25126.0
2026-03-23,518880,9.488,9.5,8.906,8.941,19747659.0
2026-03-23,600036,39.58,39.7,38.55,38.68,957738.0
2026-03-23,600519,1433.33,1435.0,1400.03,1408.07,4725589.0
2026-03-23,600887,26.2,26.23,25.35,25.49,64046188.0
2026-03-23,600900,27.07,27.26,26.66,26.74,175727130.0
2026-03-23,600941,95.66,95.66,93.18,93.27,16630459.0
2026-03-23,601088,50.23,50.38,48.8,49.5,73594838.0
2026-03-23,601318,58.9,59.0,57.24,57.47,1253823.0
2026-03-23,601398,7.48,7.48,7.2,7.25,5023229.0
2026-03-23,601857,12.25,12.46,11.82,12.34,418973920.0
2026-03-24,000333,73.73,74.42,72.8,74.23,26714723.0
2026-03-24,510300,4.463,4.48,4.405,4.479,8504351.0
2026-03-24,510500,7.589,7.657,7.437,7.652,5910871.0
2026-03-24,511010,140.8,140.8,140.75,140.764,29171.0
2026-03-24,518880,9.21,9.303,9.105,9.299,14905165.0
2026-03-24,600036,38.8,39.32,38.73,39.25,616336.0
2026-03-24,600519,1416.0,1417.59,1400.18,1407.33,2856179.0
2026-03-24,600887,25.6,25.73,25.41,25.7,38907678.0
2026-03-24,600900,26.9,27.13,26.72,27.1,91076718.0
2026-03-24,600941,93.71,94.5,93.37,93.88,10142008.0
2026-03-24,601088,48.63,49.29,47.9,48.48,46562759.0
2026-03-24,601318,58.0,58.34,57.5,58.12,681870.0
2026-03-24,601398,7.26,7.39,7.25,7.32,3767729.0
2026-03-24,601857,12.0,12.1,11.83,11.99,322591319.0
2026-03-25,000333,74.5,74.97,73.95,74.8,18496362.0
2026-03-25,510300,4.51,4.549,4.504,4.544,8677126.0
2026-03-25,510500,7.7,7.879,7.698,7.826,5865893.0
2026-03-25,511010,140.181,140.31,140.166,140.237,103562.0
2026-03-25,518880,9.7,9.772,9.609,9.641,11786322.0
2026-03-25,600036,39.33,39.4,38.94,39.26,653817.0
2026-03-25,600519,1410.11,1417.87,1401.01,1410.27,2609346.0
2026-03-25,600887,25.83,25.97,25.73,25.88,26451962.0
2026-03-25,600900,27.15,27.27,26.92,27.21,86054505.0
2026-03-25,600941,93.2,94.15,93.18,93.85,8296088.0
2026-03-25,601088,47.48,47.5,46.6,47.25,57911108.0
2026-03-25,601318,58.5,59.36,58.42,58.79,562389.0
2026-03-25,601398,7.33,7.35,7.19,7.34,3375945.0
2026-03-25,601857,11.62,11.73,11.39,11.7,280217565.0
2026-03-26,000333,74.89,75.54,74.18,74.32,17708533.0
2026-03-26,510300,4.536,4.547,4.477,4.488,4742424.0
2026-03-26,510500,7.792,7.835,7.681,7.7,3201844.0
2026-03-26,511010,140.23,140.339,140.212,140.291,25678.0
2026-03-26,518880,9.628,9.637,9.358,9.45,11076213.0
2026-03-26,600036,39.15,39.69,39.14,39.56,616790.0
2026-03-26,600519,1409.0,1413.9,1400.3,1401.18,2309289.0
2026-03-26,600887,25.81,26.25,25.8,25.95,29023826.0
2026-03-26,600900,27.19,27.45,27.1,27.31,84501370.0
2026-03-26,600941,93.8,94.29,93.3,93.87,7376464.0
2026-03-26,601088,47.13,47.98,47.05,47.69,35922579.0
2026-03-26,601318,58.78,58.78,56.53,56.8,1011896.0
2026-03-26,601398,7.31,7.44,7.3,7.42,2634708.0
2026-03-26,601857,11.7,12.03,11.68,11.94,273889333.0
2026-03-27,000333,72.9,74.95,72.8,74.78,31912535.0
2026-03-27,510300,4.45,4.53,4.445,4.508,5626908.0
2026-03-27,510500,7.58,7.852,7.58,7.803,3963090.0
2026-03-27,511010,140.295,140.38,140.272,140.376,117229.0
2026-03-27,518880,9.358,9.528,9.358,9.494,7487073.0
2026-03-27,600036,39.5,39.7,39.25,39.44,468007.0
2026-03-27,600519,1400.0,1426.0,1396.66,1416.02,3008711.0
2026-03-27,600887,25.83,26.23,25.81,26.16,26642024.0
2026-03-27,600900,27.28,27.4,27.18,27.25,68551722.0
2026-03-27,600941,93.19,93.58,93.02,93.42,7448304.0
2026-03-27,601088,47.56,48.03,47.18,47.5,22546507.0
2026-03-27,601318,56.86,57.39,56.42,56.95,834379.0
2026-03-27,601398,7.41,7.47,7.37,7.4,2790676.0
2026-03-27,601857,11.94,12.1,11.83,12.07,218320072.0
2026-03-30,000333,73.35,74.0,71.77,72.1,45622715.0
2026-03-30,510300,4.462,4.505,4.453,4.5,5439943.0
2026-03-30,510500,7.706,7.836,7.665,7.818,4782422.0
2026-03-30,511010,140.385,140.486,140.385,140.464,108977.0
2026-03-30,518880,9.496,9.696,9.473,9.656,10467459.0
2026-03-30,600036,39.24,39.57,39.13,39.48,646054.0
2026-03-30,600519,1407.0,1431.0,1402.52,1420.0,2868459.0
2026-03-30,600887,25.97,26.47,25.93,26.4,31960199.0
2026-03-30,600900,27.25,27.25,27.01,27.14,69278060.0
2026-03-30,600941,93.0,93.53,92.29,93.4,9481343.0
2026-03-30,601088,47.89,48.43,47.62,47.82,28126523.0
2026-03-30,601318,56.34,56.55,55.84,56.33,737544.0
2026-03-30,601398,7.37,7.58,7.36,7.57,3715876.0
2026-03-30,601857,12.35,12.54,12.23,12.44,288820184.0
2026-03-31,000333,75.05,77.32,74.31,76.35,69491461.0
2026-03-31,510300,4.501,4.529,4.462,4.463,5305656.0
2026-03-31,510500,7.805,7.86,7.68,7.683,3683999.0
2026-03-31,511010,140.486,140.518,140.435,140.504,26502.0
2026-03-31,518880,9.751,9.836,9.697,9.699,9818017.0
2026-03-31,600036,39.54,39.73,39.28,39.32,663097.0
2026-03-31,600519,1468.0,1479.93,1448.41,1450.0,6169066.0
2026-03-31,600887,26.48,26.73,26.32,26.35,25987679.0
2026-03-31,600900,27.14,27.33,27.04,27.04,80258884.0
2026-03-31,600941,93.4,94.49,93.21,93.79,8758634.0
2026-03-31,601088,47.73,48.19,46.6,46.75,39112101.0
2026-03-31,601318,56.29,57.69,56.21,56.78,764114.0
2026-03-31,601398,7.57,7.69,7.55,7.64,3914735.0
2026-03-31,601857,12.44,12.62,12.17,12.19,234200410.0
2026-04-01,000333,76.5,77.4,76.34,76.84,27361577.0
2026-04-01,510300,4.52,4.542,4.501,4.534,5012281.0
2026-04-01,510500,7.815,7.85,7.755,7.809,3566686.0
2026-04-01,511010,140.503,140.503,140.37,140.385,90957.0
2026-04-01,518880,9.95,10.028,9.912,10.024,8356708.0
2026-04-01,600036,39.56,40.04,39.42,39.82,881526.0
2026-04-01,600519,1464.49,1469.99,1452.88,1459.44,2912514.0
2026-04-01,600887,26.58,26.58,26.18,26.33,29163243.0
2026-04-01,600900,27.12,27.12,26.84,26.88,90608171.0
2026-04-01,600941,94.15,94.32,93.58,93.85,7484273.0
2026-04-01,601088,46.33,47.48,45.87,46.62,33588680.0
2026-04-01,601318,57.58,58.29,57.54,58.18,684035.0
2026-04-01,601398,7.6,7.71,7.54,7.58,3308704.0
2026-04-01,601857,12.01,12.44,12.01,12.07,252735701.0
2026-04-02,000333,76.85,77.84,76.58,77.37,32631797.0
2026-04-02,510300,4.521,4.526,4.47,4.489,4663511.0
2026-04-02,510500,7.771,7.809,7.619,7.672,4864342.0
2026-04-02,511010,140.393,140.443,140.343,140.41,28037.0
2026-04-02,518880,10.0,10.0,9.641,9.738,13026467.0
2026-04-02,600036,39.86,39.92,39.58,39.76,534630.0
2026-04-02,600519,1459.44,1464.88,1452.1,1459.88,2106437.0
2026-04-02,600887,26.31,26.5,26.23,26.43,24744408.0
2026-04-02,600900,26.9,27.02,26.76,27.01,73984893.0
2026-04-02,600941,93.83,93.83,93.0,93.28,6099814.0
2026-04-02,601088,46.68,47.9,46.68,47.69,32237381.0
2026-04-02,601318,58.0,58.0,57.16,57.26,459794.0
2026-04-02,601398,7.57,7.69,7.56,7.63,2757483.0
2026-04-02,601857,12.2,12.39,12.15,12.35,258790147.0
2026-04-03,000333,77.3,77.35,76.2,76.35,17277260.0
2026-04-03,510300,4.495,4.506,4.446,4.454,4261096.0
2026-04-03,510500,7.697,7.707,7.581,7.603,2407769.0
2026-04-03,511010,140.417,140.495,140.417,140.476,15423.0
2026-04-03,518880,9.914,9.914,9.793,9.828,4242962.0
2026-04-03,600036,39.76,39.82,39.36,39.4,464485.0
2026-04-03,600519,1459.54,1469.96,1455.0,1460.0,2019373.0
2026-04-03,600887,26.38,26.43,26.15,26.31,22332065.0
2026-04-03,600900,27.0,27.0,26.66,26.7,65627680.0
2026-04-03,600941,93.29,93.49,92.69,93.02,7071686.0
2026-04-03,601088,47.7,47.88,47.03,47.58,21324148.0
2026-04-03,601318,57.58,57.77,57.24,57.25,343678.0
2026-04-03,601398,7.62,7.64,7.48,7.5,2452990.0
2026-04-03,601857,12.35,12.42,12.14,12.33,163410345.0
2026-04-07,000333,76.35,76.7,75.62,76.12,16382605.0
2026-04-07,510300,4.455,4.47,4.431,4.446,4285686.0
2026-04-07,510500,7.617,7.701,7.6,7.629,3281318.0
2026-04-07,511010,140.476,140.512,140.451,140.459,18288.0
2026-04-07,518880,9.845,9.867,9.781,9.837,5427848.0
2026-04-07,600036,39.39,39.6,38.96,38.99,528367.0
2026-04-07,600519,1460.05,1470.0,1435.05,1440.02,2415218.0
2026-04-07,600887,26.31,26.42,26.08,26.33,26823220.0
2026-04-07,600900,26.71,26.75,26.4,26.48,72627179.0
2026-04-07,600941,93.03,93.53,92.94,93.38,5472300.0
2026-04-07,601088,47.58,48.59,47.22,48.42,26435959.0
2026-04-07,601318,57.3,57.55,56.41,56.69,503858.0
2026-04-07,601398,7.51,7.52,7.36,7.4,2415504.0
2026-04-07,601857,12.3,12.68,12.15,12.56,178216138.0
2026-04-08,000333,76.95,77.25,76.35,76.73,28680412.0
2026-04-08,510300,4.519,4.604,4.517,4.602,9968846.0
2026-04-08,510500,7.82,8.029,7.815,8.026,11550045.0
2026-04-08,511010,140.44,140.44,140.3,140.387,70776.0
2026-04-08,518880,10.103,10.153,10.057,10.113,9943480.0
2026-04-08,600036,39.5,39.64,39.19,39.62,669498.0
2026-04-08,600519,1460.0,1469.08,1452.13,1465.02,3383610.0
2026-04-08,600887,26.38,26.55,26.32,26.44,43784533.0
2026-04-08,600900,26.52,26.58,26.39,26.58,80619977.0
2026-04-08,600941,93.51,93.99,93.41,93.99,7651651.0
2026-04-08,601088,47.45,47.49,46.13,46.76,50272881.0
2026-04-08,601318,58.0,59.65,58.0,59.45,1121527.0
2026-04-08,601398,7.37,7.38,7.2,7.32,4532728.0
2026-04-08,601857,11.75,12.07,11.61,11.98,357491873.0
2026-04-09,000333,76.4,77.02,75.9,76.52,23502394.0
2026-04-09,510300,4.573,4.586,4.56,4.572,7049553.0
2026-04-09,510500,7.961,8.009,7.908,7.964,6428258.0
2026-04-09,511010,140.387,140.446,140.355,140.404,25511.0
2026-04-09,518880,9.92,9.95,9.9,9.908,6552527.0
2026-04-09,600036,39.48,39.52,39.12,39.26,535854.0
2026-04-09,600519,1465.02,1465.02,1447.5,1460.49,2070476.0
2026-04-09,600887,26.35,26.36,26.02,26.12,26238408.0
2026-04-09,600900,26.58,26.58,26.31,26.39,69128454.0
2026-04-09,600941,93.75,93.78,93.36,93.64,5283533.0
2026-04-09,601088,46.8,47.3,46.58,46.79,22241764.0
2026-04-09,601318,59.0,59.0,58.3,58.74,570201.0
2026-04-09,601398,7.32,7.35,7.26,7.33,2530525.0
2026-04-09,601857,12.02,12.22,12.01,12.1,187144663.0
2026-04-10,000333,76.52,76.74,76.06,76.41,25837267.0
2026-04-10,510300,4.588,4.664,4.588,4.642,9063873.0
2026-04-10,510500,8.015,8.149,8.015,8.035,3800349.0
2026-04-10,511010,140.404,140.415,140.374,140.406,40741.0
2026-04-10,518880,9.995,10.03,9.954,9.972,5776953.0
2026-04-10,600036,39.32,39.38,39.13,39.21,543202.0
2026-04-10,600519,1459.14,1459.71,1441.1,1453.96,2886556.0
2026-04-10,600887,26.25,26.48,26.1,26.14,28061054.0
2026-04-10,600900,26.47,26.5,26.32,26.4,66558904.0
2026-04-10,600941,93.65,94.2,93.49,94.0,7198011.0
2026-04-10,601088,46.5,46.63,46.1,46.38,25677391.0
2026-04-10,601318,59.0,59.84,58.78,58.82,637912.0
2026-04-10,601398,7.31,7.34,7.28,7.31,1992449.0
2026-04-10,601857,12.02,12.07,11.94,11.99,157471370.0
2026-04-13,000333,76.03,76.47,75.58,75.78,18237520.0
2026-04-13,510300,4.629,4.66,4.623,4.652,3928926.0
2026-04-13,510500,7.985,8.059,7.978,8.028,4777283.0
2026-04-13,511010,140.412,140.458,140.38,140.442,30418.0
2026-04-13,518880,9.918,9.939,9.9,9.924,4285544.0
2026-04-13,600036,39.13,39.16,38.92,38.98,525145.0
2026-04-13,600519,1444.0,1446.5,1433.0,1443.31,2521364.0
2026-04-13,600887,26.09,26.1,25.84,25.96,30205736.0
2026-04-13,600900,26.39,26.43,26.24,26.42,62626392.0
2026-04-13,600941,93.77,93.83,93.46,93.66,5637325.0
2026-04-13,601088,46.7,46.7,46.08,46.32,23287020.0
2026-04-13,601318,58.2,58.21,57.61,57.75,684544.0
2026-04-13,601398,7.31,7.39,7.27,7.37,2292809.0
2026-04-13,601857,12.15,12.19,11.91,12.09,181109013.0
2026-04-14,000333,76.06,76.55,75.5,76.55,19578158.0
2026-04-14,510300,4.679,4.712,4.663,4.712,4276571.0
2026-04-14,510500,8.11,8.162,8.067,8.159,4368138.0
2026-04-14,511010,140.446,140.498,140.42,140.468,51408.0
2026-04-14,518880,9.999,10.012,9.968,10.011,4221605.0
2026-04-14,600036,39.0,39.18,38.95,39.13,503999.0
2026-04-14,600519,1442.6,1448.6,1435.0,1446.9,2423261.0
2026-04-14,600887,26.01,26.24,25.88,25.99,23552854.0
2026-04-14,600900,26.42,26.5,26.32,26.42,70116597.0
2026-04-14,600941,93.6,93.97,93.31,93.55,6360382.0
2026-04-14,601088,46.11,46.22,45.42,45.66,30157733.0
2026-04-14,601318,58.23,59.2,58.13,58.97,675142.0
2026-04-14,601398,7.35,7.48,7.33,7.46,2225027.0
2026-04-14,601857,11.96,11.99,11.87,11.93,141608570.0
2026-04-15,000333,76.55,77.88,76.2,77.49,31845072.0
2026-04-15,510300,4.732,4.746,4.684,4.694,6759806.0
2026-04-15,510500,8.22,8.235,8.095,8.111,4083180.0
2026-04-15,511010,140.45,140.609,140.448,140.601,33118.0
2026-04-15,518880,10.127,10.15,10.062,10.064,4897697.0
2026-04-15,600036,39.25,39.92,39.22,39.9,1052104.0
2026-04-15,600519,1444.98,1470.79,1442.0,1467.5,3455348.0
2026-04-15,600887,25.97,26.07,25.69,25.69,47938194.0
2026-04-15,600900,26.41,26.67,26.36,26.55,97056586.0
2026-04-15,600941,93.5,93.88,93.41,93.71,7742425.0
2026-04-15,601088,45.21,46.01,45.0,45.83,28206227.0
2026-04-15,601318,59.4,59.72,58.61,58.7,513713.0
2026-04-15,601398,7.45,7.52,7.42,7.5,2239976.0
2026-04-15,601857,11.77,11.8,11.64,11.76,164316711.0
2026-04-16,000333,77.77,78.44,77.4,77.9,23807803.0
2026-04-16,510300,4.704,4.747,4.7,4.746,8532344.0
2026-04-16,510500,8.13,8.271,8.125,8.253,4879686.0
2026-04-16,511010,140.606,140.697,140.568,140.687,29215.0
2026-04-16,518880,10.095,10.111,10.07,10.097,3762437.0
2026-04-16,600036,39.9,40.15,39.75,39.91,617258.0
2026-04-16,600519,1467.45,1477.41,1460.0,1462.84,2451284.0
2026-04-16,600887,25.7,25.73,25.56,25.6,46513850.0
2026-04-16,600900,26.56,26.7,26.52,26.55,71958595.0
2026-04-16,600941,93.69,93.97,93.58,93.66,5820771.0
2026-04-16,601088,45.82,46.07,45.35,45.53,27514442.0
2026-04-16,601318,58.71,59.03,58.25,58.52,544368.0
2026-04-16,601398,7.5,7.54,7.43,7.46,2276142.0
2026-04-16,601857,11.68,11.77,11.56,11.65,153649028.0
2026-04-17,000333,78.18,79.25,77.84,78.65,27735236.0
2026-04-17,510300,4.737,4.75,4.722,4.739,7361501.0
2026-04-17,510500,8.232,8.312,8.21,8.29,4629737.0
2026-04-17,511010,140.686,140.763,140.686,140.754,23830.0
2026-04-17,518880,10.0,10.071,9.99,10.029,3577189.0
2026-04-17,600036,39.85,39.9,39.5,39.52,587925.0
2026-04-17,600519,1400.0,1421.0,1399.87,1407.24,9682499.0
2026-04-17,600887,25.59,25.6,25.32,25.39,50340376.0
2026-04-17,600900,26.55,26.58,26.38,26.38,83606671.0
2026-04-17,600941,93.66,93.66,93.31,93.47,6039433.0
2026-04-17,601088,45.55,45.69,45.33,45.55,21478305.0
2026-04-17,601318,58.4,58.4,57.61,57.92,612324.0
2026-04-17,601398,7.45,7.49,7.43,7.44,1621136.0
2026-04-17,601857,11.66,11.7,11.48,11.53,132929702.0
2026-04-20,000333,78.4,79.9,78.05,79.58,27669979.0
2026-04-20,510300,4.735,4.777,4.728,4.765,7624578.0
2026-04-20,510500,8.281,8.394,8.278,8.355,9125416.0
2026-04-20,511010,140.756,140.795,140.72,140.739,56866.0
2026-04-20,518880,10.04,10.075,10.013,10.036,3558335.0
2026-04-20,600036,39.5,39.9,39.33,39.87,588776.0
2026-04-20,600519,1403.0,1413.94,1400.0,1410.89,3645139.0
2026-04-20,600887,25.35,25.57,25.28,25.51,39733188.0
2026-04-20,600900,26.41,26.84,26.41,26.84,95041799.0
2026-04-20,600941,93.31,93.38,93.2,93.3,5326728.0
2026-04-20,601088,45.6,45.74,45.16,45.23,22446511.0
2026-04-20,601318,57.87,58.67,57.74,58.54,633437.0
2026-04-20,601398,7.44,7.57,7.42,7.57,2394024.0
2026-04-20,601857,11.48,11.53,11.3,11.48,145719480.0
2026-04-21,000333,79.75,80.08,79.2,79.5,23879288.0
2026-04-21,510300,4.764,4.786,4.73,4.776,6361081.0
2026-04-21,510500,8.351,8.351,8.256,8.331,4613444.0
2026-04-21,511010,140.723,140.778,140.703,140.734,7982.0
2026-04-21,518880,10.07,10.072,10.003,10.01,3239029.0
2026-04-21,600036,39.91,40.15,39.86,39.87,545949.0
2026-04-21,600519,1411.0,1419.9,1410.0,1412.01,2175427.0
2026-04-21,600887,25.5,25.69,25.42,25.56,32219341.0
2026-04-21,600900,26.86,27.15,26.85,27.13,90443249.0
2026-04-21,600941,93.96,96.74,93.96,96.66,23160884.0
2026-04-21,601088,45.23,46.16,45.22,45.98,28987052.0
2026-04-21,601318,58.54,59.11,58.03,58.03,544020.0
2026-04-21,601398,7.57,7.68,7.57,7.62,2489230.0
2026-04-21,601857,11.44,11.55,11.41,11.47,113947785.0
2026-04-22,000333,79.5,79.63,78.87,79.3,20278160.0
2026-04-22,510300,4.76,4.813,4.756,4.811,10125926.0
2026-04-22,510500,8.283,8.457,8.283,8.455,6383224.0
2026-04-22,511010,140.774,140.843,140.766,140.837,29608.0
2026-04-22,518880,9.968,10.008,9.968,10.004,3642198.0
2026-04-22,600036,39.87,40.03,39.62,39.74,507595.0
2026-04-22,600519,1415.0,1419.0,1404.98,1409.5,2691593.0
2026-04-22,600887,25.58,25.58,25.28,25.29,44445929.0
2026-04-22,600900,27.13,27.13,26.82,26.86,74160924.0
2026-04-22,600941,96.1,96.9,95.52,95.82,9666666.0
2026-04-22,601088,45.98,46.8,45.8,45.87,35667641.0
2026-04-22,601318,58.03,58.6,57.65,58.03,579570.0
2026-04-22,601398,7.62,7.64,7.49,7.52,2208445.0
2026-04-22,601857,11.49,11.51,11.37,11.45,122940474.0
2026-04-23,000333,79.29,80.15,78.73,79.85,29943246.0
2026-04-23,510300,4.82,4.834,4.772,4.801,10085181.0
2026-04-23,510500,8.46,8.474,8.296,8.375,6939803.0
2026-04-23,511010,140.837,140.842,140.77,140.837,50750.0
2026-04-23,518880,9.935,9.947,9.865,9.9,4267851.0
2026-04-23,600036,39.72,39.86,39.52,39.81,569489.0
2026-04-23,600519,1408.0,1419.7,1405.1,1419.0,3770109.0
2026-04-23,600887,25.3,25.43,25.13,25.27,40731159.0
2026-04-23,600900,26.86,27.01,26.66,26.95,84590800.0
2026-04-23,600941,95.83,96.62,95.68,95.85,8590356.0
2026-04-23,601088,45.88,47.25,45.45,46.98,41995162.0
2026-04-23,601318,57.98,58.58,57.53,57.88,661174.0
2026-04-23,601398,7.52,7.59,7.48,7.58,2332549.0
2026-04-23,601857,11.46,11.83,11.41,11.82,256499225.0
2026-04-24,000333,79.56,80.2,79.46,79.66,21788011.0
2026-04-24,510300,4.785,4.798,4.75,4.782,7193226.0
2026-04-24,510500,8.321,8.38,8.242,8.323,4371594.0
2026-04-24,511010,140.844,140.93,140.839,140.899,48984.0
2026-04-24,518880,9.885,9.886,9.814,9.826,3141902.0
2026-04-24,600036,39.74,39.8,39.36,39.38,629414.0
2026-04-24,600519,1413.1,1458.88,1413.1,1458.49,5545531.0
2026-04-24,600887,25.23,25.39,25.15,25.25,38921794.0
2026-04-24,600900,26.91,26.95,26.75,26.81,56446440.0
2026-04-24,600941,95.8,95.99,95.2,95.44,6432798.0
2026-04-24,601088,46.99,47.55,46.66,47.19,34547544.0
2026-04-24,601318,57.71,57.97,57.06,57.78,554002.0
2026-04-24,601398,7.58,7.61,7.5,7.58,2047534.0
2026-04-24,601857,11.71,12.01,11.7,11.93,194560535.0
2026-04-27,000333,79.24,80.15,79.01,79.5,25851162.0
2026-04-27,510300,4.786,4.81,4.773,4.782,9280360.0
2026-04-27,510500,8.32,8.398,8.292,8.368,6275188.0
2026-04-27,511010,140.841,140.855,140.688,140.701,30849.0
2026-04-27,518880,9.859,9.917,9.857,9.897,2554760.0
2026-04-27,600036,39.52,39.99,39.32,39.38,926168.0
2026-04-27,600519,1420.0,1420.0,1402.2,1403.2,7279774.0
2026-04-27,600887,25.24,25.44,25.15,25.25,43206386.0
2026-04-27,600900,26.8,26.85,26.62,26.66,56259868.0
2026-04-27,600941,95.88,95.88,95.12,95.5,6643975.0
2026-04-27,601088,46.5,47.17,46.32,46.78,26600507.0
2026-04-27,601318,57.8,58.55,57.46,57.55,640671.0
2026-04-27,601398,7.55,7.62,7.49,7.51,2149827.0
2026-04-27,601857,11.88,12.05,11.82,11.96,182151716.0
2026-04-28,000333,79.45,80.8,79.18,80.45,30472906.0
2026-04-28,510300,4.766,4.79,4.757,4.77,8644202.0
2026-04-28,510500,8.346,8.356,8.247,8.273,6369387.0
2026-04-28,511010,140.76,140.839,140.742,140.82,84554.0
2026-04-28,518880,9.85,9.854,9.714,9.732,3761043.0
2026-04-28,600036,39.38,39.63,39.26,39.6,669305.0
2026-04-28,600519,1402.0,1409.39,1400.11,1405.0,3400442.0
2026-04-28,600887,25.21,25.79,25.18,25.49,81728297.0
2026-04-28,600900,26.68,26.78,26.61,26.73,70060777.0
2026-04-28,600941,95.31,96.14,95.1,96.03,7431305.0
2026-04-28,601088,46.76,48.3,46.57,48.15,40883952.0
2026-04-28,601318,57.47,58.11,57.2,57.63,624602.0
2026-04-28,601398,7.49,7.54,7.47,7.53,1678945.0
2026-04-28,601857,11.92,12.19,11.87,12.18,181665283.0
2026-04-29,000333,80.55,81.94,80.45,81.31,33110792.0
2026-04-29,510300,4.755,4.828,4.755,4.821,12796798.0
2026-04-29,510500,8.24,8.436,8.234,8.422,8789675.0
2026-04-29,511010,140.83,140.899,140.812,140.899,41704.0
2026-04-29,518880,9.641,9.68,9.63,9.637,5119968.0
2026-04-29,600036,38.91,39.02,38.34,38.5,2533117.0
2026-04-29,600519,1405.0,1409.75,1400.28,1401.17,3481313.0
2026-04-29,600887,25.55,26.59,25.5,26.57,126171490.0
2026-04-29,600900,26.71,26.8,26.6,26.77,85596119.0
2026-04-29,600941,96.0,96.56,95.9,96.55,7124805.0
2026-04-29,601088,48.16,48.7,47.77,47.98,33864569.0
2026-04-29,601318,57.62,59.59,57.59,59.43,1609315.0
2026-04-29,601398,7.51,7.54,7.44,7.47,2671386.0
2026-04-29,601857,12.2,12.36,12.15,12.25,172987930.0
2026-04-30,000333,81.0,82.15,80.61,81.1,35443269.0
2026-04-30,510300,4.83,4.841,4.808,4.824,16517864.0
2026-04-30,510500,8.41,8.45,8.37,8.43,7793619.0
2026-04-30,511010,140.901,140.931,140.87,140.873,172006.0
2026-04-30,518880,9.629,9.679,9.58,9.678,4046630.0
2026-04-30,600036,38.4,38.51,38.12,38.27,1169574.0
2026-04-30,600519,1400.0,1401.17,1380.0,1384.79,5275267.0
2026-04-30,600887,27.5,27.99,27.11,27.46,214409738.0
2026-04-30,600900,27.09,27.42,26.94,27.32,191463737.0
2026-04-30,600941,96.3,97.11,96.3,96.63,7441002.0
2026-04-30,601088,48.1,48.18,47.52,48.0,30525140.0
2026-04-30,601318,59.12,60.6,59.12,59.37,1063010.0
2026-04-30,601398,7.46,7.51,7.42,7.45,3022371.0
2026-04-30,601857,12.25,12.34,12.13,12.22,160727422.0
2026-05-06,000333,79.7,80.88,79.15,80.44,36041863.0
2026-05-06,510300,4.866,4.914,4.852,4.888,18677828.0
2026-05-06,510500,8.519,8.702,8.518,8.658,10254482.0
2026-05-06,511010,140.8,140.87,140.717,140.811,48190.0
2026-05-06,518880,9.698,9.792,9.698,9.791,3926978.0
2026-05-06,600036,38.29,38.35,37.82,38.0,1431771.0
2026-05-06,600519,1365.1,1379.0,1360.05,1375.0,4780604.0
2026-05-06,600887,27.45,27.49,27.01,27.45,105134290.0
2026-05-06,600900,27.34,27.34,27.04,27.2,123774954.0
2026-05-06,600941,96.61,96.8,95.2,96.79,10383932.0
2026-05-06,601088,47.6,47.99,46.67,47.73,30823063.0
2026-05-06,601318,59.38,59.84,59.05,59.36,905083.0
2026-05-06,601398,7.45,7.45,7.31,7.36,3826816.0
2026-05-06,601857,11.99,12.0,11.83,11.89,175440055.0
2026-05-07,000333,80.0,80.98,79.77,79.81,37217647.0
2026-05-07,510300,4.905,4.914,4.879,4.912,20946226.0
2026-05-07,510500,8.702,8.778,8.669,8.771,12291601.0
2026-05-07,511010,140.811,140.882,140.789,140.82,54616.0
2026-05-07,518880,9.871,9.933,9.835,9.909,4380057.0
2026-05-07,600036,38.05,38.16,37.94,37.95,790090.0
2026-05-07,600519,1375.0,1388.0,1370.01,1371.05,4046147.0
2026-05-07,600887,27.44,27.83,27.28,27.53,70882973.0
2026-05-07,600900,27.18,27.2,26.9,27.05,97328307.0
2026-05-07,600941,96.39,96.55,95.73,96.02,9128958.0
2026-05-07,601088,47.5,47.5,45.5,45.59,49708037.0
2026-05-07,601318,59.6,61.11,59.6,60.04,1313748.0
2026-05-07,601398,7.36,7.46,7.32,7.39,3371548.0
2026-05-07,601857,11.65,11.73,11.23,11.27,269778383.0
2026-05-08,000333,79.65,81.09,79.32,80.4,28242327.0
2026-05-08,510300,4.89,4.902,4.862,4.886,12535649.0
2026-05-08,510500,8.715,8.788,8.691,8.769,11110986.0
2026-05-08,511010,140.848,140.9,140.848,140.9,200995.0
2026-05-08,518880,9.871,9.897,9.853,9.88,3403790.0
2026-05-08,600036,38.03,38.18,37.9,37.94,869539.0
2026-05-08,600519,1371.66,1382.77,1370.0,1372.99,3336853.0
2026-05-08,600887,27.53,27.74,27.39,27.52,56971479.0
2026-05-08,600900,27.06,27.16,26.98,27.0,80442310.0
2026-05-08,600941,96.02,97.25,95.72,96.68,9339412.0
2026-05-08,601088,45.53,45.89,45.13,45.18,28519685.0
2026-05-08,601318,59.9,60.26,59.74,60.06,732049.0
2026-05-08,601398,7.41,7.49,7.41,7.46,2436905.0
2026-05-08,601857,11.33,11.34,11.03,11.12,179966348.0
2026-05-11,000333,80.14,82.45,79.58,80.67,43644407.0
2026-05-11,510300,4.911,4.98,4.9,4.966,21165218.0
2026-05-11,510500,8.838,8.945,8.788,8.912,6608744.0
2026-05-11,511010,140.896,140.93,140.794,140.911,36146.0
2026-05-11,518880,9.827,9.827,9.714,9.774,4475877.0
2026-05-11,600036,37.95,37.98,37.7,37.97,925489.0
2026-05-11,600519,1372.89,1372.89,1361.0,1361.33,5713510.0
2026-05-11,600887,27.7,28.2,27.36,28.06,89534894.0
2026-05-11,600900,27.05,27.2,26.95,27.01,103095275.0
2026-05-11,600941,96.69,97.88,95.82,97.68,12414990.0
2026-05-11,601088,45.18,45.38,44.75,45.17,30877003.0
2026-05-11,601318,59.78,60.55,59.26,60.1,961991.0
2026-05-11,601398,7.46,7.49,7.4,7.47,2870900.0
2026-05-11,601857,11.21,11.24,11.02,11.11,174018554.0
2026-05-12,000333,80.66,81.17,79.73,80.09,35775583.0
2026-05-12,510300,4.975,4.987,4.944,4.963,10021705.0
2026-05-12,510500,8.92,8.927,8.821,8.862,5103981.0
2026-05-12,511010,140.928,140.986,140.89,140.963,32192.0
2026-05-12,518880,9.9,9.906,9.8,9.806,4059230.0
2026-05-12,600036,37.98,38.14,37.86,37.9,967299.0
2026-05-12,600519,1362.0,1363.58,1350.5,1354.55,5083743.0
2026-05-12,600887,28.0,28.4,27.89,28.01,73949047.0
2026-05-12,600900,27.01,27.17,26.91,27.04,101176233.0
2026-05-12,600941,97.5,98.2,97.12,97.37,9000982.0
2026-05-12,601088,45.17,45.38,44.94,45.2,24251826.0
2026-05-12,601318,60.1,60.5,59.25,59.4,690007.0
2026-05-12,601398,7.48,7.54,7.46,7.48,2793222.0
2026-05-12,601857,11.13,11.3,11.09,11.19,216402182.0
2026-05-13,000333,79.96,80.95,79.63,80.38,32849685.0
2026-05-13,510300,4.94,5.023,4.939,5.017,12726150.0
2026-05-13,510500,8.8,9.021,8.8,9.009,5154451.0
2026-05-13,511010,140.963,141.009,140.962,140.999,20414.0
2026-05-13,518880,9.818,9.834,9.78,9.804,2983074.0
2026-05-13,600036,37.96,38.09,37.85,37.88,718304.0
2026-05-13,600519,1354.5,1358.6,1338.0,1344.09,5696787.0
2026-05-13,600887,28.13,28.22,27.66,27.9,61671113.0
2026-05-13,600900,27.08,27.29,26.97,27.0,139691941.0
2026-05-13,600941,97.18,98.03,97.01,97.89,9530690.0
2026-05-13,601088,45.25,45.38,44.65,44.8,24597489.0
2026-05-13,601318,59.32,59.62,57.63,58.04,1034345.0
2026-05-13,601398,7.34,7.34,7.22,7.23,3635366.0
2026-05-13,601857,11.27,11.3,11.04,11.12,168327155.0
2026-05-14,000333,80.39,82.08,80.39,81.81,38926688.0
2026-05-14,510300,5.037,5.041,4.931,4.941,10281646.0
2026-05-14,510500,9.049,9.049,8.76,8.772,8902588.0
2026-05-14,511010,141.009,141.02,140.977,141.011,15545.0
2026-05-14,518880,9.78,9.802,9.761,9.795,2968824.0
2026-05-14,600036,37.81,38.02,37.73,37.81,867868.0
2026-05-14,600519,1338.0,1369.06,1335.18,1342.17,5524434.0
2026-05-14,600887,27.83,27.97,27.56,27.78,50520982.0
2026-05-14,600900,26.98,27.08,26.85,26.94,110294232.0
2026-05-14,600941,97.89,98.95,97.51,98.53,13894733.0
2026-05-14,601088,44.81,45.4,44.53,45.17,34391684.0
2026-05-14,601318,58.26,58.52,56.85,56.9,907187.0
2026-05-14,601398,7.23,7.35,7.19,7.3,3615451.0
2026-05-14,601857,11.11,11.32,11.07,11.25,202243241.0
2026-05-15,000333,81.45,83.3,80.75,82.57,42660857.0
2026-05-15,510300,4.935,4.954,4.852,4.878,10479024.0
2026-05-15,510500,8.76,8.809,8.553,8.612,13136592.0
2026-05-15,511010,141.046,141.096,141.014,141.074,18514.0
2026-05-15,518880,9.645,9.659,9.532,9.554,6498777.0
2026-05-15,600036,37.81,37.97,37.61,37.65,821738.0
2026-05-15,600519,1335.15,1339.28,1327.11,1332.95,5818365.0
2026-05-15,600887,27.77,27.99,27.49,27.61,48337165.0
2026-05-15,600900,26.9,27.15,26.72,27.03,118755488.0
2026-05-15,600941,98.47,99.55,97.7,97.97,15538680.0
2026-05-15,601088,45.16,45.9,44.77,45.7,40667262.0
2026-05-15,601318,56.98,57.14,55.29,55.5,1181904.0
2026-05-15,601398,7.29,7.34,7.23,7.24,2758049.0
2026-05-15,601857,11.21,11.6,11.19,11.51,233642645.0
2026-05-18,000333,82.68,83.44,82.08,82.83,37735368.0
2026-05-18,510300,4.855,4.885,4.819,4.852,5835764.0
2026-05-18,510500,8.559,8.696,8.551,8.631,4808791.0
2026-05-18,511010,141.076,141.136,141.0,141.126,18273.0
2026-05-18,518880,9.44,9.534,9.435,9.513,4769785.0
2026-05-18,600036,37.65,37.66,37.35,37.47,707684.0
2026-05-18,600519,1336.0,1342.68,1319.61,1323.0,4966097.0
2026-05-18,600887,27.53,27.65,27.1,27.29,43138894.0
2026-05-18,600900,27.04,27.18,26.81,26.89,91589769.0
2026-05-18,600941,98.98,101.95,98.4,100.35,24339789.0
2026-05-18,601088,45.95,46.18,45.26,45.85,36830715.0
2026-05-18,601318,55.4,55.46,54.4,54.89,810415.0
2026-05-18,601398,7.24,7.25,7.16,7.19,2343903.0
2026-05-18,601857,11.6,11.75,11.43,11.54,154923831.0
2026-05-19,000333,82.83,82.84,80.5,81.0,33581768.0
2026-05-19,510300,4.843,4.874,4.789,4.869,9674999.0
2026-05-19,510500,8.613,8.709,8.481,8.703,7097897.0
2026-05-19,511010,141.122,141.269,141.122,141.247,37188.0
2026-05-19,518880,9.519,9.554,9.485,9.515,2643764.0
2026-05-19,600036,37.48,37.74,37.34,37.37,719910.0
2026-05-19,600519,1321.9,1329.99,1318.0,1324.3,4325464.0
2026-05-19,600887,27.29,27.6,27.17,27.23,39758304.0
2026-05-19,600900,26.89,27.35,26.77,27.25,172564585.0
2026-05-19,600941,99.8,103.36,99.52,101.0,21979375.0
2026-05-19,601088,45.85,46.6,45.57,46.07,35907934.0
2026-05-19,601318,55.01,55.21,54.12,54.48,839122.0
2026-05-19,601398,7.19,7.3,7.18,7.26,2643584.0
2026-05-19,601857,11.47,11.59,11.38,11.56,128385166.0
2026-05-20,000333,80.72,82.16,80.08,81.5,30159703.0
2026-05-20,510300,4.845,4.882,4.84,4.871,9597201.0
2026-05-20,510500,8.652,8.76,8.626,8.748,5067923.0
2026-05-20,511010,141.248,141.299,141.234,141.278,15078.0
2026-05-20,518880,9.4,9.4,9.332,9.367,5463215.0
2026-05-20,600036,37.37,37.44,37.17,37.17,693184.0
2026-05-20,600519,1321.0,1332.99,1314.0,1315.0,4748733.0
2026-05-20,600887,27.25,27.38,27.04,27.12,36102064.0
2026-05-20,600900,27.25,27.28,26.87,26.9,128434436.0
2026-05-20,600941,100.0,100.18,98.57,99.16,11885049.0
2026-05-20,601088,46.15,46.97,46.0,46.0,30495747.0
2026-05-20,601318,54.4,54.4,53.83,54.11,743889.0
2026-05-20,601398,7.26,7.27,7.13,7.13,2727837.0
2026-05-20,601857,11.57,11.75,11.57,11.63,123024188.0
2026-05-21,000333,82.15,83.15,81.5,81.5,31181254.0
2026-05-21,510300,4.897,4.954,4.801,4.808,12055773.0
2026-05-21,510500,8.8,8.887,8.484,8.503,5345049.0
2026-05-21,511010,141.275,141.291,141.181,141.191,20175.0
2026-05-21,518880,9.53,9.543,9.447,9.45,3377731.0
2026-05-21,600036,37.18,37.34,37.11,37.15,725200.0
2026-05-21,600519,1312.98,1323.52,1311.0,1311.0,3886838.0
2026-05-21,600887,27.12,27.31,26.7,26.76,54591747.0
2026-05-21,600900,26.86,26.97,26.63,26.66,116610037.0
2026-05-21,600941,99.03,99.05,96.51,96.75,14086296.0
2026-05-21,601088,45.79,45.79,45.0,45.26,25264429.0
2026-05-21,601318,54.45,55.33,53.68,53.76,1035931.0
2026-05-21,601398,7.13,7.2,7.08,7.15,2713869.0
2026-05-21,601857,11.37,11.48,11.17,11.29,209541286.0
2026-05-22,000333,81.67,82.0,79.89,80.28,30984802.0
2026-05-22,510300,4.828,4.868,4.807,4.862,13250518.0
2026-05-22,510500,8.553,8.684,8.51,8.658,7929375.0
2026-05-22,511010,141.193,141.215,141.148,141.204,10516.0
2026-05-22,518880,9.46,9.474,9.424,9.461,2715697.0
2026-05-22,600036,37.1,37.33,36.97,37.02,797617.0
2026-05-22,600519,1310.95,1311.91,1290.12,1290.2,4915714.0
2026-05-22,600887,26.95,26.95,26.19,26.2,64056163.0
2026-05-22,600900,26.73,26.76,26.5,26.56,91588815.0
2026-05-22,600941,96.7,96.89,95.79,95.98,8831192.0
2026-05-22,601088,45.26,45.49,44.7,44.98,27467336.0
2026-05-22,601318,54.11,54.2,53.47,53.68,669699.0
2026-05-22,601398,7.13,7.22,7.12,7.18,2315001.0
2026-05-22,601857,11.28,11.31,11.01,11.08,145731595.0
2026-05-25,000333,80.0,80.14,78.79,79.81,23127455.0
2026-05-25,510300,4.88,4.938,4.872,4.937,16250559.0
2026-05-25,510500,8.708,8.79,8.619,8.786,6085135.0
2026-05-25,511010,141.202,141.202,141.145,141.176,16152.0
2026-05-25,518880,9.531,9.54,9.49,9.512,2386059.0
2026-05-25,600036,37.01,37.26,36.9,36.94,710668.0
2026-05-25,600519,1287.0,1304.79,1277.0,1285.88,4635276.0
2026-05-25,600887,26.21,26.57,26.01,26.27,45918161.0
2026-05-25,600900,26.6,26.83,26.55,26.67,84154393.0
2026-05-25,600941,96.11,96.8,95.65,96.62,8188863.0
2026-05-25,601088,45.48,46.98,44.72,44.78,54312396.0
2026-05-25,601318,53.83,54.98,53.58,54.22,867977.0
2026-05-25,601398,7.17,7.23,7.15,7.17,1921661.0
2026-05-25,601857,10.78,10.98,10.7,10.73,153680284.0
2026-05-26,000333,79.8,80.7,79.43,79.55,24495312.0
2026-05-26,510300,4.912,4.975,4.91,4.972,9686752.0
2026-05-26,510500,8.743,8.769,8.617,8.752,2414019.0
2026-05-26,511010,141.176,141.235,141.176,141.23,10171.0
2026-05-26,518880,9.481,9.487,9.442,9.454,2208614.0
2026-05-26,600036,36.94,37.29,36.9,37.0,706203.0
2026-05-26,600519,1285.35,1289.89,1270.01,1273.38,4593162.0
2026-05-26,600887,26.3,26.67,26.15,26.58,47954215.0
2026-05-26,600900,26.66,27.15,26.59,27.14,162652981.0
2026-05-26,600941,96.51,97.48,96.33,97.19,7770766.0
2026-05-26,601088,44.75,45.1,44.35,44.8,36456250.0
2026-05-26,601318,54.15,55.1,53.89,54.27,910010.0
2026-05-26,601398,7.17,7.22,7.15,7.18,2148991.0
2026-05-26,601857,10.73,10.99,10.71,10.96,161418840.0
2026-05-27,000333,79.53,80.28,78.87,80.03,25588779.0
2026-05-27,510300,4.963,4.993,4.913,4.932,6405215.0
2026-05-27,510500,8.74,8.821,8.58,8.614,3302420.0
2026-05-27,511010,141.232,141.307,141.231,141.302,72578.0
2026-05-27,518880,9.419,9.425,9.336,9.345,3246682.0
2026-05-27,600036,37.01,37.19,36.78,37.0,845146.0
2026-05-27,600519,1268.02,1319.0,1250.1,1303.0,8272791.0
2026-05-27,600887,26.43,26.99,26.07,26.62,57823925.0
2026-05-27,600900,27.06,27.33,27.01,27.24,111271540.0
2026-05-27,600941,97.06,97.8,96.36,97.58,7741080.0
2026-05-27,601088,44.85,46.23,44.24,46.1,39744558.0
2026-05-27,601318,54.28,54.29,53.06,53.27,862011.0
2026-05-27,601398,7.18,7.23,7.11,7.12,2735622.0
2026-05-27,601857,10.9,10.93,10.61,10.8,180821076.0
2026-05-28,000333,79.6,79.78,78.61,78.95,24199752.0
2026-05-28,510300,4.917,4.948,4.866,4.932,4396498.0
2026-05-28,510500,8.575,8.694,8.506,8.649,3322216.0
2026-05-28,511010,141.327,141.418,141.323,141.417,18554.0
2026-05-28,518880,9.216,9.218,9.108,9.132,4566208.0
2026-05-28,600036,37.05,37.43,36.97,37.12,995791.0
2026-05-28,600519,1290.0,1304.0,1271.0,1275.98,4588998.0
2026-05-28,600887,26.5,26.68,25.94,26.0,63166686.0
2026-05-28,600900,27.25,27.37,27.11,27.22,114657318.0
2026-05-28,600941,97.55,98.35,96.8,98.18,8838712.0
2026-05-28,601088,45.8,46.87,45.6,46.15,32510879.0
2026-05-28,601318,53.26,53.4,52.15,52.47,875600.0
2026-05-28,601398,7.11,7.15,7.02,7.04,2780002.0
2026-05-28,601857,10.76,10.96,10.73,10.8,147674060.0
2026-05-29,000333,78.92,81.26,78.5,80.85,42972944.0
2026-05-29,510300,4.946,4.978,4.9,4.923,6566854.0
2026-05-29,510500,8.66,8.681,8.387,8.443,3279447.0
2026-05-29,511010,141.41,141.504,141.388,141.499,66250.0
2026-05-29,518880,9.385,9.4,9.34,9.397,3482352.0
2026-05-29,600036,37.1,38.04,36.93,38.01,1531384.0
2026-05-29,600519,1270.6,1329.0,1270.0,1326.0,7647805.0
2026-05-29,600887,25.9,27.08,25.9,26.92,71526137.0
2026-05-29,600900,27.2,27.76,27.08,27.75,213437057.0
2026-05-29,600941,98.18,99.48,97.99,99.1,7768875.0
2026-05-29,601088,46.01,47.89,45.9,46.92,58449540.0
2026-05-29,601318,52.59,53.68,52.51,53.5,1000113.0
2026-05-29,601398,7.03,7.22,6.99,7.22,3893594.0
2026-05-29,601857,10.8,10.94,10.66,10.87,189696990.0
2026-06-01,000333,80.32,82.0,80.29,81.7,37671119.0
2026-06-01,510300,4.923,4.94,4.861,4.868,4990927.0
2026-06-01,510500,8.434,8.532,8.354,8.37,4083694.0
2026-06-01,511010,141.498,141.526,141.475,141.504,27166.0
2026-06-01,518880,9.398,9.414,9.343,9.344,2586409.0
2026-06-01,600036,38.0,38.2,37.8,38.2,961379.0
2026-06-01,600519,1327.0,1327.0,1301.31,1309.6,4384460.0
2026-06-01,600887,26.7,27.03,26.58,27.0,68461666.0
2026-06-01,600900,27.74,27.87,27.55,27.77,139278066.0
2026-06-01,600941,98.8,99.1,98.2,98.9,7580179.0
2026-06-01,601088,47.0,49.01,47.0,49.0,57675114.0
2026-06-01,601318,53.49,54.1,53.15,53.85,775307.0
2026-06-01,601398,7.2,7.32,7.18,7.3,3411346.0
2026-06-01,601857,10.85,10.99,10.73,10.82,196831219.0
2026-06-02,000333,81.26,82.79,81.22,82.6,26317746.0
2026-06-02,510300,4.867,4.956,4.856,4.936,6809437.0
2026-06-02,510500,8.368,8.48,8.238,8.406,4588094.0
2026-06-02,511010,141.503,141.525,141.47,141.48,29173.0
2026-06-02,518880,9.3,9.414,9.266,9.41,3247781.0
2026-06-02,600036,38.16,38.88,38.05,38.8,1256970.0
2026-06-02,600519,1306.0,1326.36,1301.0,1307.22,3636185.0
2026-06-02,600887,26.95,27.12,26.8,26.86,41520219.0
2026-06-02,600900,27.82,28.15,27.62,27.96,125757446.0
2026-06-02,600941,98.9,100.49,98.38,100.42,9544657.0
2026-06-02,601088,48.7,50.16,47.7,48.24,56686338.0
2026-06-02,601318,53.86,54.55,53.62,54.08,784941.0
2026-06-02,601398,7.3,7.41,7.29,7.34,3164271.0
2026-06-02,601857,10.88,11.08,10.58,10.66,235392752.0
2026-06-03,000333,82.3,82.7,81.56,82.61,23032626.0
2026-06-03,510300,4.938,5.016,4.928,4.965,7604619.0
2026-06-03,510500,8.4,8.565,8.38,8.455,3267377.0
2026-06-03,511010,141.481,141.508,141.448,141.464,34290.0
2026-06-03,518880,9.28,9.327,9.263,9.281,3254876.0
2026-06-03,600036,38.81,38.81,38.25,38.5,881275.0
2026-06-03,600519,1304.0,1304.0,1276.0,1281.91,5247652.0
2026-06-03,600887,26.81,26.93,26.34,26.72,63492569.0
2026-06-03,600900,27.85,27.98,27.51,27.89,114300588.0
2026-06-03,600941,100.42,100.9,99.5,100.16,8236631.0
2026-06-03,601088,47.78,49.18,47.66,48.85,41275198.0
2026-06-03,601318,54.06,54.2,53.5,53.7,625066.0
2026-06-03,601398,7.33,7.34,7.24,7.28,2444608.0
2026-06-03,601857,10.7,10.87,10.44,10.85,229980872.0
2026-06-04,000333,82.05,83.48,81.8,82.42,24365847.0
2026-06-04,510300,4.919,4.961,4.91,4.926,6097283.0
2026-06-04,510500,8.371,8.489,8.371,8.448,2959299.0
2026-06-04,511010,141.465,141.525,141.413,141.504,35412.0
2026-06-04,518880,9.301,9.32,9.274,9.29,2821727.0
2026-06-04,600036,38.4,38.65,37.99,38.1,738841.0
2026-06-04,600519,1278.99,1288.99,1266.69,1268.0,3350617.0
2026-06-04,600887,26.61,26.85,26.47,26.56,47475637.0
2026-06-04,600900,27.83,27.96,27.61,27.72,87497229.0
2026-06-04,600941,100.0,100.47,98.73,100.16,9598949.0
2026-06-04,601088,48.56,49.8,48.51,49.02,37968679.0
2026-06-04,601318,53.61,54.08,53.04,53.23,576226.0
2026-06-04,601398,7.3,7.34,7.22,7.23,2079564.0
2026-06-04,601857,10.69,10.76,10.55,10.65,134965495.0
2026-06-05,000333,82.3,83.3,81.6,81.69,20949437.0
2026-06-05,510300,4.909,4.948,4.825,4.843,6182927.0
2026-06-05,510500,8.415,8.5,8.314,8.339,4320457.0
2026-06-05,511010,141.512,141.565,141.481,141.5,29553.0
2026-06-05,518880,9.263,9.275,9.21,9.252,3017553.0
2026-06-05,600036,38.18,38.7,38.11,38.58,778709.0
2026-06-05,600519,1278.0,1283.0,1267.74,1272.86,3130397.0
2026-06-05,600887,25.72,26.25,25.59,25.67,61635907.0
2026-06-05,600900,27.72,28.1,27.51,27.61,109413563.0
2026-06-05,600941,98.11,98.48,97.0,97.33,7609022.0
2026-06-05,601088,48.75,49.8,48.52,48.52,35822715.0
2026-06-05,601318,53.3,54.58,53.24,53.48,937165.0
2026-06-05,601398,7.24,7.35,7.24,7.34,2789481.0
2026-06-05,601857,10.6,10.8,10.55,10.61,137155607.0
2026-06-08,000333,81.39,83.75,80.88,82.85,36703053.0
2026-06-08,510300,4.79,4.808,4.705,4.739,9232724.0
2026-06-08,510500,8.16,8.233,7.983,8.068,4687884.0
2026-06-08,511010,141.477,141.489,141.351,141.409,20336.0
2026-06-08,518880,9.001,9.024,8.893,8.953,4952979.0
2026-06-08,600036,38.4,38.76,38.36,38.5,769478.0
2026-06-08,600519,1272.0,1278.0,1260.0,1262.98,3082836.0
2026-06-08,600887,25.76,26.1,25.18,25.37,57575826.0
2026-06-08,600900,27.5,27.61,27.26,27.51,118065467.0
2026-06-08,600941,97.0,97.52,95.08,96.6,8689584.0
2026-06-08,601088,48.57,51.18,48.33,50.76,55263622.0
2026-06-08,601318,53.06,53.96,52.9,53.38,720540.0
2026-06-08,601398,7.38,7.53,7.31,7.5,5806646.0
2026-06-08,601857,10.59,10.99,10.51,10.95,262549775.0
2026-06-09,000333,82.5,82.99,81.75,82.36,22099177.0
2026-06-09,510300,4.764,4.828,4.741,4.826,4361645.0
2026-06-09,510500,8.12,8.285,8.058,8.27,3622747.0
2026-06-09,511010,141.411,141.439,141.331,141.345,30226.0
2026-06-09,518880,9.01,9.046,9.004,9.005,2870005.0
2026-06-09,600036,38.5,38.64,38.4,38.49,664500.0
2026-06-09,600519,1262.99,1263.0,1252.55,1256.0,2786012.0
2026-06-09,600887,25.37,25.7,25.02,25.12,58331243.0
2026-06-09,600900,27.51,27.7,27.39,27.63,88253597.0
2026-06-09,600941,96.17,96.77,95.5,95.86,6624242.0
2026-06-09,601088,49.5,50.3,48.56,48.98,38314575.0
2026-06-09,601318,53.18,54.05,53.15,53.93,710030.0
2026-06-09,601398,7.46,7.65,7.46,7.54,5397051.0
2026-06-09,601857,10.72,10.86,10.3,10.34,241078966.0
2026-06-10,000333,82.5,84.88,81.47,83.9,38697291.0
2026-06-10,510300,4.79,4.814,4.751,4.784,3931623.0
2026-06-10,510500,8.184,8.24,8.078,8.171,2792841.0
2026-06-10,511010,141.333,141.379,141.276,141.278,27309.0
2026-06-10,518880,8.74,8.78,8.671,8.736,5609093.0
2026-06-10,600036,38.45,39.08,38.38,38.9,935861.0
2026-06-10,600519,1252.08,1282.0,1250.21,1275.88,3924414.0
2026-06-10,600887,25.03,25.64,24.98,25.58,48411041.0
2026-06-10,600900,27.6,27.82,27.43,27.69,88750011.0
2026-06-10,600941,96.01,98.3,96.01,97.27,11654351.0
2026-06-10,601088,48.75,48.8,47.41,47.51,34091874.0
2026-06-10,601318,52.25,53.48,52.1,53.22,903235.0
2026-06-10,601398,7.57,7.71,7.54,7.69,4115244.0
2026-06-10,601857,10.34,10.34,10.14,10.24,138916005.0
2026-06-11,000333,83.66,85.9,83.4,85.35,52143692.0
2026-06-11,510300,4.766,4.793,4.718,4.751,4160688.0
2026-06-11,510500,8.133,8.192,8.068,8.133,1815580.0
2026-06-11,511010,141.278,141.28,141.137,141.138,25459.0
2026-06-11,518880,8.561,8.58,8.418,8.506,6491527.0
2026-06-11,600036,38.93,39.09,38.57,38.73,594454.0
2026-06-11,600519,1272.12,1282.88,1266.91,1279.0,2535198.0
2026-06-11,600887,25.55,25.79,25.37,25.61,37892162.0
2026-06-11,600900,27.69,27.95,27.6,27.89,99125010.0
2026-06-11,600941,96.8,97.18,95.8,95.97,7115763.0
2026-06-11,601088,47.9,48.33,47.04,47.29,28118338.0
2026-06-11,601318,53.22,53.97,52.35,52.64,647641.0
2026-06-11,601398,7.71,7.75,7.6,7.66,2855259.0
2026-06-11,601857,10.38,10.45,10.21,10.37,185587581.0
2026-06-12,000333,84.5,84.66,82.55,83.23,42935287.0
2026-06-12,510300,4.81,4.846,4.789,4.818,7808859.0
2026-06-12,510500,8.297,8.37,8.211,8.242,3133578.0
2026-06-12,511010,141.134,141.226,141.134,141.163,27540.0
2026-06-12,518880,8.67,8.715,8.639,8.659,4367407.0
2026-06-12,600036,38.59,39.35,38.34,39.34,1119834.0
2026-06-12,600519,1271.18,1295.0,1265.01,1291.91,5049478.0
2026-06-12,600887,25.64,25.96,25.45,25.71,60687881.0
2026-06-12,600900,27.77,28.29,27.67,28.28,149424523.0
2026-06-12,600941,95.9,96.16,95.06,95.12,9674562.0
2026-06-12,601088,46.99,47.0,45.8,46.14,94683678.0
2026-06-12,601318,52.46,54.24,52.11,54.01,1102953.0
2026-06-12,601398,7.59,7.78,7.52,7.78,4238547.0
2026-06-12,601857,10.15,10.56,10.15,10.38,286676074.0
2026-06-15,000333,82.95,82.98,80.5,80.93,43292554.0
2026-06-15,510300,4.858,4.92,4.839,4.919,16233007.0
2026-06-15,510500,8.322,8.55,8.312,8.544,7767758.0
2026-06-15,511010,141.22,141.22,141.073,141.19,21902.0
2026-06-15,518880,8.916,8.988,8.91,8.928,4994175.0
2026-06-15,600036,39.21,39.37,38.73,38.95,977404.0
2026-06-15,600519,1292.7,1292.7,1270.1,1271.1,4158556.0
2026-06-15,600887,25.75,25.82,25.26,25.41,61274760.0
2026-06-15,600900,28.24,28.24,27.39,27.57,207661158.0
2026-06-15,600941,95.12,95.23,93.9,94.23,11538145.0
2026-06-15,601088,45.6,45.6,43.11,43.39,89819276.0
2026-06-15,601318,54.3,55.96,53.8,54.23,1010577.0
2026-06-15,601398,7.75,7.75,7.53,7.57,4507062.0
2026-06-15,601857,10.27,10.35,10.08,10.13,215662963.0
2026-06-16,000333,80.97,80.99,78.56,78.96,41523880.0
2026-06-16,510300,4.92,4.933,4.893,4.91,9085294.0
2026-06-16,510500,8.55,8.668,8.525,8.632,3195350.0
2026-06-16,511010,141.191,141.319,141.16,141.309,50600.0
2026-06-16,518880,8.945,8.968,8.92,8.949,2752221.0
2026-06-16,600036,38.81,38.89,38.41,38.57,789669.0
2026-06-16,600519,1267.01,1267.88,1255.0,1255.67,3496974.0
2026-06-16,600887,25.33,25.33,24.6,24.8,73011600.0
2026-06-16,600900,27.41,27.45,27.14,27.19,120599299.0
2026-06-16,600941,94.06,94.06,92.88,92.99,11334422.0
2026-06-16,601088,43.14,43.2,42.12,42.52,65687103.0
2026-06-16,601318,53.99,54.09,52.75,52.99,812508.0
2026-06-16,601398,7.53,7.54,7.38,7.42,3720567.0
2026-06-16,601857,10.1,10.17,9.95,9.95,166093564.0
2026-06-17,000333,78.97,79.85,78.54,79.22,33447229.0
2026-06-17,510300,4.898,4.96,4.894,4.958,13911870.0
2026-06-17,510500,8.602,8.766,8.58,8.763,1986424.0
2026-06-17,511010,141.31,141.362,141.279,141.348,20260.0
2026-06-17,518880,8.978,8.986,8.933,8.957,2634058.0
2026-06-17,600036,38.68,38.85,38.14,38.23,660452.0
2026-06-17,600519,1258.0,1259.77,1238.56,1240.0,4480330.0
2026-06-17,600887,24.85,24.89,24.51,24.67,53518524.0
2026-06-17,600900,27.22,27.27,26.91,27.0,103444150.0
2026-06-17,600941,93.03,93.64,92.18,92.98,8648906.0
2026-06-17,601088,42.65,42.71,41.59,41.86,50354468.0
2026-06-17,601318,53.24,53.34,52.5,52.76,653906.0
2026-06-17,601398,7.42,7.48,7.32,7.36,2933753.0
2026-06-17,601857,9.91,9.93,9.73,9.77,140183385.0
2026-06-18,000333,79.23,79.49,77.8,78.0,36366779.0
2026-06-18,510300,4.943,5.001,4.941,4.984,12933430.0
2026-06-18,510500,8.726,8.863,8.722,8.828,2529609.0
2026-06-18,511010,141.36,141.442,141.345,141.431,44534.0
2026-06-18,518880,8.95,8.964,8.892,8.908,2982682.0
2026-06-18,600036,38.15,38.2,37.26,37.26,1003461.0
2026-06-18,600519,1235.0,1238.87,1211.22,1215.0,5747173.0
2026-06-18,600887,24.67,24.72,24.21,24.26,50550312.0
2026-06-18,600900,26.93,26.98,26.65,26.66,129594498.0
2026-06-18,600941,92.98,92.98,91.52,91.65,9028811.0
2026-06-18,601088,41.88,42.55,41.26,41.26,54411558.0
2026-06-18,601318,52.59,52.64,49.37,49.38,2178321.0
2026-06-18,601398,7.34,7.35,7.15,7.16,4509667.0
2026-06-18,601857,9.79,9.8,9.56,9.58,128227198.0
2026-06-22,000333,77.33,79.15,76.9,78.28,30670955.0
2026-06-22,510300,4.983,5.095,4.954,5.091,19131578.0
2026-06-22,510500,8.84,9.01,8.748,9.007,3701087.0
2026-06-22,511010,141.431,141.477,141.35,141.463,85941.0
2026-06-22,518880,8.735,8.742,8.655,8.716,4409718.0
2026-06-22,600036,37.01,37.9,36.95,37.65,1100768.0
2026-06-22,600519,1214.31,1252.8,1205.0,1241.41,5825131.0
2026-06-22,600887,24.2,24.83,23.86,24.63,77568558.0
2026-06-22,600900,26.66,27.09,26.51,26.94,149732867.0
2026-06-22,600941,91.6,92.01,90.1,91.93,12937449.0
2026-06-22,601088,41.2,41.78,40.8,41.51,71558853.0
2026-06-22,601318,49.39,52.29,48.66,51.98,1724972.0
2026-06-22,601398,7.13,7.25,7.08,7.2,4265015.0
2026-06-22,601857,9.59,9.77,9.51,9.68,151454480.0
2026-06-23,000333,78.17,79.62,77.82,78.07,36089100.0
2026-06-23,510300,5.079,5.095,4.915,4.942,26173354.0
2026-06-23,510500,8.98,9.028,8.758,8.815,4233461.0
2026-06-23,511010,141.458,141.458,141.358,141.372,25436.0
2026-06-23,518880,8.668,8.674,8.525,8.537,4256305.0
2026-06-23,600036,37.65,38.19,37.35,37.4,1008007.0
2026-06-23,600519,1239.0,1264.0,1217.0,1222.45,5800405.0
2026-06-23,600887,24.56,25.11,24.4,24.46,54912282.0
2026-06-23,600900,26.93,27.25,26.86,26.87,118565470.0
2026-06-23,600941,91.78,92.39,90.33,90.52,9628651.0
2026-06-23,601088,41.5,41.88,40.65,40.66,54123267.0
2026-06-23,601318,51.46,52.43,50.11,50.4,1220116.0
2026-06-23,601398,7.21,7.41,7.21,7.38,5380893.0
2026-06-23,601857,9.68,9.83,9.39,9.41,150045549.0
2026-06-24,000333,78.5,78.7,76.0,76.63,38487790.0
2026-06-24,510300,4.929,4.978,4.916,4.967,25906734.0
2026-06-24,510500,8.776,8.995,8.756,8.985,2827084.0
2026-06-24,511010,141.372,141.435,141.354,141.433,51554.0
2026-06-24,518880,8.485,8.53,8.426,8.515,4029970.0
2026-06-24,600036,37.49,37.58,36.75,36.76,1236166.0
2026-06-24,600519,1222.65,1241.87,1207.51,1207.68,4533528.0
2026-06-24,600887,24.71,25.05,24.36,24.4,66908759.0
2026-06-24,600900,26.87,27.0,26.56,26.6,113456072.0
2026-06-24,600941,90.52,90.7,88.67,88.7,12578188.0
2026-06-24,601088,40.7,40.86,39.9,40.05,38744297.0
2026-06-24,601318,50.69,50.88,49.03,49.12,1094158.0
2026-06-24,601398,7.4,7.46,7.2,7.22,4162052.0
2026-06-24,601857,9.41,9.53,9.31,9.41,137345353.0
2026-06-25,000333,76.64,78.37,76.2,76.5,41148953.0
2026-06-25,510300,4.973,5.055,4.966,5.048,26406087.0
2026-06-25,510500,8.984,9.087,8.94,9.085,2062756.0
2026-06-25,511010,140.7,140.701,140.607,140.636,24147.0
2026-06-25,518880,8.33,8.33,8.267,8.287,5089866.0
2026-06-25,600036,36.73,36.99,36.2,36.23,1181162.0
2026-06-25,600519,1207.0,1227.0,1200.0,1212.1,4844649.0
2026-06-25,600887,24.4,25.04,24.28,24.61,73314579.0
2026-06-25,600900,26.5,26.58,26.2,26.22,132187574.0
2026-06-25,600941,88.52,88.78,87.26,87.7,11267070.0
2026-06-25,601088,39.8,40.37,39.2,39.4,47901811.0
2026-06-25,601318,48.75,50.46,48.56,49.3,1214523.0
2026-06-25,601398,7.14,7.31,7.13,7.19,3562880.0
2026-06-25,601857,9.25,9.3,9.02,9.06,189005201.0
2026-06-26,000333,76.88,78.94,76.61,78.55,44953388.0
2026-06-26,510300,5.008,5.015,4.88,4.907,9582429.0
2026-06-26,510500,9.006,9.066,8.795,8.861,3351957.0
2026-06-26,511010,140.649,140.725,140.639,140.721,11854.0
2026-06-26,518880,8.365,8.393,8.293,8.39,3848075.0
2026-06-26,600036,36.38,36.47,35.88,36.0,1055410.0
2026-06-26,600519,1199.0,1199.0,1168.1,1168.63,5006647.0
2026-06-26,600887,24.61,24.68,24.27,24.27,48538360.0
2026-06-26,600900,26.25,26.72,26.15,26.65,128265188.0
2026-06-26,600941,87.7,88.36,86.02,86.82,10966614.0
2026-06-26,601088,39.43,39.75,38.86,39.57,43510069.0
2026-06-26,601318,49.29,49.49,47.2,47.23,1426441.0
2026-06-26,601398,7.24,7.25,7.14,7.15,3523581.0
2026-06-26,601857,8.96,9.0,8.76,8.93,197127201.0
2026-06-29,000333,75.79,77.99,75.14,77.27,74325828.0
2026-06-29,510300,4.897,4.966,4.866,4.959,14848057.0
2026-06-29,510500,8.84,8.979,8.734,8.974,2845305.0
2026-06-29,511010,140.742,140.848,140.742,140.845,18959.0
2026-06-29,518880,8.445,8.479,8.404,8.449,3398349.0
2026-06-29,600036,35.9,36.72,35.4,36.42,1080735.0
2026-06-29,600519,1169.0,1215.0,1151.01,1194.96,6687812.0
2026-06-29,600887,24.3,24.8,23.82,24.58,66351529.0
2026-06-29,600900,26.55,26.9,26.26,26.84,123257906.0
2026-06-29,600941,86.95,88.25,85.38,87.6,10533881.0
2026-06-29,601088,39.59,40.3,38.85,39.98,41868426.0
2026-06-29,601318,47.3,48.87,46.9,48.6,1089609.0
2026-06-29,601398,7.12,7.27,7.05,7.22,4290054.0
2026-06-29,601857,8.93,9.05,8.74,8.92,164870472.0
2026-06-30,000333,76.52,78.66,75.31,75.53,57750898.0
2026-06-30,510300,4.947,5.022,4.942,5.019,20297213.0
2026-06-30,510500,8.944,9.203,8.909,9.194,2030249.0
2026-06-30,511010,140.848,140.852,140.766,140.792,31562.0
2026-06-30,518880,8.262,8.389,8.224,8.378,4192779.0
2026-06-30,600036,36.37,36.39,35.35,35.5,1099038.0
2026-06-30,600519,1187.0,1195.67,1176.0,1185.49,3960779.0
2026-06-30,600887,24.47,24.49,23.9,23.96,62302464.0
2026-06-30,600900,26.71,26.84,26.38,26.47,102277653.0
2026-06-30,600941,87.49,87.49,86.01,86.13,8204688.0
2026-06-30,601088,39.97,40.07,38.73,39.04,40693593.0
2026-06-30,601318,48.3,48.94,47.35,47.74,949813.0
2026-06-30,601398,7.18,7.21,7.03,7.07,4721323.0
2026-06-30,601857,8.89,8.92,8.65,8.68,173838837.0
2026-07-01,000333,76.01,77.6,73.62,77.4,50224160.0
2026-07-01,510300,5.009,5.054,4.957,4.998,9626190.0
2026-07-01,510500,9.201,9.305,9.1,9.18,2520695.0
2026-07-01,511010,140.781,140.781,140.599,140.637,53722.0
2026-07-01,518880,8.284,8.3,8.253,8.271,3052899.0
2026-07-01,600036,35.52,36.12,35.28,35.91,891221.0
2026-07-01,600519,1180.1,1196.8,1166.33,1193.01,4247381.0
2026-07-01,600887,24.0,24.55,23.76,24.31,55486900.0
2026-07-01,600900,26.44,26.72,26.36,26.64,90939756.0
2026-07-01,600941,86.0,87.26,85.61,86.49,9898084.0
2026-07-01,601088,38.97,40.0,38.73,39.48,39839895.0
2026-07-01,601318,47.6,50.09,47.19,49.53,1386217.0
2026-07-01,601398,7.05,7.09,7.0,7.06,3287996.0
2026-07-01,601857,8.68,8.85,8.64,8.73,124659910.0
2026-07-02,000333,77.61,79.26,76.98,77.01,56146785.0
2026-07-02,510300,4.955,4.96,4.835,4.85,13691536.0
2026-07-02,510500,9.091,9.091,8.813,8.849,4142917.0
2026-07-02,511010,140.637,140.706,140.591,140.695,30623.0
2026-07-02,518880,8.425,8.484,8.397,8.475,5149790.0
2026-07-02,600036,36.28,36.8,36.13,36.6,944614.0
2026-07-02,600519,1193.01,1215.52,1190.51,1203.0,5087015.0
2026-07-02,600887,24.3,24.7,24.16,24.45,57566728.0
2026-07-02,600900,26.79,27.09,26.55,26.95,140055304.0
2026-07-02,600941,86.62,88.35,86.48,88.25,10806513.0
2026-07-02,601088,39.8,41.06,39.74,40.77,62708460.0
2026-07-02,601318,49.35,50.2,48.8,48.92,920130.0
2026-07-02,601398,7.03,7.14,7.0,7.05,3584757.0
2026-07-02,601857,8.6,8.89,8.59,8.82,162919840.0
2026-07-03,000333,77.5,79.9,77.31,77.96,55780335.0
2026-07-03,510300,4.83,4.927,4.828,4.876,19983308.0
2026-07-03,510500,8.798,9.014,8.79,8.901,2801352.0
2026-07-03,511010,140.65,140.699,140.641,140.695,137244.0
2026-07-03,518880,8.706,8.726,8.636,8.672,4676685.0
2026-07-03,600036,36.67,37.06,36.35,36.83,853124.0
2026-07-03,600519,1205.24,1210.14,1185.0,1194.45,3426755.0
2026-07-03,600887,24.49,24.78,24.32,24.6,49133830.0
2026-07-03,600900,26.96,27.23,26.81,27.05,102824327.0
2026-07-03,600941,88.25,88.84,87.01,87.48,8550419.0
2026-07-03,601088,40.77,41.5,40.44,40.7,35957741.0
2026-07-03,601318,49.5,49.78,48.31,49.09,803331.0
2026-07-03,601398,7.03,7.08,7.0,7.04,3040723.0
2026-07-03,601857,8.87,9.01,8.82,8.97,146395068.0
2026-07-06,000333,78.6,80.15,78.0,80.0,50383690.0
2026-07-06,510300,4.9,4.914,4.831,4.877,6179918.0
2026-07-06,510500,8.93,8.966,8.727,8.81,3599631.0
2026-07-06,511010,140.694,140.768,140.682,140.753,37606.0
2026-07-06,518880,8.696,8.738,8.62,8.631,3162708.0
2026-07-06,600036,36.7,37.76,36.52,37.73,971544.0
2026-07-06,600519,1186.0,1215.0,1180.0,1206.91,4097001.0
2026-07-06,600887,24.54,25.21,24.3,25.07,64662843.0
2026-07-06,600900,26.91,27.2,26.78,27.19,92457731.0
2026-07-06,600941,87.4,88.4,86.74,88.0,7561083.0
2026-07-06,601088,40.49,42.03,40.2,41.91,50218274.0
2026-07-06,601318,49.05,50.2,48.81,50.1,944956.0
2026-07-06,601398,7.02,7.12,6.95,7.12,3782694.0
2026-07-06,601857,8.9,9.14,8.85,9.09,137604657.0
2026-07-07,000333,79.43,80.35,78.65,79.12,34065422.0
2026-07-07,510300,4.858,4.877,4.796,4.826,6986968.0
2026-07-07,510500,8.76,8.817,8.613,8.657,2773149.0
2026-07-07,511010,140.75,140.774,140.71,140.748,48534.0
2026-07-07,518880,8.59,8.62,8.564,8.597,2238577.0
2026-07-07,600036,37.72,37.86,37.3,37.55,652587.0
2026-07-07,600519,1200.0,1202.0,1188.11,1188.8,2736500.0
2026-07-07,600887,25.03,25.24,24.82,25.07,40413139.0
2026-07-07,600900,27.19,27.46,27.05,27.41,126822030.0
2026-07-07,600941,87.88,88.49,87.59,88.42,5780590.0
2026-07-07,601088,41.8,42.3,41.1,41.76,36861300.0
2026-07-07,601318,49.93,50.22,49.17,49.29,697675.0
2026-07-07,601398,7.09,7.28,7.08,7.26,4619320.0
2026-07-07,601857,9.08,9.15,8.93,9.13,143282034.0
2026-07-08,000333,78.75,79.96,78.33,79.41,31545922.0
2026-07-08,510300,4.836,4.872,4.793,4.798,4846848.0
2026-07-08,510500,8.661,8.713,8.502,8.551,5473194.0
2026-07-08,511010,140.713,140.807,140.713,140.799,314106.0
2026-07-08,518880,8.543,8.605,8.53,8.589,2410682.0
2026-07-08,600036,37.36,37.97,37.15,37.94,767135.0
2026-07-08,600519,1188.77,1200.98,1177.0,1199.3,2577602.0
2026-07-08,600887,25.07,25.37,24.79,25.22,38514551.0
2026-07-08,600900,27.38,28.15,27.25,27.83,164844014.0
2026-07-08,600941,88.4,90.04,87.9,89.95,9440440.0
2026-07-08,601088,41.76,42.7,41.56,42.29,36989553.0
2026-07-08,601318,49.36,49.8,48.96,49.54,540995.0
2026-07-08,601398,7.22,7.38,7.16,7.37,4316242.0
2026-07-08,601857,9.18,9.53,9.15,9.26,217282001.0
2026-07-09,000333,79.0,79.59,78.0,79.33,30121549.0
2026-07-09,510300,4.813,4.925,4.777,4.916,9558592.0
2026-07-09,510500,8.562,8.815,8.444,8.804,5942522.0
2026-07-09,511010,140.8,140.813,140.764,140.771,96245.0
2026-07-09,518880,8.495,8.55,8.446,8.544,2454207.0
2026-07-09,600036,37.7,37.81,37.37,37.55,765646.0
2026-07-09,600519,1191.0,1191.99,1178.0,1182.19,3409634.0
2026-07-09,600887,25.01,25.12,24.82,24.85,51395027.0
2026-07-09,600900,27.7,27.85,27.53,27.77,116039936.0
2026-07-09,600941,89.19,90.03,88.59,88.71,7653397.0
2026-07-09,601088,42.0,42.59,41.57,42.13,32588110.0
2026-07-09,601318,49.26,49.61,48.91,49.49,662369.0
2026-07-09,601398,7.33,7.34,7.23,7.27,4039925.0
2026-07-09,601857,9.35,9.54,9.28,9.4,216988746.0
2026-07-10,000333,79.14,79.3,77.86,78.99,27961858.0
2026-07-10,510300,4.918,4.949,4.827,4.829,8242800.0
2026-07-10,510500,8.806,8.933,8.661,8.698,4352062.0
2026-07-10,511010,140.772,140.793,140.76,140.782,188520.0
2026-07-10,518880,8.551,8.587,8.538,8.541,2282915.0
2026-07-10,600036,36.61,36.92,36.33,36.88,793772.0
2026-07-10,600519,1182.2,1204.98,1170.28,1204.98,5221255.0
2026-07-10,600887,24.8,24.9,24.38,24.88,70410517.0
2026-07-10,600900,27.75,28.12,27.6,28.03,147074295.0
2026-07-10,600941,88.71,90.0,88.0,89.98,10540106.0
2026-07-10,601088,41.89,42.16,41.45,42.04,30245890.0
2026-07-10,601318,49.47,49.97,48.97,49.48,764946.0
2026-07-10,601398,7.24,7.33,7.23,7.33,4068382.0
2026-07-10,601857,9.29,9.3,9.12,9.27,163520099.0
2026-07-13,000333,78.5,80.67,78.42,80.4,47041628.0
2026-07-13,510300,4.802,4.821,4.719,4.744,16190530.0
2026-07-13,510500,8.61,8.636,8.266,8.292,8964812.0
2026-07-13,511010,140.782,140.817,140.765,140.775,138857.0
2026-07-13,518880,8.47,8.497,8.413,8.419,3020485.0
2026-07-13,600036,36.81,37.4,36.71,37.25,933085.0
2026-07-13,600519,1197.12,1215.0,1190.19,1210.99,4198257.0
2026-07-13,600887,24.66,25.18,24.52,25.03,59559387.0
2026-07-13,600900,27.93,28.48,27.8,28.42,200809214.0
2026-07-13,600941,89.6,91.53,89.41,91.43,10608523.0
2026-07-13,601088,41.2,42.78,40.72,42.65,47572926.0
2026-07-13,601318,49.36,49.73,49.11,49.53,716524.0
2026-07-13,601398,7.31,7.54,7.29,7.53,6507835.0
2026-07-13,601857,9.35,9.66,9.3,9.66,263056203.0
2026-07-14,000333,80.43,82.0,79.91,81.18,45750333.0
2026-07-14,510300,4.744,4.838,4.696,4.837,18084400.0
2026-07-14,510500,8.293,8.419,8.116,8.413,8555023.0
2026-07-14,511010,140.785,140.815,140.738,140.798,51834.0
2026-07-14,518880,8.302,8.389,8.302,8.373,2362128.0
2026-07-14,600036,37.1,37.24,36.82,37.18,804154.0
2026-07-14,600519,1208.99,1226.87,1205.0,1214.88,4352726.0
2026-07-14,600887,24.92,25.33,24.91,25.28,54182551.0
2026-07-14,600900,28.4,28.73,28.21,28.55,159241008.0
2026-07-14,600941,91.03,92.13,90.68,91.8,9829241.0
2026-07-14,601088,42.66,44.36,42.47,43.42,50931426.0
2026-07-14,601318,49.5,49.76,48.5,49.6,979873.0
2026-07-14,601398,7.46,7.54,7.42,7.5,4764820.0
2026-07-14,601857,9.8,10.03,9.72,10.0,327606470.0
2026-07-15,000333,81.17,82.76,80.58,82.67,33221104.0
2026-07-15,510300,4.829,4.87,4.819,4.838,7220327.0
2026-07-15,510500,8.269,8.322,8.113,8.151,3451326.0
2026-07-15,511010,140.798,140.822,140.768,140.819,34878.0
2026-07-15,518880,8.415,8.42,8.347,8.369,2283310.0
2026-07-15,600036,37.0,37.96,36.75,37.76,1154626.0
2026-07-15,600519,1203.66,1256.6,1198.66,1251.06,7194371.0
2026-07-15,600887,25.1,25.98,25.05,25.93,76805418.0
2026-07-15,600900,28.4,28.77,28.25,28.68,119360883.0
2026-07-15,600941,91.1,92.98,91.1,92.8,10140754.0
2026-07-15,601088,42.98,43.8,42.88,43.69,29444869.0
2026-07-15,601318,49.58,51.2,49.45,50.95,1286694.0
2026-07-15,601398,7.43,7.52,7.4,7.51,4023618.0
2026-07-15,601857,9.83,10.05,9.78,10.02,159925694.0
2026-07-16,000333,82.15,83.45,81.8,81.8,36238235.0
2026-07-16,510300,4.775,4.825,4.724,4.753,16578228.0
2026-07-16,510500,8.061,8.158,7.911,7.956,5747724.0
2026-07-16,511010,140.819,140.822,140.765,140.789,35007.0
2026-07-16,518880,8.375,8.395,8.349,8.363,1800219.0
2026-07-16,600036,37.7,38.12,37.5,37.67,766899.0
2026-07-16,600519,1252.0,1267.97,1245.05,1258.99,4761114.0
2026-07-16,600887,25.93,26.25,25.76,26.03,59565204.0
2026-07-16,600900,28.65,28.76,28.13,28.24,146113464.0
2026-07-16,600941,92.79,93.6,92.46,93.05,9533640.0
2026-07-16,601088,43.78,44.24,42.65,43.27,30455912.0
2026-07-16,601318,50.7,51.29,50.24,50.67,812799.0
2026-07-16,601398,7.51,7.53,7.36,7.39,3517401.0
2026-07-16,601857,10.04,10.15,9.86,9.99,179104720.0
2026-07-17,000333,82.31,83.45,81.34,82.71,46279515.0
2026-07-17,510300,4.72,4.73,4.546,4.589,31647757.0
2026-07-17,510500,7.915,7.928,7.485,7.505,7498029.0
2026-07-17,511010,140.788,140.84,140.769,140.812,33700.0
2026-07-17,518880,8.291,8.326,8.256,8.311,2844769.0
2026-07-17,600036,37.76,38.2,37.68,38.02,1158584.0
2026-07-17,600519,1269.01,1269.33,1238.98,1253.0,5841730.0
2026-07-17,600887,26.15,26.44,26.03,26.11,67180326.0
2026-07-17,600900,27.61,28.19,27.35,27.99,242860129.0
2026-07-17,600941,93.0,94.6,92.81,93.4,16682878.0
2026-07-17,601088,43.18,44.44,43.02,43.95,47985076.0
2026-07-17,601318,50.66,51.45,50.58,50.7,1072327.0
2026-07-17,601398,7.4,7.59,7.39,7.57,7151598.0
2026-07-17,601857,10.0,10.33,9.96,10.29,265004010.0
2026-07-20,000333,81.23,84.5,81.11,84.3,54704808.0
2026-07-20,510300,4.63,4.685,4.577,4.65,40104538.0
2026-07-20,510500,7.614,7.64,7.226,7.426,11709492.0
2026-07-20,511010,140.812,140.83,140.743,140.815,43703.0
2026-07-20,518880,8.311,8.362,8.3,8.318,2007208.0
2026-07-20,600036,37.95,38.91,37.89,38.91,1433610.0
2026-07-20,600519,1270.0,1329.0,1266.0,1327.5,10615115.0
2026-07-20,600887,26.02,27.0,26.0,27.0,100746344.0
2026-07-20,600900,27.75,28.98,27.75,28.98,229266916.0
2026-07-20,600941,93.4,96.08,93.4,95.8,20161171.0
2026-07-20,601088,43.9,46.14,43.73,46.14,57333385.0
2026-07-20,601318,50.72,53.27,50.71,53.23,1754451.0
2026-07-20,601398,7.5,7.74,7.48,7.74,6220762.0
2026-07-20,601857,10.37,11.11,10.36,11.01,380030998.0
2026-07-21,000333,84.15,85.75,83.61,84.27,45909911.0
2026-07-21,510300,4.677,4.789,4.617,4.787,27388321.0
2026-07-21,510500,7.423,7.805,7.277,7.792,11867794.0
2026-07-21,511010,140.814,140.828,140.785,140.824,196830.0
2026-07-21,518880,8.352,8.477,8.345,8.468,3211973.0
2026-07-21,600036,39.18,39.4,37.9,37.99,1560127.0
2026-07-21,600519,1338.98,1344.7,1296.87,1308.0,7714770.0
2026-07-21,600887,27.31,27.68,26.92,27.07,115257956.0
2026-07-21,600900,29.0,29.54,28.51,28.73,255005593.0
2026-07-21,600941,95.81,96.47,94.01,94.94,19419588.0
2026-07-21,601088,46.15,46.8,44.3,45.1,62161100.0
2026-07-21,601318,53.68,54.65,52.51,52.89,1599795.0
2026-07-21,601398,7.79,7.81,7.51,7.56,5758785.0
2026-07-21,601857,10.85,10.89,10.54,10.67,300265801.0
2026-07-22,000333,84.04,84.8,83.51,84.8,32691694.0
2026-07-22,510300,4.75,4.823,4.75,4.765,12650379.0
2026-07-22,510500,7.714,7.887,7.711,7.74,7464387.0
2026-07-22,511010,140.822,140.915,140.8,140.899,68477.0
2026-07-22,518880,8.555,8.614,8.546,8.56,6494273.0
2026-07-22,600036,37.85,38.71,37.63,38.71,1084546.0
2026-07-22,600519,1300.0,1308.0,1283.24,1305.0,6518140.0
2026-07-22,600887,26.91,27.38,26.8,27.38,71216454.0
2026-07-22,600900,28.53,29.09,28.34,29.09,168282572.0
2026-07-22,600941,94.7,94.8,92.01,94.09,21248306.0
2026-07-22,601088,44.68,45.44,44.05,45.44,47093898.0
2026-07-22,601318,52.44,53.98,52.01,53.95,1074273.0
2026-07-22,601398,7.51,7.6,7.42,7.6,4301543.0
2026-07-22,601857,10.78,10.92,10.65,10.92,181024703.0
2026-07-23,000333,84.67,85.18,84.27,84.77,19123849.0
2026-07-23,510300,4.774,4.795,4.755,4.787,5811786.0
2026-07-23,510500,7.741,7.803,7.661,7.737,2501477.0
2026-07-23,511010,140.9,140.98,140.845,140.867,192811.0
2026-07-23,518880,8.604,8.61,8.541,8.56,3712662.0
2026-07-23,600036,38.68,38.99,38.45,38.91,794938.0
2026-07-23,600519,1299.8,1303.0,1285.43,1292.01,3391769.0
2026-07-23,600887,27.5,27.5,27.02,27.23,59740540.0
2026-07-23,600900,29.09,29.17,28.66,28.94,108155288.0
2026-07-23,600941,93.79,95.1,93.79,94.43,9313618.0
2026-07-23,601088,45.4,45.7,44.67,45.32,31408468.0
2026-07-23,601318,53.8,54.59,53.45,54.3,739547.0
2026-07-23,601398,7.58,7.7,7.56,7.68,3156883.0
2026-07-23,601857,10.74,11.02,10.73,10.88,155247476.0
2026-07-24,000333,84.75,85.2,84.11,84.5,23791082.0
2026-07-24,510300,4.75,4.759,4.699,4.701,10247632.0
2026-07-24,510500,7.651,7.712,7.541,7.545,3406830.0
2026-07-24,511010,140.869,140.899,140.84,140.874,57626.0
2026-07-24,518880,8.4,8.42,8.36,8.385,3696369.0
2026-07-24,600036,39.18,39.25,38.9,39.2,982960.0
2026-07-24,600519,1305.0,1309.21,1286.2,1297.41,3569892.0
2026-07-24,600887,27.48,27.48,26.88,27.04,57118637.0
2026-07-24,600900,29.2,29.3,28.75,28.9,102175770.0
2026-07-24,600941,94.58,95.2,94.4,94.69,9188498.0
2026-07-24,601088,46.0,46.0,45.09,45.7,33796367.0
2026-07-24,601318,54.58,54.6,53.6,54.02,852622.0
2026-07-24,601398,7.76,7.79,7.67,7.75,3689522.0
2026-07-24,601857,11.0,11.18,10.77,11.03,247691098.0
2026-07-27,000333,84.03,84.55,83.2,84.13,22819203.0
2026-07-27,510300,4.702,4.758,4.674,4.753,9715927.0
2026-07-27,510500,7.544,7.739,7.484,7.726,5908661.0
2026-07-27,511010,140.874,140.888,140.818,140.841,42748.0
2026-07-27,518880,8.503,8.527,8.476,8.502,2567335.0
2026-07-27,600036,39.12,39.24,38.69,39.0,715846.0
2026-07-27,600519,1308.0,1308.0,1279.58,1289.5,3199044.0
2026-07-27,600887,26.94,26.94,26.0,26.06,107391351.0
2026-07-27,600900,29.15,29.15,28.3,28.35,138719264.0
2026-07-27,600941,94.71,95.4,94.12,94.39,7903929.0
2026-07-27,601088,45.7,45.7,44.5,44.83,31397163.0
2026-07-27,601318,54.27,54.27,53.03,53.41,651424.0
2026-07-27,601398,7.79,7.79,7.69,7.73,3228960.0
2026-07-27,601857,10.51,10.99,10.42,10.9,233362493.0
2026-07-28,000333,84.12,85.92,84.01,85.37,33671143.0
2026-07-28,510300,4.69,4.7,4.609,4.627,16853987.0
2026-07-28,510500,7.608,7.647,7.429,7.463,7990759.0
2026-07-28,511010,140.843,140.861,140.811,140.832,50936.0
2026-07-28,518880,8.391,8.406,8.372,8.4,2137057.0
2026-07-28,600036,39.17,39.59,38.95,39.59,1050187.0
2026-07-28,600519,1299.0,1320.0,1289.52,1320.0,5313457.0
2026-07-28,600887,26.22,26.67,26.02,26.58,69084770.0
2026-07-28,600900,28.45,29.07,28.31,29.07,161302844.0
2026-07-28,600941,94.23,96.79,94.23,96.35,15674801.0
2026-07-28,601088,44.53,45.44,43.96,45.44,36729283.0
2026-07-28,601318,53.6,54.2,53.1,54.2,660820.0
2026-07-28,601398,7.77,7.97,7.73,7.97,5808238.0
2026-07-28,601857,10.81,11.1,10.71,11.1,180700047.0
2026-07-29,000333,85.35,87.5,85.1,87.01,47814431.0
2026-07-29,510300,4.624,4.686,4.574,4.657,15092027.0
2026-07-29,510500,7.46,7.593,7.342,7.54,7014733.0
2026-07-29,511010,140.821,140.85,140.802,140.827,74226.0
2026-07-29,518880,8.34,8.399,8.34,8.392,2715564.0
2026-07-29,600036,39.98,40.07,39.49,39.66,1148712.0
2026-07-29,600519,1333.83,1343.48,1312.06,1321.0,6232985.0
2026-07-29,600887,27.37,27.48,26.72,27.31,100316910.0
2026-07-29,600900,29.5,29.57,28.7,28.93,131444127.0
2026-07-29,600941,96.35,97.79,96.01,97.3,15051945.0
2026-07-29,601088,45.99,45.99,44.9,45.03,30120400.0
2026-07-29,601318,54.47,54.7,53.71,54.3,871119.0
2026-07-29,601398,8.03,8.04,7.88,7.95,4269615.0
2026-07-29,601857,11.1,11.1,10.84,10.89,168381041.0
2026-07-30,000333,87.01,89.5,86.5,88.95,46149832.0
2026-07-30,510300,4.63,4.655,4.536,4.605,15120389.0
2026-07-30,510500,7.49,7.557,7.22,7.336,9016071.0
2026-07-30,511010,140.823,140.86,140.818,140.853,72295.0
2026-07-30,518880,8.463,8.484,8.35,8.36,4033315.0
2026-07-30,600036,39.66,40.55,39.55,40.55,1374580.0
2026-07-30,600519,1323.0,1362.0,1322.0,1361.76,7187261.0
2026-07-30,600887,27.19,27.7,27.11,27.69,97885622.0
2026-07-30,600900,28.85,29.53,28.81,29.49,193063376.0
2026-07-30,600941,97.1,99.19,96.83,98.7,20810115.0
2026-07-30,601088,45.0,45.79,44.87,45.7,36659445.0
2026-07-30,601318,54.06,55.8,54.06,55.8,1058458.0
2026-07-30,601398,7.94,8.16,7.91,8.15,5723605.0
2026-07-30,601857,10.94,11.27,10.94,11.27,205253122.0
2026-07-31,000333,87.01,87.79,84.51,87.6,47504454.0
2026-07-31,510300,4.68,4.703,4.644,4.653,15016263.0
2026-07-31,510500,7.6,7.679,7.491,7.5,9936368.0
2026-07-31,511010,140.85,140.972,140.85,140.97,16707.0
2026-07-31,518880,8.46,8.464,8.42,8.433,2983895.0
2026-07-31,600036,39.85,40.17,39.04,39.62,1491550.0
2026-07-31,600519,1330.03,1355.72,1325.77,1350.6,5512752.0
2026-07-31,600887,27.13,27.42,26.93,27.1,79087404.0
2026-07-31,600900,28.99,29.09,28.47,29.09,172339493.0
2026-07-31,600941,97.5,97.5,95.45,97.41,20138353.0
2026-07-31,601088,44.5,45.69,43.88,45.69,48600409.0
2026-07-31,601318,54.91,55.03,54.2,54.9,1055130.0
2026-07-31,601398,7.97,8.01,7.79,7.99,6044834.0
2026-07-31,601857,10.96,11.14,10.91,11.08,163026465.0
2026-08-03,000333,87.39,87.97,85.65,85.9,33669260.0
2026-08-03,510300,4.624,4.638,4.591,4.599,9263921.0
2026-08-03,510500,7.461,7.52,7.417,7.42,2995150.0
2026-08-03,511010,140.993,141.048,140.94,140.957,113217.0
2026-08-03,518880,8.4,8.43,8.383,8.417,3223144.0
2026-08-03,600036,39.88,40.42,39.8,40.36,1217493.0
2026-08-03,600519,1350.6,1363.35,1346.0,1358.98,3614686.0
2026-08-03,600887,27.25,27.63,26.98,27.12,64144574.0
2026-08-03,600900,28.99,29.2,28.75,29.05,101801037.0
2026-08-03,600941,97.4,99.41,96.71,98.97,15991539.0
2026-08-03,601088,44.92,44.98,43.64,43.73,41208985.0
2026-08-03,601318,54.8,55.58,54.7,55.55,754694.0
2026-08-03,601398,7.93,8.01,7.74,7.96,5128943.0
2026-08-03,601857,10.95,11.11,10.9,11.05,123732052.0
2026-08-04,000333,85.99,86.2,84.66,85.14,38112065.0
2026-08-04,510300,4.618,4.672,4.615,4.651,11730429.0
2026-08-04,510500,7.47,7.665,7.464,7.601,6648014.0
2026-08-04,511010,140.957,141.009,140.956,140.991,30847.0
2026-08-04,518880,8.394,8.425,8.391,8.408,2442897.0
2026-08-04,600036,40.16,40.16,39.21,39.28,1104999.0
2026-08-04,600519,1350.06,1350.94,1328.36,1328.36,3745031.0
2026-08-04,600887,26.91,27.09,26.35,26.37,70988917.0
2026-08-04,600900,28.89,29.02,28.18,28.3,150898453.0
2026-08-04,600941,98.82,99.18,96.09,96.42,15813983.0
2026-08-04,601088,43.5,43.5,42.73,43.15,38528423.0
2026-08-04,601318,55.35,55.39,53.88,53.93,915895.0
2026-08-04,601398,7.87,7.88,7.63,7.66,5772571.0
2026-08-04,601857,10.98,11.02,10.83,10.86,129541459.0
2026-08-05,000333,85.0,85.6,84.28,85.47,29129662.0
2026-08-05,510300,4.62,4.737,4.613,4.714,14245658.0
2026-08-05,510500,7.6,7.854,7.575,7.815,5359097.0
2026-08-05,511010,141.004,141.031,140.984,141.0,106502.0
2026-08-05,518880,8.459,8.644,8.442,8.64,7474522.0
2026-08-05,600036,39.18,39.48,38.72,38.94,960454.0
2026-08-05,600519,1328.36,1333.8,1303.5,1306.45,4268859.0
2026-08-05,600887,26.37,26.55,26.07,26.37,53225750.0
2026-08-05,600900,28.28,28.3,27.65,27.76,162011766.0
2026-08-05,600941,96.2,96.33,95.16,95.99,11438979.0
2026-08-05,601088,42.81,43.25,42.38,43.0,27399003.0
2026-08-05,601318,53.94,54.24,53.15,54.02,733965.0
2026-08-05,601398,7.63,7.65,7.47,7.52,5764386.0
2026-08-05,601857,10.74,10.78,10.54,10.63,163520277.0
2026-08-06,000333,85.5,86.0,84.8,85.32,20869634.0
2026-08-06,510300,4.688,4.731,4.668,4.709,8783560.0
2026-08-06,510500,7.75,7.872,7.723,7.832,5939539.0
2026-08-06,511010,141.011,141.03,140.983,141.015,162068.0
2026-08-06,518880,8.88,8.905,8.783,8.795,8200628.0
2026-08-06,600036,39.0,39.15,38.47,38.97,853755.0
2026-08-06,600519,1310.0,1314.4,1300.01,1308.55,2546328.0
2026-08-06,600887,26.4,26.54,26.18,26.32,41928590.0
2026-08-06,600900,27.77,27.83,27.57,27.75,107092691.0
2026-08-06,600941,95.99,97.0,95.15,96.45,9649467.0
2026-08-06,601088,42.9,44.27,42.9,43.97,39505666.0
2026-08-06,601318,54.0,54.21,53.16,53.5,661675.0
2026-08-06,601398,7.54,7.58,7.46,7.57,4905356.0
2026-08-06,601857,10.67,10.75,10.56,10.68,125401273.0
2026-08-07,000333,85.26,85.33,82.97,83.5,40016776.0
2026-08-07,510300,4.706,4.764,4.706,4.751,9435356.0
2026-08-07,510500,7.82,7.993,7.767,7.987,3700689.0
2026-08-07,511010,141.015,141.086,140.994,141.086,228398.0
2026-08-07,518880,8.775,8.892,8.774,8.892,6963895.0
2026-08-07,600036,38.9,39.1,38.48,38.8,779647.0
2026-08-07,600519,1308.66,1315.28,1301.0,1309.22,2497581.0
2026-08-07,600887,26.3,26.35,26.01,26.21,45025270.0
2026-08-07,600900,27.76,27.84,27.51,27.75,103438314.0
2026-08-07,600941,96.48,96.69,94.85,95.5,10481923.0
2026-08-07,601088,43.89,44.37,43.38,43.94,26835226.0
2026-08-07,601318,53.49,53.68,53.17,53.38,498638.0
2026-08-07,601398,7.53,7.59,7.45,7.53,3712310.0
2026-08-07,601857,10.78,10.88,10.74,10.77,117396114.0
2026-08-10,000333,83.5,86.07,83.12,85.3,31141903.0
2026-08-10,510300,4.755,4.772,4.72,4.759,5610852.0
2026-08-10,510500,8.002,8.04,7.922,8.037,3222276.0
2026-08-10,511010,141.1,141.117,141.042,141.101,61330.0
2026-08-10,518880,8.94,9.005,8.908,9.005,6699550.0
2026-08-10,600036,38.79,39.27,38.7,38.91,651758.0
2026-08-10,600519,1325.0,1359.97,1318.08,1348.86,6268572.0
2026-08-10,600887,26.1,26.55,26.08,26.26,53548720.0
2026-08-10,600900,27.68,28.21,27.57,28.05,118747347.0
2026-08-10,600941,95.12,97.61,94.77,96.7,10893645.0
2026-08-10,601088,43.79,44.96,43.71,44.68,29863087.0
2026-08-10,601318,53.28,53.66,53.2,53.32,595323.0
2026-08-10,601398,7.49,7.57,7.47,7.53,3073877.0
2026-08-10,601857,10.73,11.02,10.72,10.85,108710097.0
2026-08-11,000333,85.26,86.12,85.03,85.62,19509179.0
2026-08-11,510300,4.75,4.775,4.722,4.728,5353219.0
2026-08-11,510500,7.993,8.093,7.959,7.989,2190261.0
2026-08-11,511010,141.1,141.103,141.065,141.07,52086.0
2026-08-11,518880,9.13,9.163,9.001,9.009,9266083.0
2026-08-11,600036,39.0,39.2,38.77,38.95,500770.0
2026-08-11,600519,1348.0,1352.65,1338.0,1346.5,2707300.0
2026-08-11,600887,26.26,26.46,26.06,26.1,46357639.0
2026-08-11,600900,28.09,28.4,27.96,28.31,109150749.0
2026-08-11,600941,96.52,97.26,96.02,96.42,6891569.0
2026-08-11,601088,44.94,45.13,44.3,44.7,25312479.0
2026-08-11,601318,53.3,53.44,52.5,52.55,646895.0
2026-08-11,601398,7.52,7.6,7.51,7.6,3320984.0
2026-08-11,601857,10.99,11.22,10.95,11.06,136330811.0
2026-08-12,000333,85.18,85.37,84.16,84.34,21928458.0
2026-08-12,510300,4.727,4.759,4.72,4.748,9010137.0
2026-08-12,510500,7.982,8.086,7.973,8.053,1808726.0
2026-08-12,511010,141.07,141.1,141.026,141.084,95334.0
2026-08-12,518880,9.07,9.121,9.051,9.103,5861954.0
2026-08-12,600036,38.95,38.97,38.56,38.7,557489.0
2026-08-12,600519,1346.5,1356.88,1332.51,1343.0,3505960.0
2026-08-12,600887,26.1,26.1,25.73,25.91,46127440.0
2026-08-12,600900,28.21,28.3,27.96,28.02,68860401.0
2026-08-12,600941,96.5,96.51,95.7,96.22,8143437.0
2026-08-12,601088,44.5,44.94,44.05,44.07,23363855.0
2026-08-12,601318,52.5,52.92,52.21,52.6,532104.0
2026-08-12,601398,7.57,7.59,7.49,7.52,3193780.0
2026-08-12,601857,11.0,11.0,10.66,10.66,148391468.0
2026-08-13,000333,84.19,84.57,83.8,84.19,19974952.0
2026-08-13,510300,4.77,4.786,4.725,4.729,9155827.0
2026-08-13,510500,8.085,8.149,7.979,7.98,3508877.0
2026-08-13,511010,141.104,141.14,141.08,141.131,192976.0
2026-08-13,518880,9.126,9.144,9.016,9.042,5373857.0
2026-08-13,600036,38.59,38.81,38.5,38.77,501985.0
2026-08-13,600519,1338.0,1359.6,1337.0,1355.29,3235348.0
2026-08-13,600887,25.89,26.04,25.77,25.89,32401536.0
2026-08-13,600900,27.9,28.24,27.8,28.24,76607981.0
2026-08-13,600941,96.19,96.44,95.82,96.11,5661481.0
2026-08-13,601088,43.87,44.45,43.6,44.34,26947694.0
2026-08-13,601318,52.49,52.98,52.31,52.8,524006.0
2026-08-13,601398,7.48,7.6,7.46,7.6,3889548.0
2026-08-13,601857,10.59,10.62,10.42,10.56,117588292.0
2026-08-14,000333,83.77,84.3,83.0,83.03,22392363.0
2026-08-14,510300,4.737,4.742,4.701,4.726,6859530.0
2026-08-14,510500,8.0,8.024,7.91,7.998,2546785.0
2026-08-14,511010,141.133,141.185,141.129,141.18,110966.0
2026-08-14,518880,8.906,8.949,8.891,8.946,5250784.0
2026-08-14,600036,38.65,38.75,38.46,38.46,486802.0
2026-08-14,600519,1355.0,1359.0,1338.14,1341.99,2985315.0
2026-08-14,600887,25.81,25.89,25.49,25.51,43784626.0
2026-08-14,600900,28.11,28.21,27.93,28.1,73543285.0
2026-08-14,600941,95.69,98.13,95.48,97.71,13792224.0
2026-08-14,601088,44.22,44.93,43.82,44.72,22025791.0
2026-08-14,601318,52.67,52.77,51.75,51.75,642788.0
2026-08-14,601398,7.54,7.63,7.53,7.56,2778729.0
2026-08-14,601857,10.48,10.72,10.43,10.66,94759952.0
2026-08-17,000333,83.15,83.28,82.39,82.61,18845181.0
2026-08-17,510300,4.73,4.802,4.725,4.801,8356561.0
2026-08-17,510500,8.005,8.198,7.998,8.197,2791381.0
2026-08-17,511010,141.181,141.255,141.176,141.217,37391.0
2026-08-17,518880,9.09,9.095,9.048,9.068,4450546.0
2026-08-17,600036,38.35,38.46,38.06,38.2,656744.0
2026-08-17,600519,1295.0,1301.0,1280.34,1293.09,7842956.0
2026-08-17,600887,25.41,25.47,25.17,25.23,58506144.0
2026-08-17,600900,28.08,28.15,27.91,27.96,75398039.0
2026-08-17,600941,97.58,97.7,95.75,96.02,10080698.0
2026-08-17,601088,44.72,45.17,44.6,44.79,21212257.0
2026-08-17,601318,51.75,51.99,51.51,51.8,502143.0
2026-08-17,601398,7.55,7.6,7.52,7.56,2295920.0
2026-08-17,601857,10.66,10.77,10.64,10.67,91049747.0
2026-08-18,000333,82.8,83.89,82.39,83.58,22707020.0
2026-08-18,510300,4.794,4.803,4.751,4.787,6576444.0
2026-08-18,510500,8.194,8.223,8.075,8.185,3072561.0
2026-08-18,511010,141.217,141.299,141.213,141.283,366275.0
2026-08-18,518880,9.111,9.126,9.047,9.078,3597531.0
2026-08-18,600036,38.15,38.36,38.03,38.29,601361.0
2026-08-18,600519,1291.0,1302.9,1285.17,1297.99,3872283.0
2026-08-18,600887,25.26,25.41,25.05,25.15,58317854.0
2026-08-18,600900,27.92,28.15,27.91,28.12,71508633.0
2026-08-18,600941,96.0,96.02,95.08,95.74,6074146.0
2026-08-18,601088,44.8,45.97,44.79,45.7,33658022.0
2026-08-18,601318,51.8,51.84,51.17,51.32,579000.0
2026-08-18,601398,7.54,7.68,7.54,7.67,3734241.0
2026-08-18,601857,10.75,10.96,10.73,10.92,113867304.0
2026-08-19,000333,83.51,84.78,83.38,84.72,33406706.0
2026-08-19,510300,4.748,4.749,4.627,4.654,15327229.0
2026-08-19,510500,8.085,8.085,7.781,7.804,4830535.0
2026-08-19,511010,141.285,141.313,141.25,141.269,62279.0
2026-08-19,518880,8.957,9.011,8.949,8.974,4002566.0
2026-08-19,600036,38.55,39.15,38.4,39.15,1248939.0
2026-08-19,600519,1300.0,1308.88,1290.5,1307.88,3754751.0
2026-08-19,600887,25.25,25.27,25.0,25.23,75732789.0
2026-08-19,600900,28.24,28.43,28.07,28.42,128036154.0
2026-08-19,600941,95.84,97.3,95.34,97.17,12278341.0
2026-08-19,601088,46.0,46.52,45.8,46.52,40002953.0
2026-08-19,601318,51.66,52.08,51.28,52.08,789826.0
2026-08-19,601398,7.71,7.83,7.7,7.8,4625910.0
2026-08-19,601857,11.05,11.22,10.98,11.21,206267075.0
2026-08-20,000333,84.78,85.53,83.95,85.38,26335546.0
2026-08-20,510300,4.67,4.689,4.632,4.653,7488663.0
2026-08-20,510500,7.855,7.931,7.818,7.863,2902146.0
2026-08-20,511010,141.266,141.266,141.197,141.235,113131.0
2026-08-20,518880,9.251,9.253,9.2,9.234,5522733.0
2026-08-20,600036,38.8,39.07,38.47,38.86,747857.0
2026-08-20,600519,1299.8,1306.88,1291.0,1291.5,2533166.0
2026-08-20,600887,25.1,25.52,25.04,25.52,67100989.0
2026-08-20,600900,28.21,28.35,28.02,28.16,82162445.0
2026-08-20,600941,96.86,97.44,96.33,96.7,8120913.0
2026-08-20,601088,46.0,47.11,45.8,46.55,27294396.0
2026-08-20,601318,51.85,52.15,51.6,52.14,495295.0
2026-08-20,601398,7.75,7.81,7.66,7.78,3897722.0
2026-08-20,601857,11.1,11.25,10.89,10.99,144784174.0
2026-08-21,000333,85.38,85.99,84.25,84.3,18021093.0
2026-08-21,510300,4.648,4.693,4.641,4.68,7273846.0
2026-08-21,510500,7.838,7.898,7.768,7.866,2865688.0
2026-08-21,511010,141.235,141.269,141.218,141.255,13204.0
2026-08-21,518880,9.301,9.391,9.295,9.388,8229367.0
2026-08-21,600036,38.8,39.1,38.76,38.9,514219.0
2026-08-21,600519,1291.5,1291.5,1272.01,1272.83,3347231.0
2026-08-21,600887,25.45,25.61,25.26,25.4,43318241.0
2026-08-21,600900,28.15,28.23,27.93,27.96,63514724.0
2026-08-21,600941,96.57,96.97,96.09,96.25,6270677.0
2026-08-21,601088,46.34,46.9,46.29,46.41,18121401.0
2026-08-21,601318,53.01,53.59,52.8,53.35,1115990.0
2026-08-21,601398,7.75,7.84,7.75,7.77,2665293.0
2026-08-21,601857,11.05,11.39,11.05,11.2,137336836.0
2026-08-24,000333,84.11,86.35,84.05,85.99,27668264.0
2026-08-24,510300,4.678,4.692,4.593,4.627,9229738.0
2026-08-24,510500,7.859,7.875,7.63,7.74,3524545.0
2026-08-24,511010,141.255,141.296,141.201,141.29,19457.0
2026-08-24,518880,9.488,9.582,9.48,9.564,9136328.0
2026-08-24,600036,38.87,39.7,38.77,39.58,1045783.0
2026-08-24,600519,1271.01,1313.8,1270.33,1304.66,4843957.0
2026-08-24,600887,25.33,25.94,25.3,25.84,67721947.0
2026-08-24,600900,27.93,28.25,27.86,28.15,93557336.0
2026-08-24,600941,96.05,98.04,96.05,97.53,12757470.0
2026-08-24,601088,46.38,47.0,46.29,46.89,23941219.0
2026-08-24,601318,53.34,55.22,53.3,54.92,1307614.0
2026-08-24,601398,7.76,7.93,7.73,7.89,3567580.0
2026-08-24,601857,11.07,11.26,11.05,11.17,100553555.0
2026-08-25,000333,86.2,87.4,86.03,86.69,25305523.0
2026-08-25,510300,4.601,4.639,4.587,4.616,7452568.0
2026-08-25,510500,7.663,7.777,7.594,7.726,3782961.0
2026-08-25,511010,141.292,141.339,141.283,141.302,82908.0
2026-08-25,518880,9.607,9.62,9.497,9.533,9249732.0
2026-08-25,600036,39.7,39.92,39.42,39.5,634183.0
2026-08-25,600519,1311.89,1317.0,1301.11,1304.0,2111118.0
2026-08-25,600887,25.94,26.1,25.73,25.9,41880285.0
2026-08-25,600900,28.16,28.39,28.12,28.21,90148572.0
2026-08-25,600941,97.6,99.06,97.54,98.86,12696129.0
2026-08-25,601088,46.89,47.5,46.73,47.17,25796575.0
2026-08-25,601318,55.06,55.42,54.65,55.01,739290.0
2026-08-25,601398,7.92,7.97,7.87,7.9,2918582.0
2026-08-25,601857,11.21,11.3,11.14,11.19,78554698.0
2026-08-26,000333,86.03,87.26,86.02,86.39,16637658.0
2026-08-26,510300,4.615,4.68,4.611,4.652,8463209.0
2026-08-26,510500,7.732,7.863,7.708,7.789,4360646.0
2026-08-26,511010,141.303,141.328,141.2,141.208,34307.0
2026-08-26,518880,9.539,9.588,9.498,9.517,5712794.0
2026-08-26,600036,39.41,39.98,39.38,39.8,646455.0
2026-08-26,600519,1300.0,1314.45,1295.0,1302.8,2173083.0
2026-08-26,600887,25.8,26.25,25.7,26.1,53978778.0
2026-08-26,600900,28.2,28.49,28.12,28.24,76106307.0
2026-08-26,600941,98.82,98.92,98.04,98.45,6286893.0
2026-08-26,601088,46.86,47.66,46.68,47.26,19573472.0
2026-08-26,601318,54.87,56.38,54.66,56.13,1053437.0
2026-08-26,601398,7.87,7.96,7.86,7.92,2396564.0
2026-08-26,601857,10.9,11.14,10.82,11.01,109698052.0
2026-08-27,000333,86.0,86.56,85.4,86.18,21921885.0
2026-08-27,510300,4.659,4.694,4.649,4.691,6419297.0
2026-08-27,510500,7.799,7.979,7.782,7.973,4170215.0
2026-08-27,511010,141.208,141.223,141.125,141.134,68461.0
2026-08-27,518880,9.504,9.54,9.445,9.446,5729584.0
2026-08-27,600036,39.63,39.94,39.32,39.58,614592.0
2026-08-27,600519,1304.0,1305.0,1288.0,1292.3,2476747.0
2026-08-27,600887,25.72,26.78,25.72,26.45,141859043.0
2026-08-27,600900,28.19,28.28,27.9,28.1,94775418.0
2026-08-27,600941,98.27,98.45,97.18,98.04,5773901.0
2026-08-27,601088,47.05,48.0,47.04,47.8,21724366.0
2026-08-27,601318,55.88,56.13,55.45,55.87,646568.0
2026-08-27,601398,7.89,7.93,7.77,7.82,3552996.0
2026-08-27,601857,11.03,11.15,10.94,11.08,122102619.0
2026-08-28,000333,86.5,86.98,85.42,86.23,16936204.0
2026-08-28,510300,4.684,4.706,4.675,4.679,6046933.0
2026-08-28,510500,7.96,8.004,7.913,7.923,2672216.0
2026-08-28,511010,141.137,141.137,141.08,141.112,183885.0
2026-08-28,518880,9.437,9.475,9.398,9.475,4737014.0
2026-08-28,600036,39.46,39.55,39.23,39.35,481033.0
2026-08-28,600519,1289.0,1297.89,1288.0,1297.4,1612611.0
2026-08-28,600887,26.39,26.9,26.08,26.86,74865698.0
2026-08-28,600900,28.01,28.07,27.87,28.05,67454352.0
2026-08-28,600941,97.89,98.07,96.88,97.86,6665543.0
2026-08-28,601088,47.8,48.18,47.08,47.63,22726453.0
2026-08-28,601318,55.76,55.96,55.26,55.85,497474.0
2026-08-28,601398,7.79,7.9,7.78,7.86,2397475.0
2026-08-28,601857,11.12,11.27,11.08,11.23,99283030.0
2026-08-31,000333,86.6,87.98,86.12,87.73,26791786.0
2026-08-31,510300,4.64,4.692,4.618,4.685,6731265.0
2026-08-31,510500,7.85,7.978,7.775,7.967,4777499.0
2026-08-31,511010,141.116,141.133,141.082,141.114,42060.0
2026-08-31,518880,9.16,9.171,9.05,9.135,9381908.0
2026-08-31,600036,39.51,40.28,39.5,40.12,1136251.0
2026-08-31,600519,1297.99,1305.0,1286.0,1299.52,2324759.0
2026-08-31,600887,26.82,26.92,26.5,26.5,67544454.0
2026-08-31,600900,28.01,28.14,27.8,28.09,98206717.0
2026-08-31,600941,97.85,99.23,97.51,99.05,10839268.0
2026-08-31,601088,48.0,48.97,47.55,48.78,39607184.0
2026-08-31,601318,55.92,56.17,55.68,55.82,545928.0
2026-08-31,601398,7.95,8.08,7.9,8.07,4030259.0
2026-08-31,601857,11.39,11.51,11.32,11.42,141912390.0
2026-09-01,000333,87.9,88.41,87.0,87.49,18426037.0
2026-09-01,510300,4.683,4.705,4.666,4.684,8467983.0
2026-09-01,510500,7.967,7.967,7.87,7.881,3868859.0
2026-09-01,511010,141.143,141.196,141.123,141.187,195502.0
2026-09-01,518880,9.128,9.156,9.108,9.118,4510449.0
2026-09-01,600036,40.04,40.88,39.9,40.86,1147661.0
2026-09-01,600519,1295.0,1307.99,1286.1,1299.56,3266402.0
2026-09-01,600887,26.43,26.85,26.39,26.5,65751718.0
2026-09-01,600900,28.02,28.46,27.9,28.4,124047349.0
2026-09-01,600941,99.0,100.2,98.4,99.89,11082894.0
2026-09-01,601088,48.78,49.48,48.24,48.3,32302323.0
2026-09-01,601318,55.78,57.44,55.41,57.23,1080897.0
2026-09-01,601398,8.04,8.18,8.02,8.15,3572860.0
2026-09-01,601857,11.46,11.56,11.39,11.43,113653774.0
2026-09-02,000333,87.37,87.89,86.68,86.98,12320101.0
2026-09-02,510300,4.65,4.654,4.601,4.62,6364598.0
2026-09-02,510500,7.796,7.798,7.706,7.751,3761652.0
2026-09-02,511010,141.187,141.198,141.144,141.166,355571.0
2026-09-02,518880,8.9,8.922,8.833,8.902,8497015.0
2026-09-02,600036,40.9,41.0,40.63,40.87,648611.0
2026-09-02,600519,1302.8,1303.0,1291.2,1297.5,2030845.0
2026-09-02,600887,26.64,26.79,26.45,26.57,76932124.0
2026-09-02,600900,28.49,28.85,28.35,28.72,124955254.0
2026-09-02,600941,99.88,100.94,99.76,100.8,13265944.0
2026-09-02,601088,48.95,49.05,47.4,48.05,34721465.0
2026-09-02,601318,57.11,57.48,56.47,56.63,600534.0
2026-09-02,601398,8.19,8.29,8.14,8.22,3717999.0
2026-09-02,601857,11.58,11.63,11.23,11.26,143045732.0
2026-09-03,000333,87.25,88.5,86.56,87.25,14859632.0
2026-09-03,510300,4.631,4.65,4.605,4.621,4981830.0
2026-09-03,510500,7.791,7.825,7.702,7.781,3324163.0
2026-09-03,511010,141.2,141.233,141.185,141.23,287152.0
2026-09-03,518880,9.045,9.135,9.045,9.105,6510650.0
2026-09-03,600036,40.76,41.36,40.52,41.07,768716.0
2026-09-03,600519,1297.5,1305.0,1293.02,1298.88,1774765.0
2026-09-03,600887,26.46,26.85,26.46,26.56,53681233.0
2026-09-03,600900,28.62,28.82,28.41,28.44,73811515.0
2026-09-03,600941,100.6,101.0,100.3,100.53,6984155.0
2026-09-03,601088,48.0,48.58,47.67,47.78,21839727.0
2026-09-03,601318,56.6,58.58,56.5,58.0,1087120.0
2026-09-03,601398,8.16,8.27,8.07,8.1,3316455.0
2026-09-03,601857,11.2,11.4,11.16,11.21,93816433.0
2026-09-04,000333,87.0,88.28,86.02,87.57,17952369.0
2026-09-04,510300,4.637,4.672,4.599,4.616,8414655.0
2026-09-04,510500,7.826,7.88,7.63,7.673,5259173.0
2026-09-04,511010,141.226,141.24,141.217,141.221,336476.0
2026-09-04,518880,9.21,9.218,9.16,9.164,4615570.0
2026-09-04,600036,41.05,41.78,40.95,41.69,845229.0
2026-09-04,600519,1295.88,1338.86,1295.6,1330.0,4541564.0
2026-09-04,600887,26.56,27.0,26.41,26.86,74474960.0
2026-09-04,600900,28.38,28.59,28.34,28.42,68260323.0
2026-09-04,600941,100.13,100.88,99.6,100.3,6396953.0
2026-09-04,601088,47.77,48.09,47.22,47.61,19862745.0
2026-09-04,601318,57.88,58.99,57.88,58.24,783552.0
2026-09-04,601398,8.07,8.21,8.06,8.13,2438905.0
2026-09-04,601857,11.2,11.35,11.13,11.17,91462474.0
2026-09-07,000333,87.54,87.7,85.96,86.27,22890520.0
2026-09-07,510300,4.635,4.649,4.612,4.634,9930783.0
2026-09-07,510500,7.704,7.822,7.7,7.771,6646907.0
2026-09-07,511010,141.235,141.239,141.205,141.222,214284.0
2026-09-07,518880,9.021,9.076,9.009,9.024,5015778.0
2026-09-07,600036,41.65,41.76,41.03,41.07,738683.0
2026-09-07,600519,1324.0,1333.6,1312.66,1316.01,2524962.0
2026-09-07,600887,26.83,27.02,26.43,26.61,67414502.0
2026-09-07,600900,28.4,28.47,27.78,27.85,159765966.0
2026-09-07,600941,100.18,100.39,98.0,98.7,9708589.0
2026-09-07,601088,47.5,47.76,45.22,46.09,47517719.0
2026-09-07,601318,58.24,58.45,56.18,56.36,1117289.0
2026-09-07,601398,8.15,8.2,7.95,7.97,3415493.0
2026-09-07,601857,11.2,11.28,10.89,11.02,132264958.0
2026-09-08,000333,85.88,86.38,84.68,85.15,22943453.0
2026-09-08,510300,4.638,4.657,4.61,4.624,6125122.0
2026-09-08,510500,7.78,7.86,7.752,7.788,2887322.0
2026-09-08,511010,141.223,141.23,141.182,141.21,186855.0
2026-09-08,518880,9.102,9.123,9.039,9.047,4143978.0
2026-09-08,600036,41.01,41.38,40.81,40.9,493102.0
2026-09-08,600519,1318.0,1323.0,1309.05,1309.3,1753404.0
2026-09-08,600887,26.6,26.77,26.5,26.53,45410794.0
2026-09-08,600900,27.84,27.89,27.63,27.87,91849100.0
2026-09-08,600941,98.5,98.98,97.41,97.7,8762023.0
2026-09-08,601088,46.0,46.33,45.6,46.32,25928795.0
2026-09-08,601318,56.0,56.8,55.68,55.7,700768.0
2026-09-08,601398,7.97,8.02,7.85,7.94,2835692.0
2026-09-08,601857,11.01,11.3,10.99,11.3,128273160.0
2026-09-09,600036,40.85,41.21,40.75,41.1,219309.0
2026-09-09,601318,55.7,56.57,55.57,56.51,296661.0
2026-09-09,601398,7.91,8.0,7.88,8.0,1048444.0
