date,symbol,open,high,low,close,volume
2024-01-02,BACHY,9.36,9.58,9.32,9.415,34473.0
2024-01-02,BASFY,13.31,13.41,13.31,13.33,140512.0
2024-01-02,BYDDY,54.48,54.78,53.52,53.7,882167.0
2024-01-02,DTEGY,24.06,24.23,24.03,24.055,226119.0
2024-01-02,NSRGY,112.78,115.61,112.75,115.5,403421.0
2024-01-02,NTDOY,12.97,12.97,12.8,12.8,622184.0
2024-01-02,RHHBY,36.08,36.5,35.37,36.35,1545930.0
2024-01-02,SFTBY,21.9,21.95,21.6,21.61,265713.0
2024-01-02,TCEHY,37.59,37.72,37.36,37.4,2813670.0
2024-01-02,VWAGY,12.96,13.0,12.86,12.98,256035.0
2024-01-03,BACHY,9.36,9.42,9.36,9.42,22974.0
2024-01-03,BASFY,13.03,13.04,12.9,12.97,87799.0
2024-01-03,BYDDY,53.93,54.53,53.8,54.46,788262.0
2024-01-03,DTEGY,24.32,24.44,24.28,24.3,116538.0
2024-01-03,NSRGY,117.07,117.55,116.16,116.58,388105.0
2024-01-03,NTDOY,12.8,12.89,12.6,12.7,439246.0
2024-01-03,RHHBY,36.86,37.245,36.78,37.22,1679741.0
2024-01-03,SFTBY,21.5,21.55,21.3,21.39,204976.0
2024-01-03,TCEHY,38.12,38.79,38.08,38.75,3182803.0
2024-01-03,VWAGY,12.56,12.6,12.51,12.54,404637.0
2024-01-04,BACHY,9.45,9.45,9.4175,9.43,14665.0
2024-01-04,BASFY,12.93,13.02,12.93,12.98,75594.0
2024-01-04,BYDDY,54.47,54.47,51.1,53.61,681079.0
2024-01-04,DTEGY,24.65,24.65,24.54,24.59,121231.0
2024-01-04,NSRGY,115.22,116.34,115.19,116.16,426220.0
2024-01-04,NTDOY,12.52,12.52,12.35,12.42,514952.0
2024-01-04,RHHBY,37.01,37.49,37.01,37.46,2024895.0
2024-01-04,SFTBY,21.02,21.08,20.85,20.95,243862.0
2024-01-04,TCEHY,38.04,38.12,37.76,37.82,3255640.0
2024-01-04,VWAGY,12.74,12.82,12.71,12.78,239265.0
2024-01-05,BACHY,9.84,9.84,9.42,9.43,83940.0
2024-01-05,BASFY,12.8,12.94,12.725,12.74,78904.0
2024-01-05,BYDDY,53.73,53.89,53.32,53.37,388376.0
2024-01-05,DTEGY,24.62,24.88,24.53,24.582,91620.0
2024-01-05,NSRGY,115.87,116.71,115.42,115.8,529760.0
2024-01-05,NTDOY,12.42,12.6,12.42,12.49,421261.0
2024-01-05,RHHBY,36.93,37.16,36.76,37.03,2105848.0
2024-01-05,SFTBY,20.6,21.31,20.6,20.99,264253.0
2024-01-05,TCEHY,37.38,37.59,37.27,37.36,2920041.0
2024-01-05,VWAGY,12.92,13.12,12.88,13.04,260677.0
2024-01-08,BACHY,9.32,9.34,9.3125,9.34,25420.0
2024-01-08,BASFY,12.74,12.83,12.722,12.83,155244.0
2024-01-08,BYDDY,53.29,53.29,52.5,53.195,633203.0
2024-01-08,DTEGY,24.62,24.8,24.62,24.77,145927.0
2024-01-08,NSRGY,116.09,117.13,116.05,116.75,630238.0
2024-01-08,NTDOY,12.55,12.8,12.45,12.79,1120035.0
2024-01-08,RHHBY,36.94,37.33,36.9,37.3,1405380.0
2024-01-08,SFTBY,20.82,21.64,20.82,21.59,402491.0
2024-01-08,TCEHY,36.8,37.29,36.65,37.26,3054395.0
2024-01-08,VWAGY,13.14,13.35,13.12,13.3325,268136.0
2024-01-09,BACHY,9.43,9.43,9.04,9.3,68669.0
2024-01-09,BASFY,12.46,12.47,12.4,12.41,180975.0
2024-01-09,BYDDY,53.53,53.53,52.91,53.06,1066905.0
2024-01-09,DTEGY,24.44,24.69,24.4375,24.66,76454.0
2024-01-09,NSRGY,115.45,116.03,115.36,115.69,271648.0
2024-01-09,NTDOY,13.0,13.09,12.9,13.06,626507.0
2024-01-09,RHHBY,37.16,37.24,36.9,36.94,1377953.0
2024-01-09,SFTBY,21.47,21.71,21.47,21.62,311125.0
2024-01-09,TCEHY,36.11,36.32,36.04,36.26,4345117.0
2024-01-09,VWAGY,13.29,13.35,13.26,13.34,250090.0
2024-01-10,BACHY,9.3,9.31,9.24,9.28,29408.0
2024-01-10,BASFY,12.36,12.37,12.314,12.36,136006.0
2024-01-10,BYDDY,52.83,52.83,52.36,52.52,494585.0
2024-01-10,DTEGY,24.65,24.77,24.65,24.68,134392.0
2024-01-10,NSRGY,115.61,115.91,114.9,114.97,361562.0
2024-01-10,NTDOY,13.54,13.62,13.43,13.43,1040745.0
2024-01-10,RHHBY,37.27,37.37,37.09,37.15,966243.0
2024-01-10,SFTBY,21.96,21.97,21.75,21.83,150609.0
2024-01-10,TCEHY,35.89,35.96,35.69,35.83,3211392.0
2024-01-10,VWAGY,13.38,13.45,13.36,13.44,229399.0
2024-01-11,BACHY,9.3,9.31,9.278,9.31,30691.0
2024-01-11,BASFY,12.35,12.38,12.235,12.33,95834.0
2024-01-11,BYDDY,54.71,54.76,53.66,54.17,548865.0
2024-01-11,DTEGY,24.69,24.69,24.44,24.64,103734.0
2024-01-11,NSRGY,114.32,114.36,112.84,113.92,896048.0
2024-01-11,NTDOY,13.47,13.68,13.47,13.605,492558.0
2024-01-11,RHHBY,36.99,37.05,36.56,36.71,1775277.0
2024-01-11,SFTBY,21.88,22.21,21.88,22.18,389768.0
2024-01-11,TCEHY,36.64,36.8,36.36,36.79,2746868.0
2024-01-11,VWAGY,13.68,13.72,13.41,13.49,462894.0
2024-01-12,BACHY,9.33,9.3514,9.3,9.315,58217.0
2024-01-12,BASFY,12.3,12.3499,12.2175,12.26,74812.0
2024-01-12,BYDDY,54.28,54.454,53.8,53.88,309635.0
2024-01-12,DTEGY,24.69,24.8,24.6475,24.67,126384.0
2024-01-12,NSRGY,114.38,114.82,114.38,114.4875,156975.0
2024-01-12,NTDOY,13.92,14.02,13.92,13.93,954159.0
2024-01-12,RHHBY,37.11,37.28,36.92,36.97,1373424.0
2024-01-12,SFTBY,22.2,22.35,22.05,22.2,245327.0
2024-01-12,TCEHY,36.88,37.35,36.87,36.93,1523572.0
2024-01-12,VWAGY,13.26,13.34,13.09,13.13,192925.0
2024-01-16,BACHY,9.37,9.37,9.06,9.2,21011.0
2024-01-16,BASFY,12.0,12.0595,11.9475,11.96,151156.0
2024-01-16,BYDDY,52.84,52.85,52.05,52.14,638748.0
2024-01-16,DTEGY,24.72,24.888,24.71,24.75,165997.0
2024-01-16,NSRGY,114.28,114.58,113.86,114.0,355199.0
2024-01-16,NTDOY,13.78,13.83,13.63,13.65,770643.0
2024-01-16,RHHBY,36.4,36.97,36.2,36.3,1783882.0
2024-01-16,SFTBY,21.82,22.03,21.74,21.82,217836.0
2024-01-16,TCEHY,36.13,36.15,35.62,35.68,3244511.0
2024-01-16,VWAGY,12.87,12.97,12.835,12.91,418297.0
2024-01-17,BACHY,9.07,9.07,8.97,9.01,86382.0
2024-01-17,BASFY,11.73,11.762,11.66,11.75,134736.0
2024-01-17,BYDDY,49.94,50.14,49.81,50.09,722391.0
2024-01-17,DTEGY,24.71,24.82,24.59,24.77,136386.0
2024-01-17,NSRGY,112.96,113.39,112.49,113.21,313467.0
2024-01-17,NTDOY,13.35,13.44,13.27,13.34,714655.0
2024-01-17,RHHBY,35.76,35.79,35.46,35.6,1775994.0
2024-01-17,SFTBY,22.0,22.0,21.78,21.945,123561.0
2024-01-17,TCEHY,35.0,35.3,34.9,35.24,3438314.0
2024-01-17,VWAGY,12.58,12.65,12.55,12.61,446068.0
2024-01-18,BACHY,9.15,9.18,9.11,9.166,88379.0
2024-01-18,BASFY,11.82,11.9,11.772,11.89,160670.0
2024-01-18,BYDDY,50.55,50.72,50.15,50.45,322075.0
2024-01-18,DTEGY,24.79,25.0,24.78,24.97,172683.0
2024-01-18,NSRGY,112.3399,112.82,112.145,112.771,293057.0
2024-01-18,NTDOY,13.65,13.74,13.56,13.65,911688.0
2024-01-18,RHHBY,35.46,35.48,35.288,35.43,1321709.0
2024-01-18,SFTBY,21.95,22.41,21.95,22.36,253696.0
2024-01-18,TCEHY,35.49,35.59,35.24,35.49,4062174.0
2024-01-18,VWAGY,12.65,12.75,12.605,12.75,506439.0
2024-01-19,BACHY,9.099,9.23,9.099,9.18,31095.0
2024-01-19,BASFY,11.68,11.77,11.66,11.74,145116.0
2024-01-19,BYDDY,50.23,50.7,49.82,50.55,475324.0
2024-01-19,DTEGY,25.06,25.25,25.06,25.25,157688.0
2024-01-19,NSRGY,112.24,112.49,111.8701,112.25,261606.0
2024-01-19,NTDOY,13.69,13.766,13.63,13.74,647055.0
2024-01-19,RHHBY,35.29,35.34,35.02,35.34,1843561.0
2024-01-19,SFTBY,22.06,22.474,22.06,22.4455,128491.0
2024-01-19,TCEHY,34.71,35.41,34.46,35.21,5141880.0
2024-01-19,VWAGY,12.63,12.71,12.52,12.7,341775.0
2024-01-22,BACHY,9.0,9.02,8.96,8.985,38216.0
2024-01-22,BASFY,11.62,11.669,11.58,11.66,157301.0
2024-01-22,BYDDY,49.2,49.74,49.02,49.65,510069.0
2024-01-22,DTEGY,25.28,25.44,25.28,25.34,153740.0
2024-01-22,NSRGY,112.09,112.5,111.79,111.98,616190.0
2024-01-22,NTDOY,13.63,13.69,13.53,13.6,965499.0
2024-01-22,RHHBY,35.55,35.79,35.405,35.53,1396552.0
2024-01-22,SFTBY,22.54,22.86,22.54,22.77,252747.0
2024-01-22,TCEHY,33.54,34.17,33.48,34.115,4255180.0
2024-01-22,VWAGY,12.74,12.8,12.71,12.75,327481.0
2024-01-23,BACHY,9.12,9.12,9.03,9.085,31035.0
2024-01-23,BASFY,11.75,11.87,11.75,11.8,303252.0
2024-01-23,BYDDY,51.23,51.76,51.16,51.63,501423.0
2024-01-23,DTEGY,25.2199,25.32,25.156,25.24,98082.0
2024-01-23,NSRGY,110.4299,110.625,109.79,110.22,1188265.0
2024-01-23,NTDOY,13.6,13.6,13.48,13.52,474453.0
2024-01-23,RHHBY,35.04,35.13,34.95,35.1,1331059.0
2024-01-23,SFTBY,22.53,22.55,22.33,22.55,145026.0
2024-01-23,TCEHY,35.41,36.32,35.4,36.02,6448970.0
2024-01-23,VWAGY,13.6,13.6925,13.41,13.67,646274.0
2024-01-24,BACHY,9.42,9.46,9.4,9.44,128096.0
2024-01-24,BASFY,11.89,11.9295,11.82,11.82,214637.0
2024-01-24,BYDDY,52.21,52.29,51.09,51.24,562317.0
2024-01-24,DTEGY,25.51,25.64,25.28,25.28,152855.0
2024-01-24,NSRGY,110.96,111.11,109.9,109.9,454261.0
2024-01-24,NTDOY,13.4,13.48,13.36,13.36,585264.0
2024-01-24,RHHBY,35.23,35.5,35.22,35.28,1493574.0
2024-01-24,SFTBY,22.93,22.93,22.71,22.78,161236.0
2024-01-24,TCEHY,36.88,36.94,36.38,36.4,8089673.0
2024-01-24,VWAGY,13.88,13.92,13.78,13.81,253222.0
2024-01-25,BACHY,9.49,9.5,9.44,9.44,25109.0
2024-01-25,BASFY,12.05,12.19,12.04,12.17,193143.0
2024-01-25,BYDDY,50.74,50.99,50.2,50.51,473611.0
2024-01-25,DTEGY,25.2,25.33,25.1,25.15,172859.0
2024-01-25,NSRGY,110.15,111.33,109.95,111.26,1257295.0
2024-01-25,NTDOY,13.43,13.5,13.37,13.45,629803.0
2024-01-25,RHHBY,34.91,34.98,34.73,34.86,1503036.0
2024-01-25,SFTBY,22.51,22.69,22.36,22.47,145661.0
2024-01-25,TCEHY,37.06,37.34,36.72,37.0,5157063.0
2024-01-25,VWAGY,13.55,13.55,13.4306,13.53,283415.0
2024-01-26,BACHY,9.5,9.5171,9.49,9.5,18488.0
2024-01-26,BASFY,12.475,12.4995,12.3001,12.32,118089.0
2024-01-26,BYDDY,49.0,49.51,49.0,49.28,780183.0
2024-01-26,DTEGY,24.91,25.095,24.79,24.95,93834.0
2024-01-26,NSRGY,113.67,114.13,113.54,114.0,3483063.0
2024-01-26,NTDOY,13.3,13.4,13.3,13.4,456756.0
2024-01-26,RHHBY,35.89,35.91,35.55,35.64,1921277.0
2024-01-26,SFTBY,22.09,22.29,21.89,22.09,149082.0
2024-01-26,TCEHY,36.38,37.4556,36.2,36.55,3940023.0
2024-01-26,VWAGY,13.7801,13.842,13.7603,13.79,175297.0
2024-01-29,BACHY,9.53,9.53,9.43,9.47,31289.0
2024-01-29,BASFY,12.14,12.22,12.11,12.22,103721.0
2024-01-29,BYDDY,47.5,47.5,46.4,46.6,1104726.0
2024-01-29,DTEGY,24.78,25.04,24.75,25.04,99582.0
2024-01-29,NSRGY,114.66,115.76,114.32,115.53,938590.0
2024-01-29,NTDOY,13.62,13.7,13.6,13.7,523656.0
2024-01-29,RHHBY,35.62,35.84,35.6,35.82,1517714.0
2024-01-29,SFTBY,22.19,22.24,21.88,22.23,130334.0
2024-01-29,TCEHY,36.1,36.1,35.38,35.72,4463005.0
2024-01-29,VWAGY,13.69,13.89,13.6475,13.89,268175.0
2024-01-30,BACHY,9.37,9.39,9.33,9.38,119832.0
2024-01-30,BASFY,12.07,12.07,11.973,12.02,116185.0
2024-01-30,BYDDY,45.74,45.77,45.25,45.48,1127984.0
2024-01-30,DTEGY,24.934,24.934,24.77,24.806,100479.0
2024-01-30,NSRGY,114.8999,115.2,114.4,115.145,911416.0
2024-01-30,NTDOY,13.83,14.0,13.83,13.92,639278.0
2024-01-30,RHHBY,35.9,35.92,35.64,35.88,1295924.0
2024-01-30,SFTBY,22.03,22.14,21.88,21.93,135786.0
2024-01-30,TCEHY,34.8,35.04,34.75,34.9,4034832.0
2024-01-30,VWAGY,13.77,13.9,13.7463,13.86,376609.0
2024-01-31,BACHY,9.13,9.39,9.13,9.35,42758.0
2024-01-31,BASFY,12.07,12.085,11.89,11.9494,81611.0
2024-01-31,BYDDY,44.79,45.3,44.67,44.92,516855.0
2024-01-31,DTEGY,24.82,24.82,24.49,24.57,132760.0
2024-01-31,NSRGY,115.17,115.91,113.78,113.9,293827.0
2024-01-31,NTDOY,13.93,14.1,13.89,13.89,418788.0
2024-01-31,RHHBY,35.94,36.21,35.05,35.14,3124136.0
2024-01-31,SFTBY,21.65,21.9,21.6,21.6,82735.0
2024-01-31,TCEHY,34.6,35.2,34.5,34.84,3748824.0
2024-01-31,VWAGY,14.14,14.29,14.07,14.094,406631.0
2024-02-01,BACHY,9.19,9.32,9.16,9.305,16950.0
2024-02-01,BASFY,11.83,12.048,11.83,12.02,366062.0
2024-02-01,BYDDY,45.3,45.37,44.92,45.3,627476.0
2024-02-01,DTEGY,24.6,24.82,24.57,24.77,286432.0
2024-02-01,NSRGY,113.85,115.14,113.41,115.03,204262.0
2024-02-01,NTDOY,14.0,14.22,13.99,14.22,943821.0
2024-02-01,RHHBY,34.31,34.38,33.87,34.32,4563598.0
2024-02-01,SFTBY,21.52,21.95,21.52,21.86,103794.0
2024-02-01,TCEHY,34.92,35.95,34.6775,34.88,4952747.0
2024-02-01,VWAGY,14.26,14.29,14.09,14.236,346811.0
2024-02-02,BACHY,9.135,9.22,9.135,9.2,27684.0
2024-02-02,BASFY,12.08,12.11,11.98,12.02,141569.0
2024-02-02,BYDDY,44.16,44.22,43.92,44.21,774040.0
2024-02-02,DTEGY,24.62,24.71,24.42,24.5,247001.0
2024-02-02,NSRGY,114.93,114.93,113.57,114.25,220013.0
2024-02-02,NTDOY,14.1,14.29,14.02,14.29,2172382.0
2024-02-02,RHHBY,34.0,34.02,33.7,33.95,2087331.0
2024-02-02,SFTBY,21.63,21.91,21.63,21.82,265043.0
2024-02-02,TCEHY,35.35,35.42,35.09,35.29,4349278.0
2024-02-02,VWAGY,14.3,14.34,14.15,14.18,254106.0
2024-02-05,BACHY,9.12,9.3,9.12,9.3,43416.0
2024-02-05,BASFY,11.96,11.99,11.9,11.94,126612.0
2024-02-05,BYDDY,43.86,43.93,43.62,43.68,549659.0
2024-02-05,DTEGY,24.3,24.43,24.18,24.32,186162.0
2024-02-05,NSRGY,114.71,115.23,114.49,114.86,276598.0
2024-02-05,NTDOY,14.16,14.22,13.92,13.99,2588433.0
2024-02-05,RHHBY,33.19,33.35,32.85,33.16,2295803.0
2024-02-05,SFTBY,22.05,22.43,22.05,22.31,657757.0
2024-02-05,TCEHY,35.59,36.14,35.37,36.05,4001792.0
2024-02-05,VWAGY,14.15,14.16,14.03,14.08,170300.0
2024-02-06,BACHY,9.5,9.63,9.5,9.62,96282.0
2024-02-06,BASFY,12.01,12.16,12.01,12.16,174622.0
2024-02-06,BYDDY,46.35,47.0,45.88,46.89,637528.0
2024-02-06,DTEGY,24.15,24.44,24.15,24.32,145667.0
2024-02-06,NSRGY,113.6199,114.69,113.55,114.35,544573.0
2024-02-06,NTDOY,14.2,14.65,14.2,14.55,2628169.0
2024-02-06,RHHBY,32.7,33.28,32.5586,33.27,2075570.0
2024-02-06,SFTBY,22.35,22.49,22.17,22.47,297558.0
2024-02-06,TCEHY,36.97,37.75,36.83,37.75,3979068.0
2024-02-06,VWAGY,13.94,14.13,13.91,14.12,260205.0
2024-02-07,BACHY,9.61,9.61,9.51,9.61,18145.0
2024-02-07,BASFY,12.15,12.15,11.94,11.99,107901.0
2024-02-07,BYDDY,46.99,47.18,46.73,46.99,604857.0
2024-02-07,DTEGY,24.12,24.2,24.04,24.07,175268.0
2024-02-07,NSRGY,114.45,114.47,112.75,112.8,207070.0
2024-02-07,NTDOY,14.16,14.3,14.11,14.17,956220.0
2024-02-07,RHHBY,32.84,33.01,32.55,32.55,2934674.0
2024-02-07,SFTBY,22.47,22.56,22.15,22.56,93818.0
2024-02-07,TCEHY,37.27,37.54,37.03,37.27,2311822.0
2024-02-07,VWAGY,14.28,14.34,14.08,14.135,207222.0
2024-02-08,BACHY,9.45,9.45,9.326,9.35,46131.0
2024-02-08,BASFY,12.02,12.05,11.975,12.03,171161.0
2024-02-08,BYDDY,47.24,47.27,46.76,47.01,484895.0
2024-02-08,DTEGY,23.73,23.97,23.73,23.89,109831.0
2024-02-08,NSRGY,113.25,113.32,111.45,111.86,225025.0
2024-02-08,NTDOY,14.37,14.46,14.29,14.46,862072.0
2024-02-08,RHHBY,32.39,32.42,32.05,32.1,2834160.0
2024-02-08,SFTBY,24.35,27.74,24.25,26.66,2237145.0
2024-02-08,TCEHY,36.61,36.74,36.21,36.23,3867834.0
2024-02-08,VWAGY,14.24,14.3,14.22,14.29,187438.0
2024-02-09,BACHY,9.32,9.38,9.3,9.35,14202.0
2024-02-09,BASFY,11.96,11.96,11.82,11.9,112233.0
2024-02-09,BYDDY,47.18,47.48,46.66,47.027,373844.0
2024-02-09,DTEGY,23.86,24.04,23.84,23.94,194255.0
2024-02-09,NSRGY,109.84,109.872,108.9955,109.27,459963.0
2024-02-09,NTDOY,14.5,14.6,14.46,14.58,558673.0
2024-02-09,RHHBY,31.97,32.35,31.97,32.31,2876689.0
2024-02-09,SFTBY,26.8,26.94,22.46,26.76,606451.0
2024-02-09,TCEHY,36.32,37.07,36.3,37.06,2060403.0
2024-02-09,VWAGY,14.33,14.45,14.31,14.45,313758.0
2024-02-12,BACHY,9.39,9.51,9.39,9.46,26799.0
2024-02-12,BASFY,12.03,12.07,12.0,12.05,132563.0
2024-02-12,BYDDY,47.23,48.45,47.2,48.19,443740.0
2024-02-12,DTEGY,23.9201,24.04,23.92,23.92,119773.0
2024-02-12,NSRGY,110.24,110.77,110.15,110.6,1014435.0
2024-02-12,NTDOY,14.6,14.75,14.44,14.47,4037421.0
2024-02-12,RHHBY,32.3,32.63,32.29,32.6,2194602.0
2024-02-12,SFTBY,26.85,30.13,26.85,29.7,3503636.0
2024-02-12,TCEHY,37.05,37.98,37.01,37.49,2181621.0
2024-02-12,VWAGY,14.5501,14.68,14.55,14.665,227300.0
2024-02-13,BACHY,9.44,9.44,9.33,9.38,62375.0
2024-02-13,BASFY,12.1499,12.25,12.025,12.1,180744.0
2024-02-13,BYDDY,47.6,47.72,46.81,46.96,422577.0
2024-02-13,DTEGY,23.93,24.0,23.72,23.84,268200.0
2024-02-13,NSRGY,108.65,108.9,108.15,108.64,1837946.0
2024-02-13,NTDOY,14.4,14.41,14.25,14.33,1335825.0
2024-02-13,RHHBY,32.27,32.36,32.1,32.13,1377548.0
2024-02-13,SFTBY,27.5,27.85,26.9,27.03,3475490.0
2024-02-13,TCEHY,36.88,37.4,36.609,36.79,2569207.0
2024-02-13,VWAGY,14.43,14.5,14.272,14.32,179900.0
2024-02-14,BACHY,9.49,9.49,9.38,9.46,40161.0
2024-02-14,BASFY,12.25,12.28,12.2,12.26,167846.0
2024-02-14,BYDDY,47.0,47.17,46.63,47.17,245518.0
2024-02-14,DTEGY,23.75,23.75,23.48,23.69,1405322.0
2024-02-14,NSRGY,108.71,109.62,108.34,109.45,2742150.0
2024-02-14,NTDOY,14.72,14.77,14.62,14.685,2112091.0
2024-02-14,RHHBY,32.04,32.09,31.91,32.02,2151692.0
2024-02-14,SFTBY,27.4,27.99,27.29,27.79,671834.0
2024-02-14,TCEHY,36.99,37.28,36.88,37.24,2755523.0
2024-02-14,VWAGY,14.33,14.34,14.18,14.305,161523.0
2024-02-15,BACHY,9.49,9.55,9.49,9.54,24178.0
2024-02-15,BASFY,12.33,12.46,12.33,12.43,436915.0
2024-02-15,BYDDY,46.99,47.17,46.87,47.08,319050.0
2024-02-15,DTEGY,23.67,23.89,23.66,23.89,146527.0
2024-02-15,NSRGY,111.38,111.72,110.99,111.02,2405720.0
2024-02-15,NTDOY,14.85,15.01,14.8,14.94,1112571.0
2024-02-15,RHHBY,32.2,32.4,32.04,32.1,2169038.0
2024-02-15,SFTBY,28.26,28.6,27.98,28.54,973000.0
2024-02-15,TCEHY,36.58,36.74,36.46,36.63,2101037.0
2024-02-15,VWAGY,14.45,14.6,14.434,14.59,213779.0
2024-02-16,BACHY,9.55,9.58,9.52,9.52,26125.0
2024-02-16,BASFY,12.45,12.58,12.44,12.53,237600.0
2024-02-16,BYDDY,48.71,48.87,48.3,48.7,489496.0
2024-02-16,DTEGY,23.87,23.931,23.76,23.855,132077.0
2024-02-16,NSRGY,110.41,110.56,110.1175,110.23,445117.0
2024-02-16,NTDOY,14.41,14.59,14.28,14.3,1219158.0
2024-02-16,RHHBY,32.2,32.37,32.11,32.28,1611578.0
2024-02-16,SFTBY,27.58,27.94,27.15,27.28,520189.0
2024-02-16,TCEHY,37.3,37.33,36.89,36.91,2314536.0
2024-02-16,VWAGY,14.63,14.64,14.52,14.5592,175451.0
2024-02-20,BACHY,9.64,9.77,9.64,9.73,58360.0
2024-02-20,BASFY,12.38,12.48,12.37,12.48,107731.0
2024-02-20,BYDDY,47.0,47.2,46.35,46.59,573175.0
2024-02-20,DTEGY,23.955,24.16,23.95,24.04,186987.0
2024-02-20,NSRGY,112.5401,113.23,112.49,112.79,467438.0
2024-02-20,NTDOY,13.71,13.74,13.52,13.62,1342241.0
2024-02-20,RHHBY,33.0,33.0401,32.67,32.74,3269637.0
2024-02-20,SFTBY,28.2,28.34,27.0,27.85,1660429.0
2024-02-20,TCEHY,36.29,36.37,33.0,35.99,3671519.0
2024-02-20,VWAGY,14.56,14.57,14.34,14.42,434457.0
2024-02-21,BACHY,9.89,9.925,9.79,9.91,74913.0
2024-02-21,BASFY,12.47,12.6,12.47,12.59,120622.0
2024-02-21,BYDDY,47.87,47.94,47.42,47.59,417933.0
2024-02-21,DTEGY,23.95,24.0225,23.9095,23.96,126666.0
2024-02-21,NSRGY,113.32,113.67,112.01,112.39,304598.0
2024-02-21,NTDOY,13.85,13.99,13.8,13.99,1099770.0
2024-02-21,RHHBY,32.73,32.98,32.65,32.91,2631462.0
2024-02-21,SFTBY,27.65,28.25,27.47,28.25,1972819.0
2024-02-21,TCEHY,36.73,37.05,36.6,36.74,1974676.0
2024-02-21,VWAGY,14.61,14.77,14.6,14.75,349615.0
2024-02-22,BACHY,9.7,9.985,9.7,9.985,26866.0
2024-02-22,BASFY,12.58,12.73,12.55,12.71,123019.0
2024-02-22,BYDDY,47.65,47.7,47.22,47.66,370798.0
2024-02-22,DTEGY,24.31,24.31,24.07,24.14,217100.0
2024-02-22,NSRGY,106.9,107.5025,106.78,107.05,577801.0
2024-02-22,NTDOY,14.04,14.08,13.87,13.94,935646.0
2024-02-22,RHHBY,32.42,32.54,32.35,32.49,1413665.0
2024-02-22,SFTBY,29.23,29.95,29.02,29.33,2241484.0
2024-02-22,TCEHY,37.04,37.14,36.7,36.94,3543751.0
2024-02-22,VWAGY,15.0,15.1,14.96,15.09,393895.0
2024-02-23,BACHY,10.01,10.08,9.81,10.04,94006.0
2024-02-23,BASFY,12.66,12.73,12.56,12.66,131835.0
2024-02-23,BYDDY,47.79,47.79,47.0,47.03,277262.0
2024-02-23,DTEGY,23.83,23.97,23.68,23.86,140925.0
2024-02-23,NSRGY,108.3199,108.4725,107.49,107.86,521813.0
2024-02-23,NTDOY,14.0,14.025,13.92,13.96,589474.0
2024-02-23,RHHBY,32.64,33.03,32.62,32.96,998036.0
2024-02-23,SFTBY,29.3,29.72,29.3,29.6,1798810.0
2024-02-23,TCEHY,37.06,37.19,36.73,36.95,1665438.0
2024-02-23,VWAGY,15.13,15.26,15.12,15.25,222515.0
2024-02-26,BACHY,9.93,9.93,9.8804,9.9,36672.0
2024-02-26,BASFY,12.64,12.71,12.54,12.58,169579.0
2024-02-26,BYDDY,48.1,49.26,48.09,49.205,671550.0
2024-02-26,DTEGY,23.83,23.889,23.74,23.82,176384.0
2024-02-26,NSRGY,107.66,107.7,106.67,106.81,387198.0
2024-02-26,NTDOY,14.32,14.45,14.24,14.24,1128333.0
2024-02-26,RHHBY,32.94,32.95,32.46,32.52,1677974.0
2024-02-26,SFTBY,29.5,30.21,29.38,29.91,1369618.0
2024-02-26,TCEHY,36.63,36.84,36.51,36.53,2677618.0
2024-02-26,VWAGY,15.19,15.3,15.14,15.24,162262.0
2024-02-27,BACHY,9.89,9.95,9.89,9.95,23639.0
2024-02-27,BASFY,12.85,12.9412,12.7875,12.89,184081.0
2024-02-27,BYDDY,51.0,51.6,50.57,51.08,933079.0
2024-02-27,DTEGY,23.78,24.01,23.78,23.9701,120479.0
2024-02-27,NSRGY,106.75,106.82,106.24,106.6,358170.0
2024-02-27,NTDOY,14.18,14.18,14.02,14.04,878842.0
2024-02-27,RHHBY,32.9,33.05,32.85,33.03,2355343.0
2024-02-27,SFTBY,29.85,29.91,29.4,29.49,486457.0
2024-02-27,TCEHY,36.43,36.51,36.35,36.42,1958495.0
2024-02-27,VWAGY,15.43,15.59,15.43,15.53,169887.0
2024-02-28,BACHY,9.79,9.79,9.74,9.74,26768.0
2024-02-28,BASFY,12.75,12.79,12.6895,12.73,182147.0
2024-02-28,BYDDY,50.26,50.26,48.93,49.06,817276.0
2024-02-28,DTEGY,23.82,23.85,23.75,23.76,1265184.0
2024-02-28,NSRGY,105.15,105.535,104.6,104.94,370520.0
2024-02-28,NTDOY,13.78,13.83,13.73,13.77,880401.0
2024-02-28,RHHBY,32.85,32.98,32.75,32.93,1725644.0
2024-02-28,SFTBY,29.25,29.68,29.05,29.2,353356.0
2024-02-28,TCEHY,35.49,35.49,34.915,34.98,3087102.0
2024-02-28,VWAGY,15.58,15.7499,15.555,15.64,241360.0
2024-02-29,BACHY,9.74,9.78,9.72,9.745,73121.0
2024-02-29,BASFY,12.81,12.83,12.725,12.78,104172.0
2024-02-29,BYDDY,49.58,49.91,49.13,49.38,594105.0
2024-02-29,DTEGY,23.84,23.95,23.6901,23.74,900129.0
2024-02-29,NSRGY,105.23,105.59,103.75,103.97,678550.0
2024-02-29,NTDOY,13.91,14.0,13.89,13.91,1060649.0
2024-02-29,RHHBY,33.0,33.07,32.68,32.73,1693134.0
2024-02-29,SFTBY,29.17,29.81,29.17,29.62,705005.0
2024-02-29,TCEHY,35.25,35.3,34.86,34.942,5149617.0
2024-02-29,VWAGY,15.8,15.83,15.6,15.69,243474.0
2024-03-01,BACHY,9.75,9.8,9.75,9.78,46745.0
2024-03-01,BASFY,12.94,13.05,12.91,13.04,137909.0
2024-03-01,BYDDY,49.94,50.15,49.49,49.87,364877.0
2024-03-01,DTEGY,23.77,23.84,23.6705,23.79,90829.0
2024-03-01,NSRGY,104.61,104.825,103.75,104.62,615468.0
2024-03-01,NTDOY,13.96,14.07,13.96,14.04,1208622.0
2024-03-01,RHHBY,33.08,33.08,32.75,33.08,1325746.0
2024-03-01,SFTBY,29.5,29.88,29.21,29.75,940118.0
2024-03-01,TCEHY,35.15,35.43,35.03,35.27,2146386.0
2024-03-01,VWAGY,14.78,15.11,14.76,15.1,285571.0
2024-03-04,BACHY,9.8,9.8,9.7,9.71,21714.0
2024-03-04,BASFY,12.76,12.85,12.71,12.83,242272.0
2024-03-04,BYDDY,49.15,49.35,48.0,48.24,626090.0
2024-03-04,DTEGY,23.88,23.97,23.83,23.85,107404.0
2024-03-04,NSRGY,103.6,104.14,103.3001,103.65,666993.0
2024-03-04,NTDOY,13.83,13.86,13.76,13.79,1421544.0
2024-03-04,RHHBY,32.81,33.0,32.8,32.88,979279.0
2024-03-04,SFTBY,30.0,30.0,29.32,29.32,372392.0
2024-03-04,TCEHY,35.13,35.15,34.62,34.73,1631202.0
2024-03-04,VWAGY,15.38,15.43,15.31,15.375,203905.0
2024-03-05,BACHY,9.71,9.73,9.66,9.69,28773.0
2024-03-05,BASFY,12.72,12.86,12.66,12.78,158058.0
2024-03-05,BYDDY,49.12,49.16,48.52,48.73,420520.0
2024-03-05,DTEGY,24.05,24.17,24.025,24.04,132806.0
2024-03-05,NSRGY,103.3,104.72,103.1,104.52,2993626.0
2024-03-05,NTDOY,13.86,13.95,13.81,13.84,498465.0
2024-03-05,RHHBY,33.21,33.324,33.11,33.15,768642.0
2024-03-05,SFTBY,29.61,29.78,29.39,29.48,643458.0
2024-03-05,TCEHY,34.3,34.335,34.02,34.06,3115180.0
2024-03-05,VWAGY,14.96,15.0725,14.94,14.98,213753.0
2024-03-06,BACHY,9.81,9.88,9.81,9.82,29263.0
2024-03-06,BASFY,13.22,13.32,13.19,13.2229,909423.0
2024-03-06,BYDDY,49.23,49.89,49.22,49.275,278565.0
2024-03-06,DTEGY,24.23,24.3,24.15,24.16,89522.0
2024-03-06,NSRGY,105.18,105.56,104.93,105.32,1698991.0
2024-03-06,NTDOY,13.9,14.0,13.85,13.9,383743.0
2024-03-06,RHHBY,33.31,33.5,33.27,33.47,1379402.0
2024-03-06,SFTBY,29.64,30.21,29.64,30.08,253068.0
2024-03-06,TCEHY,35.03,35.24,34.92,34.98,4241191.0
2024-03-06,VWAGY,14.945,14.97,14.73,14.805,242445.0
2024-03-07,BACHY,9.86,9.92,9.86,9.92,25707.0
2024-03-07,BASFY,13.3901,13.5,13.39,13.45,86688.0
2024-03-07,BYDDY,48.4,48.4,48.0,48.33,254433.0
2024-03-07,DTEGY,24.19,24.21,24.08,24.105,112870.0
2024-03-07,NSRGY,106.12,106.41,105.63,106.27,617115.0
2024-03-07,NTDOY,13.98,14.055,13.96,14.02,368773.0
2024-03-07,RHHBY,33.82,33.82,33.62,33.77,1082410.0
2024-03-07,SFTBY,30.33,30.99,30.33,30.79,224737.0
2024-03-07,TCEHY,34.56,34.72,34.47,34.63,1971113.0
2024-03-07,VWAGY,14.63,14.73,14.6,14.69,218986.0
2024-03-08,BACHY,9.75,10.0891,9.75,10.05,147392.0
2024-03-08,BASFY,13.45,13.5,13.3075,13.31,79419.0
2024-03-08,BYDDY,47.91,48.22,47.63,47.76,303044.0
2024-03-08,DTEGY,23.85,24.0,23.84,23.97,154239.0
2024-03-08,NSRGY,107.4,107.4,106.9425,107.11,1649105.0
2024-03-08,NTDOY,14.0,14.0,13.75,13.77,508778.0
2024-03-08,RHHBY,33.86,33.965,33.77,33.9,802232.0
2024-03-08,SFTBY,30.98,31.04,29.94,29.96,555466.0
2024-03-08,TCEHY,34.47,34.69,34.38,34.51,2277516.0
2024-03-08,VWAGY,14.76,14.8,14.58,14.6095,180742.0
2024-03-11,BACHY,10.2,10.204,10.09,10.17,126860.0
2024-03-11,BASFY,13.32,13.45,13.3175,13.41,69843.0
2024-03-11,BYDDY,49.59,50.74,49.59,50.62,529046.0
2024-03-11,DTEGY,23.97,23.97,23.76,23.85,896067.0
2024-03-11,NSRGY,107.25,107.5,106.94,107.27,405177.0
2024-03-11,NTDOY,13.89,14.0,13.89,13.95,477042.0
2024-03-11,RHHBY,34.26,34.67,34.22,34.61,1458765.0
2024-03-11,SFTBY,28.99,29.05,28.64,28.8,391581.0
2024-03-11,TCEHY,35.49,35.92,35.44,35.61,2476063.0
2024-03-11,VWAGY,14.61,14.71,14.57,14.69,169720.0
2024-03-12,BACHY,10.26,10.27,10.21,10.21,222369.0
2024-03-12,BASFY,13.44,13.55,13.4,13.54,88907.0
2024-03-12,BYDDY,53.01,53.32,52.84,53.25,569052.0
2024-03-12,DTEGY,23.84,23.88,23.69,23.75,257254.0
2024-03-12,NSRGY,107.19,107.55,106.88,107.38,360501.0
2024-03-12,NTDOY,14.0,14.04,13.82,13.91,334973.0
2024-03-12,RHHBY,34.65,35.21,34.61,35.15,1189377.0
2024-03-12,SFTBY,28.83,29.39,28.61,29.37,531764.0
2024-03-12,TCEHY,36.92,37.0,36.7,36.98,2352189.0
2024-03-12,VWAGY,14.78,15.12,14.72,15.04,221050.0
2024-03-13,BACHY,10.25,10.25,10.1206,10.14,16896.0
2024-03-13,BASFY,13.54,13.63,13.54,13.57,78378.0
2024-03-13,BYDDY,53.39,53.48,52.9,52.93,405511.0
2024-03-13,DTEGY,23.63,23.78,23.58,23.66,107757.0
2024-03-13,NSRGY,108.38,108.94,108.25,108.75,298033.0
2024-03-13,NTDOY,14.0,14.0,13.82,13.82,390196.0
2024-03-13,RHHBY,34.69,34.83,34.07,34.22,1730013.0
2024-03-13,SFTBY,28.6,29.06,28.51,28.9,288152.0
2024-03-13,TCEHY,37.0,37.51,36.98,37.04,3836402.0
2024-03-13,VWAGY,14.59,14.74,14.43,14.52,441453.0
2024-03-14,BACHY,10.175,10.2,10.13,10.19,14340.0
2024-03-14,BASFY,13.39,13.405,13.25,13.31,124564.0
2024-03-14,BYDDY,54.13,54.25,53.03,53.3,444926.0
2024-03-14,DTEGY,23.52,23.58,23.3801,23.54,188706.0
2024-03-14,NSRGY,108.33,108.38,107.38,107.57,685996.0
2024-03-14,NTDOY,13.8,13.98,13.73,13.78,334991.0
2024-03-14,RHHBY,33.005,33.09,32.66,32.89,4437592.0
2024-03-14,SFTBY,28.85,29.25,28.34,28.68,282301.0
2024-03-14,TCEHY,36.82,36.87,36.4,36.56,2377016.0
2024-03-14,VWAGY,14.34,14.36,14.15,14.18,446089.0
2024-03-15,BACHY,10.25,10.25,10.15,10.15,201931.0
2024-03-15,BASFY,13.38,13.4995,13.38,13.44,62393.0
2024-03-15,BYDDY,53.45,54.45,53.39,53.42,197920.0
2024-03-15,DTEGY,23.89,23.89,23.695,23.76,154265.0
2024-03-15,NSRGY,108.0301,108.21,107.57,107.88,253676.0
2024-03-15,NTDOY,13.82,13.85,13.7,13.77,370676.0
2024-03-15,RHHBY,32.85,32.93,32.59,32.64,735015.0
2024-03-15,SFTBY,28.96,29.3,28.72,28.86,362153.0
2024-03-15,TCEHY,36.21,36.35,36.08,36.14,1071691.0
2024-03-15,VWAGY,14.38,14.485,14.3,14.36,287429.0
2024-03-18,BACHY,10.15,10.16,10.12,10.13,22803.0
2024-03-18,BASFY,13.47,13.4794,13.28,13.31,86744.0
2024-03-18,BYDDY,55.28,55.5,54.79,54.89,326743.0
2024-03-18,DTEGY,23.65,23.65,23.51,23.586,152705.0
2024-03-18,NSRGY,107.38,107.44,106.29,106.39,388462.0
2024-03-18,NTDOY,13.77,13.87,13.76,13.78,371380.0
2024-03-18,RHHBY,32.39,32.45,32.15,32.18,1427900.0
2024-03-18,SFTBY,29.2,29.55,29.11,29.31,221970.0
2024-03-18,TCEHY,36.93,37.05,36.75,36.85,2464062.0
2024-03-18,VWAGY,14.69,14.79,14.65,14.725,193008.0
2024-03-19,BACHY,9.8,10.15,9.8,10.12,102519.0
2024-03-19,BASFY,13.63,13.76,13.63,13.76,105263.0
2024-03-19,BYDDY,54.92,54.95,54.26,54.87,235922.0
2024-03-19,DTEGY,23.77,23.83,23.73,23.78,150020.0
2024-03-19,NSRGY,106.19,106.26,105.26,105.26,517078.0
2024-03-19,NTDOY,13.72,13.92,13.72,13.91,515776.0
2024-03-19,RHHBY,32.2,32.3,32.08,32.12,1954082.0
2024-03-19,SFTBY,29.01,29.08,28.54,28.99,195633.0
2024-03-19,TCEHY,36.57,36.62,36.24,36.57,1842651.0
2024-03-19,VWAGY,14.87,14.9795,14.84,14.92,222056.0
2024-03-20,BACHY,10.21,10.255,10.2,10.23,72936.0
2024-03-20,BASFY,14.0,14.27,14.0,14.22,155081.0
2024-03-20,BYDDY,54.94,55.31,54.65,55.31,198978.0
2024-03-20,DTEGY,23.65,23.95,23.6,23.9,99263.0
2024-03-20,NSRGY,105.93,106.62,105.81,106.42,521229.0
2024-03-20,NTDOY,13.81,13.941,13.81,13.92,353123.0
2024-03-20,RHHBY,32.41,32.8,32.31,32.62,1033237.0
2024-03-20,SFTBY,29.31,29.88,28.95,29.78,245482.0
2024-03-20,TCEHY,37.09,37.45,36.92,37.21,2532914.0
2024-03-20,VWAGY,14.79,15.0875,14.76,15.05,150658.0
2024-03-21,BACHY,10.35,10.4395,10.35,10.43,26596.0
2024-03-21,BASFY,14.3,14.37,14.25,14.29,82779.0
2024-03-21,BYDDY,55.14,55.64,54.72,54.72,177155.0
2024-03-21,DTEGY,23.9,23.94,23.74,23.82,109261.0
2024-03-21,NSRGY,106.08,106.41,105.38,105.66,324423.0
2024-03-21,NTDOY,13.95,13.95,13.76,13.84,480499.0
2024-03-21,RHHBY,31.36,31.5,31.16,31.32,2409532.0
2024-03-21,SFTBY,30.76,31.0,30.53,30.74,229762.0
2024-03-21,TCEHY,37.05,37.085,36.74,36.84,3420828.0
2024-03-21,VWAGY,14.97,15.01,14.78,14.85,180669.0
2024-03-22,BACHY,10.37,10.38,10.3,10.37,84302.0
2024-03-22,BASFY,14.25,14.28,14.185,14.26,95337.0
2024-03-22,BYDDY,54.55,54.7,54.36,54.45,176479.0
2024-03-22,DTEGY,23.8,23.84,23.58,23.67,165063.0
2024-03-22,NSRGY,105.92,105.98,104.78,104.82,549288.0
2024-03-22,NTDOY,13.76,13.89,13.76,13.84,994550.0
2024-03-22,RHHBY,31.58,31.61,31.26,31.32,2339113.0
2024-03-22,SFTBY,30.82,30.82,30.3,30.41,236492.0
2024-03-22,TCEHY,36.87,37.0,36.64,36.91,2444169.0
2024-03-22,VWAGY,14.78,14.84,14.7301,14.83,103359.0
2024-03-25,BACHY,10.27,10.32,10.23,10.23,28888.0
2024-03-25,BASFY,14.26,14.35,14.22,14.3,84710.0
2024-03-25,BMWYY,38.23,38.44,38.04,38.4,99977.0
2024-03-25,BYDDY,53.65,54.03,53.5,53.88,293134.0
2024-03-25,DTEGY,24.01,24.01,23.83,23.87,168782.0
2024-03-25,NSRGY,105.33,105.71,105.04,105.04,479550.0
2024-03-25,NTDOY,13.68,13.72,13.57,13.67,410166.0
2024-03-25,RHHBY,31.34,31.47,31.29,31.29,1477652.0
2024-03-25,SFTBY,30.28,30.75,30.12,30.4,159223.0
2024-03-25,TCEHY,36.84,37.0,36.76,36.95,1818411.0
2024-03-25,VWAGY,14.86,15.07,14.86,15.04,144308.0
2024-03-26,BACHY,10.21,10.36,10.21,10.3,25938.0
2024-03-26,BASFY,14.26,14.3093,14.19,14.2,112484.0
2024-03-26,BMWYY,38.54,38.62,38.36,38.36,46554.0
2024-03-26,BYDDY,54.78,54.89,53.85,54.25,315849.0
2024-03-26,DTEGY,24.06,24.1394,24.0,24.02,251782.0
2024-03-26,NSRGY,105.77,105.82,105.295,105.32,538907.0
2024-03-26,NTDOY,13.67,13.75,13.65,13.68,376677.0
2024-03-26,RHHBY,31.38,31.47,31.3,31.31,1905466.0
2024-03-26,SFTBY,30.04,30.33,29.42,29.45,366714.0
2024-03-26,TCEHY,38.11,38.3,38.0,38.05,1871142.0
2024-03-26,VWAGY,15.13,15.2,15.12,15.144,200207.0
2024-03-27,BACHY,10.45,10.45,10.3075,10.325,25119.0
2024-03-27,BASFY,14.27,14.42,14.27,14.42,142432.0
2024-03-27,BMWYY,38.28,38.5,38.11,38.5,49329.0
2024-03-27,BYDDY,51.85,51.94,51.45,51.61,1030130.0
2024-03-27,DTEGY,24.22,24.3704,24.1114,24.24,295207.0
2024-03-27,NSRGY,105.78,106.13,105.615,106.02,369034.0
2024-03-27,NTDOY,13.86,13.9,13.63,13.68,302539.0
2024-03-27,RHHBY,31.16,31.38,31.13,31.31,1650331.0
2024-03-27,SFTBY,30.29,30.3,29.33,29.49,128485.0
2024-03-27,TCEHY,38.57,38.92,38.49,38.91,3079862.0
2024-03-27,VWAGY,15.19,15.2,15.115,15.2,124607.0
2024-03-28,BACHY,10.175,10.35,10.0978,10.1,11544.0
2024-03-28,BASFY,14.29,14.3,14.241,14.29,65192.0
2024-03-28,BMWYY,38.4,38.6088,38.4,38.53,46218.0
2024-03-28,BYDDY,51.65,51.65,50.35,50.77,586299.0
2024-03-28,DTEGY,24.28,24.36,24.21,24.21,730194.0
2024-03-28,NSRGY,105.4899,106.43,105.44,106.2,1079990.0
2024-03-28,NTDOY,13.5,13.64,13.5,13.59,698660.0
2024-03-28,RHHBY,31.53,31.95,31.53,31.92,1828049.0
2024-03-28,SFTBY,29.26,29.91,29.25,29.71,249383.0
2024-03-28,TCEHY,38.85,39.13,38.76,39.03,1469480.0
2024-03-28,VWAGY,15.13,15.29,15.13,15.25,108092.0
2024-04-01,BACHY,10.443,10.443,10.1436,10.3,21273.0
2024-04-01,BASFY,14.26,14.274,14.13,14.2,102675.0
2024-04-01,BMWYY,37.968,38.75,37.968,38.49,34255.0
2024-04-01,BYDDY,52.05,52.1,51.29,51.79,425826.0
2024-04-01,DTEGY,23.75,24.24,23.7,24.24,123212.0
2024-04-01,NSRGY,107.8999,107.9,105.51,105.95,362149.0
2024-04-01,NTDOY,13.5,13.55,13.36,13.46,555581.0
2024-04-01,RHHBY,32.39,32.55,31.77,31.95,3133293.0
2024-04-01,SFTBY,29.13,29.52,29.11,29.2,137165.0
2024-04-01,TCEHY,39.32,39.55,39.19,39.43,2339846.0
2024-04-01,VWAGY,15.25,15.3,15.15,15.2,155377.0
2024-04-02,BACHY,10.4065,10.47,10.2205,10.47,17263.0
2024-04-02,BASFY,14.5,14.52,14.43,14.5,108175.0
2024-04-02,BMWYY,38.5,38.5,38.295,38.38,121972.0
2024-04-02,BYDDY,51.85,51.85,51.22,51.55,336696.0
2024-04-02,DTEGY,24.1,24.14,23.98,24.05,118929.0
2024-04-02,NSRGY,105.28,105.3475,104.5,104.59,569115.0
2024-04-02,NTDOY,13.33,13.38,13.27,13.33,993573.0
2024-04-02,RHHBY,31.6,31.6,31.3,31.38,4393648.0
2024-04-02,SFTBY,28.68,29.04,28.388,28.59,415564.0
2024-04-02,TCEHY,39.4,39.67,39.33,39.45,1241767.0
2024-04-02,VWAGY,15.39,15.47,15.3472,15.43,153201.0
2024-04-03,BACHY,10.5,10.5,10.23,10.26,25182.0
2024-04-03,BASFY,14.66,14.76,14.66,14.72,121580.0
2024-04-03,BMWYY,39.66,40.5,39.66,40.41,134835.0
2024-04-03,BYDDY,50.98,51.21,50.31,51.18,228481.0
2024-04-03,DTEGY,24.05,24.15,23.94,24.15,129455.0
2024-04-03,NSRGY,104.38,104.53,103.91,104.11,758261.0
2024-04-03,NTDOY,12.84,12.91,12.8,12.9,676932.0
2024-04-03,RHHBY,31.1,31.37,31.07,31.3,3682648.0
2024-04-03,SFTBY,28.62,29.22,28.5,29.17,193744.0
2024-04-03,TCEHY,39.43,39.56,39.29,39.48,1239565.0
2024-04-03,VWAGY,15.8,15.92,15.72,15.9,219179.0
2024-04-04,BACHY,10.625,10.625,10.27,10.32,72277.0
2024-04-04,BASFY,14.8501,14.89,14.62,14.66,83851.0
2024-04-04,BMWYY,41.47,41.65,40.84,40.9,102136.0
2024-04-04,BYDDY,51.3,51.62,50.84,50.94,238839.0
2024-04-04,DTEGY,24.29,24.33,23.8925,23.988,102534.0
2024-04-04,NSRGY,104.36,105.21,104.11,105.1,1572875.0
2024-04-04,NTDOY,12.92,13.0,12.8,12.83,660675.0
2024-04-04,RHHBY,31.35,31.36,30.67,30.75,2633982.0
2024-04-04,SFTBY,29.3299,29.33,28.08,28.22,256135.0
2024-04-04,TCEHY,39.78,39.83,39.28,39.4,1315776.0
2024-04-04,VWAGY,16.4701,16.48,16.1,16.13,263268.0
2024-04-05,BACHY,10.2503,10.3,10.25,10.3,12836.0
2024-04-05,BASFY,14.57,14.59,14.48,14.56,94150.0
2024-04-05,BMWYY,40.51,40.8,40.346,40.7,49461.0
2024-04-05,BYDDY,50.48,52.0,50.4,50.94,703386.0
2024-04-05,DTEGY,23.75,23.88,23.67,23.84,139522.0
2024-04-05,NSRGY,103.5,103.54,102.872,103.03,702836.0
2024-04-05,NTDOY,12.75,12.79,12.72,12.77,512851.0
2024-04-05,RHHBY,30.54,30.54,30.22,30.24,6259988.0
2024-04-05,SFTBY,28.1101,28.58,28.05,28.53,209397.0
2024-04-05,TCEHY,39.4,39.78,39.33,39.42,2597131.0
2024-04-05,VWAGY,16.21,16.23,15.9415,16.03,144865.0
2024-04-08,BACHY,10.32,10.43,10.32,10.42,74497.0
2024-04-08,BASFY,14.56,14.6029,14.48,14.57,80488.0
2024-04-08,BMWYY,41.28,41.55,41.28,41.39,66546.0
2024-04-08,BYDDY,51.63,52.06,51.46,51.96,197592.0
2024-04-08,DTEGY,23.84,24.0,23.7,23.93,221338.0
2024-04-08,NSRGY,103.21,103.31,102.86,102.99,1192112.0
2024-04-08,NTDOY,12.9,13.02,12.88,12.95,478995.0
2024-04-08,RHHBY,30.19,30.35,30.06,30.19,2433249.0
2024-04-08,SFTBY,28.53,28.66,28.24,28.48,445712.0
2024-04-08,TCEHY,39.17,39.89,39.13,39.53,2806917.0
2024-04-08,VWAGY,16.22,16.29,16.05,16.05,114860.0
2024-04-09,BACHY,10.44,10.47,10.42,10.44,23823.0
2024-04-09,BASFY,14.6,14.6,14.46,14.59,560801.0
2024-04-09,BMWYY,41.64,41.64,41.14,41.37,29896.0
2024-04-09,BYDDY,53.0,53.6,52.9,53.45,418018.0
2024-04-09,DTEGY,23.91,24.19,23.91,24.12,109487.0
2024-04-09,NSRGY,103.73,104.0,103.19,103.63,1136209.0
2024-04-09,NTDOY,12.9,12.95,12.86,12.91,356215.0
2024-04-09,RHHBY,30.86,30.95,30.51,30.66,6801339.0
2024-04-09,SFTBY,28.35,28.55,27.61,27.97,340433.0
2024-04-09,TCEHY,39.04,39.16,38.93,39.09,1755809.0
2024-04-09,VWAGY,16.12,16.15,15.95,15.98,393341.0
2024-04-10,BACHY,10.5,10.5,10.22,10.445,44748.0
2024-04-10,BASFY,14.28,14.49,14.22,14.47,333844.0
2024-04-10,BMWYY,40.11,40.53,39.8,39.9,83659.0
2024-04-10,BYDDY,53.07,53.23,52.73,52.98,238478.0
2024-04-10,DTEGY,24.0,24.35,24.0,24.27,93414.0
2024-04-10,NSRGY,102.32,103.01,101.59,102.65,623737.0
2024-04-10,NTDOY,12.75,12.75,12.58,12.63,406559.0
2024-04-10,RHHBY,30.6,30.72,30.4175,30.59,2778619.0
2024-04-10,SFTBY,27.54,27.7,27.26,27.54,316658.0
2024-04-10,TCEHY,39.42,39.6,39.19,39.34,2144807.0
2024-04-10,VWAGY,15.8,15.8896,15.69,15.72,116393.0
2024-04-11,BACHY,10.385,10.5381,10.34,10.445,15456.0
2024-04-11,BASFY,14.08,14.09,13.87,14.03,209900.0
2024-04-11,BMWYY,40.26,40.26,39.565,40.168,70536.0
2024-04-11,BYDDY,53.6,53.94,53.08,53.46,306142.0
2024-04-11,DTEGY,23.68,23.81,23.47,23.7,159844.0
2024-04-11,NSRGY,103.82,103.96,102.68,103.4,680070.0
2024-04-11,NTDOY,12.55,12.6,12.48,12.575,771891.0
2024-04-11,RHHBY,31.32,31.3596,30.87,30.96,5467331.0
2024-04-11,SFTBY,27.84,27.98,27.2688,27.9755,242815.0
2024-04-11,TCEHY,40.05,40.1,39.66,39.88,2922705.0
2024-04-11,VWAGY,15.74,15.74,15.52,15.718,123042.0
2024-04-12,BACHY,10.256,10.3,10.2,10.26,21066.0
2024-04-12,BASFY,13.73,13.772,13.604,13.64,187179.0
2024-04-12,BMWYY,39.27,39.33,38.56,38.6,84679.0
2024-04-12,BYDDY,53.36,53.4,52.43,52.58,255771.0
2024-04-12,DTEGY,22.6599,22.66,22.41,22.42,200839.0
2024-04-12,NSRGY,102.37,102.64,101.6,101.693,351168.0
2024-04-12,NTDOY,12.45,12.6,12.41,12.41,474540.0
2024-04-12,RHHBY,30.89,30.96,30.55,30.59,2404347.0
2024-04-12,SFTBY,27.1401,27.52,26.87,26.93,396552.0
2024-04-12,TCEHY,39.1,39.3,38.62,38.7,3522399.0
2024-04-12,VWAGY,15.61,15.66,15.36,15.38,123206.0
2024-04-15,BACHY,10.3325,10.3325,10.26,10.275,17454.0
2024-04-15,BASFY,13.81,13.86,13.6,13.62,170653.0
2024-04-15,BMWYY,39.51,39.61,38.6,38.61,64143.0
2024-04-15,BYDDY,52.9,53.23,51.81,51.97,277998.0
2024-04-15,DTEGY,22.5,22.5975,22.25,22.31,282032.0
2024-04-15,NSRGY,101.85,102.0,100.92,100.95,710078.0
2024-04-15,NTDOY,12.41,12.45,12.18,12.19,1031949.0
2024-04-15,RHHBY,30.73,30.82,30.5,30.58,4637017.0
2024-04-15,SFTBY,26.95,27.04,26.1,26.2,402477.0
2024-04-15,TCEHY,38.76,38.87,38.36,38.47,2526488.0
2024-04-15,VWAGY,15.645,15.67,15.26,15.29,121761.0
2024-04-16,BACHY,10.27,10.32,10.2445,10.31,28212.0
2024-04-16,BASFY,13.52,13.52,13.31,13.362,166226.0
2024-04-16,BMWYY,37.74,37.87,37.39,37.81,79052.0
2024-04-16,BYDDY,51.75,52.35,51.75,52.16,399469.0
2024-04-16,DTEGY,22.27,22.38,22.03,22.05,771868.0
2024-04-16,NSRGY,101.18,101.29,100.64,100.83,696776.0
2024-04-16,NTDOY,12.06,12.14,12.03,12.14,738679.0
2024-04-16,RHHBY,30.31,30.34,30.15,30.23,2180591.0
2024-04-16,SFTBY,26.05,26.32,25.95,26.15,234662.0
2024-04-16,TCEHY,38.37,38.56,38.27,38.38,2417955.0
2024-04-16,VWAGY,15.04,15.1,14.97,15.0,127291.0
2024-04-17,BACHY,10.39,10.39,10.33,10.39,54375.0
2024-04-17,BASFY,13.61,13.65,13.44,13.56,115063.0
2024-04-17,BMWYY,37.88,37.88,37.51,37.715,32084.0
2024-04-17,BYDDY,52.18,52.83,51.46,51.54,152143.0
2024-04-17,DTEGY,22.27,22.39,22.13,22.18,202476.0
2024-04-17,NSRGY,102.36,102.96,102.045,102.766,450524.0
2024-04-17,NTDOY,12.27,12.4,12.18,12.22,489411.0
2024-04-17,RHHBY,30.37,30.37,30.08,30.14,4987942.0
2024-04-17,SFTBY,26.15,26.15,24.8,25.08,1273697.0
2024-04-17,TCEHY,38.47,38.58,38.14,38.21,1850149.0
2024-04-17,VWAGY,15.01,15.04,14.9,14.99,113142.0
2024-04-18,BACHY,10.28,10.65,10.28,10.64,49892.0
2024-04-18,BASFY,13.51,13.6293,13.48,13.52,64451.0
2024-04-18,BMWYY,37.73,38.1867,37.73,37.83,36617.0
2024-04-18,BYDDY,51.99,52.28,51.73,52.06,266675.0
2024-04-18,DTEGY,22.2999,22.37,22.16,22.17,155714.0
2024-04-18,NSRGY,102.06,102.45,101.58,101.95,1177562.0
2024-04-18,NTDOY,12.19,12.27,12.12,12.12,672648.0
2024-04-18,RHHBY,30.17,30.19,29.95,30.05,2077747.0
2024-04-18,SFTBY,25.19,26.14,24.93,25.1,215101.0
2024-04-18,TCEHY,38.98,39.06,38.7,38.94,3833615.0
2024-04-18,VWAGY,14.99,15.12,14.9729,15.03,432070.0
2024-04-19,BACHY,10.355,10.69,10.355,10.68,157258.0
2024-04-19,BASFY,13.46,13.49,13.34,13.37,89965.0
2024-04-19,BMWYY,37.74,37.85,37.36,37.5,54238.0
2024-04-19,BYDDY,51.16,51.76,51.11,51.3,161670.0
2024-04-19,DTEGY,22.57,22.6028,22.43,22.48,113995.0
2024-04-19,NSRGY,103.25,104.3,102.21,104.14,1381374.0
2024-04-19,NTDOY,12.08,12.19,11.95,11.98,1230404.0
2024-04-19,RHHBY,30.2,30.5,30.2,30.41,12269728.0
2024-04-19,SFTBY,25.02,25.06,23.75,23.93,637268.0
2024-04-19,TCEHY,38.9,39.1,38.84,38.98,3189847.0
2024-04-19,VWAGY,14.94,15.05,14.94,14.98,146028.0
2024-04-22,BACHY,10.74,10.83,10.68,10.82,105820.0
2024-04-22,BASFY,13.49,13.87,13.49,13.61,135163.0
2024-04-22,BMWYY,37.69,37.9,37.55,37.87,51102.0
2024-04-22,BYDDY,50.61,51.55,50.61,51.55,394917.0
2024-04-22,DTEGY,23.04,23.09,22.87,23.0599,1035064.0
2024-04-22,NSRGY,102.56,103.08,102.24,102.9,807402.0
2024-04-22,NTDOY,12.22,12.27,12.06,12.13,434927.0
2024-04-22,RHHBY,30.84,31.13,30.83,30.91,2091489.0
2024-04-22,SFTBY,24.2,24.82,24.196,24.67,652312.0
2024-04-22,TCEHY,40.67,41.12,40.64,41.02,3885038.0
2024-04-22,VWAGY,14.8,14.92,14.74,14.91,371848.0
2024-04-23,BACHY,10.83,10.94,10.83,10.92,35543.0
2024-04-23,BASFY,13.51,13.7,13.51,13.7,88758.0
2024-04-23,BMWYY,37.74,38.17,37.715,38.17,33238.0
2024-04-23,BYDDY,50.4,50.8,50.0,50.2,495921.0
2024-04-23,DTEGY,23.14,23.29,23.07,23.28,192423.0
2024-04-23,NSRGY,103.32,103.92,102.78,103.01,606469.0
2024-04-23,NTDOY,12.1,12.12,12.02,12.08,628478.0
2024-04-23,RHHBY,31.47,31.59,31.23,31.24,1503167.0
2024-04-23,SFTBY,24.625,24.82,24.405,24.66,458776.0
2024-04-23,TCEHY,42.24,42.57,42.16,42.48,4275117.0
2024-04-23,VWAGY,14.8,15.03,14.8,15.01,135849.0
2024-04-24,BACHY,10.94,10.98,10.9,10.93,28026.0
2024-04-24,BASFY,13.67,13.72,13.57,13.7,96236.0
2024-04-24,BMWYY,37.81,38.09,37.7125,38.07,24210.0
2024-04-24,BYDDY,51.13,51.3,50.64,51.21,195622.0
2024-04-24,DTEGY,23.29,23.31,23.14,23.3,343606.0
2024-04-24,NSRGY,103.67,103.7,102.31,103.03,603419.0
2024-04-24,NTDOY,12.08,12.11,12.0,12.04,298796.0
2024-04-24,RHHBY,30.39,30.57,30.15,30.54,3143712.0
2024-04-24,SFTBY,24.75,25.2,24.55,24.89,433445.0
2024-04-24,TCEHY,43.59,43.86,43.5,43.85,4274872.0
2024-04-24,VWAGY,14.9,14.95,14.81,14.84,256592.0
2024-04-25,BACHY,11.44,11.44,10.927,11.06,83204.0
2024-04-25,BASFY,13.49,13.72,13.42,13.68,141074.0
2024-04-25,BMWYY,37.4,37.7,37.25,37.6015,60219.0
2024-04-25,BYDDY,51.97,52.19,51.3,52.19,164607.0
2024-04-25,DTEGY,23.07,23.25,23.01,23.19,127853.0
2024-04-25,NSRGY,99.08,101.65,99.04,101.43,2821029.0
2024-04-25,NTDOY,11.84,11.905,11.77,11.89,1290580.0
2024-04-25,RHHBY,30.08,30.16,29.8,30.02,3930578.0
2024-04-25,SFTBY,24.1,24.66,23.92,24.55,385007.0
2024-04-25,TCEHY,43.01,43.53,42.91,43.44,1733459.0
2024-04-25,VWAGY,14.63,14.69,14.5,14.675,256770.0
2024-04-26,BACHY,11.29,11.29,10.9,10.976,8492.0
2024-04-26,BASFY,13.28,13.28,12.91,13.05,124574.0
2024-04-26,BMWYY,37.86,38.11,37.83,37.96,36348.0
2024-04-26,BYDDY,53.95,54.44,53.95,54.32,370195.0
2024-04-26,DTEGY,23.255,23.38,23.223,23.32,268594.0
2024-04-26,NSRGY,101.6401,101.89,101.09,101.34,723240.0
2024-04-26,NTDOY,12.16,12.25,12.1,12.25,1511928.0
2024-04-26,RHHBY,30.1,30.28,30.07,30.25,2961309.0
2024-04-26,SFTBY,24.6501,25.09,24.65,24.98,245710.0
2024-04-26,TCEHY,44.4,44.75,44.3,44.39,3111471.0
2024-04-26,VWAGY,14.93,14.95,14.801,14.86,90234.0
2024-04-29,BACHY,11.25,11.49,11.25,11.44,168392.0
2024-04-29,BASFY,13.03,13.16,13.02,13.125,119161.0
2024-04-29,BMWYY,38.14,38.28,38.069,38.23,47276.0
2024-04-29,BYDDY,55.08,55.63,54.32,55.35,372002.0
2024-04-29,DTEGY,23.31,23.38,23.2,23.25,373288.0
2024-04-29,NSRGY,101.54,101.61,101.01,101.61,642043.0
2024-04-29,NTDOY,12.3,12.35,12.25,12.35,749062.0
2024-04-29,RHHBY,30.42,30.48,30.27,30.33,1944486.0
2024-04-29,SFTBY,25.22,25.45,25.08,25.37,337496.0
2024-04-29,TCEHY,44.27,44.44,44.11,44.41,2602240.0
2024-04-29,VWAGY,14.96,14.98,14.88,14.96,106567.0
2024-04-30,BACHY,11.56,11.56,11.13,11.13,37625.0
2024-04-30,BASFY,13.17,13.2,13.03,13.04,58415.0
2024-04-30,BMWYY,36.41,36.8595,36.3,36.35,87980.0
2024-04-30,BYDDY,54.89,54.89,54.35,54.47,185820.0
2024-04-30,DTEGY,23.0,23.0895,22.87,22.9,168409.0
2024-04-30,NSRGY,101.09,101.42,100.15,100.6,499739.0
2024-04-30,NTDOY,12.33,12.33,12.16,12.18,1854017.0
2024-04-30,RHHBY,29.92,30.15,29.81,29.82,3381439.0
2024-04-30,SFTBY,25.4,25.4,24.66,24.67,338515.0
2024-04-30,TCEHY,44.34,44.35,43.74,43.75,2803575.0
2024-04-30,VWAGY,14.31,14.31,14.12,14.22,468951.0
2024-05-01,BACHY,11.1205,11.22,11.1205,11.2,92933.0
2024-05-01,BASFY,13.1,13.42,13.04,13.11,88944.0
2024-05-01,BMWYY,35.51,36.93,35.51,36.58,33319.0
2024-05-01,BYDDY,54.0,55.54,54.0,55.1,278250.0
2024-05-01,DTEGY,22.21,23.17,22.21,22.914,146964.0
2024-05-01,NSRGY,100.29,100.6399,99.42,99.65,384676.0
2024-05-01,NTDOY,12.1,12.2,12.01,12.05,751290.0
2024-05-01,RHHBY,29.8,30.05,29.53,29.75,5434615.0
2024-05-01,SFTBY,24.2001,25.14,24.09,24.09,488029.0
2024-05-01,TCEHY,43.85,44.39,43.65,44.12,1687389.0
2024-05-01,VWAGY,14.62,14.62,13.79,14.2,130617.0
2024-05-02,BACHY,10.775,11.21,10.775,11.15,26526.0
2024-05-02,BASFY,13.03,13.19,12.99,13.05,92698.0
2024-05-02,BMWYY,36.47,36.6292,36.25,36.582,56088.0
2024-05-02,BYDDY,57.21,58.89,57.18,58.68,558200.0
2024-05-02,DTEGY,23.38,23.38,23.13,23.34,156827.0
2024-05-02,NSRGY,100.09,101.26,100.09,101.14,581071.0
2024-05-02,NTDOY,12.05,12.25,12.05,12.25,562550.0
2024-05-02,RHHBY,29.71,29.73,29.2,29.26,6646376.0
2024-05-02,SFTBY,24.99,25.23,24.798,25.2,403836.0
2024-05-02,TCEHY,45.9,47.48,45.88,47.15,4716949.0
2024-05-02,VWAGY,14.17,14.19,14.07,14.16,392295.0
2024-05-03,BACHY,11.1,11.148,11.08,11.148,59973.0
2024-05-03,BASFY,13.18,13.26,13.1704,13.25,143145.0
2024-05-03,BMWYY,36.94,37.05,36.77,36.9,45910.0
2024-05-03,BYDDY,58.2,58.29,57.8,58.15,311409.0
2024-05-03,DTEGY,23.32,23.42,23.2275,23.28,151520.0
2024-05-03,NSRGY,102.12,102.17,101.12,101.2,594321.0
2024-05-03,NTDOY,12.425,12.425,12.28,12.38,293487.0
2024-05-03,RHHBY,30.04,30.08,29.715,29.83,4829456.0
2024-05-03,SFTBY,25.24,25.84,25.24,25.81,314886.0
2024-05-03,TCEHY,47.0,47.2,46.76,47.14,2915718.0
2024-05-03,VWAGY,14.41,14.41,14.24,14.28,278264.0
2024-05-06,BACHY,11.3195,11.33,11.25,11.27,117875.0
2024-05-06,BASFY,13.32,13.3696,13.29,13.35,54130.0
2024-05-06,BMWYY,37.08,37.139,36.91,37.12,50379.0
2024-05-06,BYDDY,58.05,58.26,57.68,57.93,369543.0
2024-05-06,DTEGY,23.46,23.46,23.36,23.4,115040.0
2024-05-06,NSRGY,101.9,101.93,100.47,100.6,568812.0
2024-05-06,NTDOY,12.35,12.48,12.25,12.41,851208.0
2024-05-06,RHHBY,30.16,30.23,30.03,30.09,2162815.0
2024-05-06,SFTBY,25.86,26.36,25.73,26.17,636707.0
2024-05-06,TCEHY,47.4,47.69,47.2575,47.41,1366315.0
2024-05-06,VWAGY,14.48,14.52,14.44,14.5,130309.0
2024-05-07,BACHY,11.36,11.36,11.27,11.32,38460.0
2024-05-07,BASFY,13.436,13.53,13.42,13.53,105076.0
2024-05-07,BMWYY,37.21,37.53,37.15,37.49,52317.0
2024-05-07,BYDDY,57.93,58.58,57.8,58.02,288265.0
2024-05-07,DTEGY,23.41,23.425,23.27,23.29,108509.0
2024-05-07,NSRGY,101.13,101.55,100.97,101.2,490248.0
2024-05-07,NTDOY,12.19,12.55,12.17,12.4,1457203.0
2024-05-07,RHHBY,30.32,30.52,30.31,30.48,1120427.0
2024-05-07,SFTBY,26.1601,26.49,25.85,26.01,548725.0
2024-05-07,TCEHY,46.72,46.89,46.61,46.8,1872533.0
2024-05-07,VWAGY,14.58,14.65,14.51,14.53,144349.0
2024-05-08,BACHY,11.331,11.42,11.28,11.42,16787.0
2024-05-08,BASFY,13.3899,13.3899,13.3,13.315,38444.0
2024-05-08,BMWYY,35.89,36.37,35.87,36.22,102371.0
2024-05-08,BYDDY,57.39,57.53,56.51,56.9,216436.0
2024-05-08,DTEGY,23.29,23.31,23.16,23.17,3064182.0
2024-05-08,NSRGY,102.81,103.75,102.7001,103.54,445774.0
2024-05-08,NTDOY,11.88,11.93,11.75,11.76,2176690.0
2024-05-08,RHHBY,30.48,30.6085,30.42,30.42,1807155.0
2024-05-08,SFTBY,25.55,25.74,25.4,25.64,231471.0
2024-05-08,TCEHY,46.0,46.31,45.91,46.26,1986336.0
2024-05-08,VWAGY,14.3,14.43,14.245,14.37,120402.0
2024-05-09,BACHY,11.5,11.55,11.32,11.49,28378.0
2024-05-09,BASFY,13.35,13.49,13.35,13.44,60472.0
2024-05-09,BMWYY,36.46,36.63,36.39,36.63,63166.0
2024-05-09,BYDDY,57.55,58.49,57.55,57.96,185010.0
2024-05-09,DTEGY,23.53,23.63,23.51,23.62,293922.0
2024-05-09,NSRGY,101.28,104.465,101.28,104.44,360102.0
2024-05-09,NTDOY,12.2,12.35,12.11,12.33,3748453.0
2024-05-09,RHHBY,30.42,30.92,30.4,30.9,1263554.0
2024-05-09,SFTBY,25.0,25.61,24.78,25.38,828015.0
2024-05-09,TCEHY,47.5,47.75,47.33,47.63,2584829.0
2024-05-09,VWAGY,14.48,14.6,14.48,14.55,121959.0
2024-05-10,BACHY,11.56,11.94,11.56,11.87,45356.0
2024-05-10,BASFY,13.25,13.26,13.12,13.16,102776.0
2024-05-10,BMWYY,36.42,36.49,36.28,36.49,56653.0
2024-05-10,BYDDY,57.64,57.67,56.53,56.78,237254.0
2024-05-10,DTEGY,23.62,23.65,23.545,23.63,45747.0
2024-05-10,NSRGY,104.5,105.14,104.3225,105.05,279078.0
2024-05-10,NTDOY,12.59,12.69,12.5,12.62,2236666.0
2024-05-10,RHHBY,30.95,31.11,30.91,30.95,1519135.0
2024-05-10,SFTBY,25.34,25.71,25.25,25.66,1231917.0
2024-05-10,TCEHY,47.55,47.72,47.33,47.56,2026742.0
2024-05-10,VWAGY,14.53,14.53,14.41,14.47,139051.0
2024-05-13,BACHY,12.1,12.1,11.55,11.85,44461.0
2024-05-13,BASFY,13.15,13.26,13.14,13.22,155903.0
2024-05-13,BMWYY,36.78,37.22,36.76,37.01,68070.0
2024-05-13,BYDDY,56.78,57.8695,56.78,57.23,262189.0
2024-05-13,DTEGY,23.6501,23.75,23.65,23.67,338665.0
2024-05-13,NSRGY,104.86,105.02,104.3,104.39,439802.0
2024-05-13,NTDOY,12.75,12.94,12.75,12.85,2100730.0
2024-05-13,RHHBY,31.26,31.47,30.06,30.35,5420634.0
2024-05-13,SFTBY,25.3501,26.48,25.35,26.48,471846.0
2024-05-13,TCEHY,48.5,49.33,48.43,49.21,5759755.0
2024-05-13,VWAGY,14.77,14.9896,14.77,14.87,174552.0
2024-05-14,BACHY,12.0,12.0,11.37,11.69,53461.0
2024-05-14,BASFY,13.28,13.37,13.24,13.36,60630.0
2024-05-14,BMWYY,37.5,37.52,37.08,37.205,159692.0
2024-05-14,BYDDY,56.32,57.24,56.2,57.05,433865.0
2024-05-14,DTEGY,23.7,23.82,23.66,23.82,126899.0
2024-05-14,NSRGY,104.69,104.78,103.96,104.28,510326.0
2024-05-14,NTDOY,13.42,13.58,13.37,13.49,2912689.0
2024-05-14,RHHBY,30.73,31.05,30.68,30.95,2202318.0
2024-05-14,SFTBY,26.5,26.86,26.5,26.76,405465.0
2024-05-14,TCEHY,50.79,52.1,50.77,51.51,7031489.0
2024-05-14,VWAGY,15.36,15.41,15.26,15.385,252648.0
2024-05-15,BACHY,11.76,11.816,11.75,11.8,17715.0
2024-05-15,BASFY,13.46,13.49,13.38,13.46,56625.0
2024-05-15,BMWYY,37.38,37.38,36.61,36.85,111586.0
2024-05-15,BYDDY,57.35,57.35,56.01,56.47,392652.0
2024-05-15,DTEGY,24.03,24.1,23.94,24.02,210312.0
2024-05-15,NSRGY,104.98,105.74,104.8201,105.49,401646.0
2024-05-15,NTDOY,13.38,13.48,13.2,13.41,1624925.0
2024-05-15,RHHBY,31.2901,31.53,31.24,31.4,1186875.0
2024-05-15,SFTBY,26.86,27.2,26.49,26.87,481930.0
2024-05-15,TCEHY,51.66,51.78,51.0,51.61,3138291.0
2024-05-15,VWAGY,15.43,15.44,15.18,15.312,151784.0
2024-05-16,BACHY,12.24,12.39,12.24,12.38,51836.0
2024-05-16,BASFY,13.36,13.4,13.2606,13.296,56861.0
2024-05-16,BMWYY,34.965,35.24,34.8,34.86,142849.0
2024-05-16,BYDDY,56.6,57.22,56.34,57.11,332075.0
2024-05-16,DTEGY,23.84,23.87,23.5872,23.72,132174.0
2024-05-16,NSRGY,105.55,105.629,105.2,105.47,318515.0
2024-05-16,NTDOY,13.76,13.82,13.67,13.68,6516149.0
2024-05-16,RHHBY,32.52,32.78,32.4,32.65,5301317.0
2024-05-16,SFTBY,27.4,27.64,27.01,27.01,326695.0
2024-05-16,TCEHY,51.0,51.72,50.8,51.67,3868627.0
2024-05-16,VWAGY,15.17,15.17,15.03,15.085,153887.0
2024-05-17,BACHY,12.85,12.85,12.25,12.33,20562.0
2024-05-17,BASFY,13.32,13.32,13.24,13.31,48188.0
2024-05-17,BMWYY,34.8,34.91,34.67,34.72,108746.0
2024-05-17,BYDDY,57.2,57.75,56.895,57.32,276758.0
2024-05-17,DTEGY,23.79,23.94,23.765,23.81,373488.0
2024-05-17,NSRGY,105.52,106.39,105.311,105.8,552034.0
2024-05-17,NTDOY,13.52,13.7,13.52,13.64,1768452.0
2024-05-17,RHHBY,32.56,32.99,32.44,32.81,2780141.0
2024-05-17,SFTBY,27.13,27.5,27.1,27.2,282296.0
2024-05-17,TCEHY,50.79,51.32,50.6,51.08,3195092.0
2024-05-17,VWAGY,15.1,15.28,15.09,15.2134,97185.0
2024-05-20,BACHY,12.33,12.478,12.33,12.44,28307.0
2024-05-20,BASFY,13.34,13.5,13.3,13.34,149738.0
2024-05-20,BMWYY,34.6,34.6,34.2,34.24,73843.0
2024-05-20,BYDDY,57.41,58.1,57.19,57.5,194667.0
2024-05-20,DTEGY,24.07,24.15,23.99,24.09,104277.0
2024-05-20,NSRGY,105.93,106.31,105.86,105.87,384114.0
2024-05-20,NTDOY,13.55,13.55,13.31,13.375,1590025.0
2024-05-20,RHHBY,33.0,33.03,32.73,32.77,1281649.0
2024-05-20,SFTBY,26.96,27.02,26.51,26.75,236091.0
2024-05-20,TCEHY,50.7,50.73,50.2,50.28,1897656.0
2024-05-20,VWAGY,15.01,15.02,14.9,14.95,177959.0
2024-05-21,BACHY,13.02,13.02,12.21,12.61,112757.0
2024-05-21,BASFY,13.44,13.44,13.26,13.315,102555.0
2024-05-21,BMWYY,34.17,34.36,34.15,34.25,145999.0
2024-05-21,BYDDY,56.22,56.45,55.8295,55.99,320875.0
2024-05-21,DTEGY,23.9601,24.03,23.93,23.97,141845.0
2024-05-21,NSRGY,105.25,105.32,104.57,104.67,814196.0
2024-05-21,NTDOY,13.34,13.6,13.33,13.44,774331.0
2024-05-21,RHHBY,32.35,32.44,32.18,32.32,2714217.0
2024-05-21,SFTBY,26.2,26.43,25.9,26.37,419561.0
2024-05-21,TCEHY,49.19,49.34,49.03,49.18,2558876.0
2024-05-21,VWAGY,14.97,15.0593,14.92,15.0,81968.0
2024-05-22,BACHY,12.5945,12.625,12.53,12.56,19735.0
2024-05-22,BASFY,13.25,13.25,13.0,13.02,189957.0
2024-05-22,BMWYY,33.63,33.7015,33.31,33.42,93658.0
2024-05-22,BYDDY,54.99,55.0,54.365,54.51,249898.0
2024-05-22,DTEGY,23.78,23.97,23.752,23.84,141605.0
2024-05-22,NSRGY,103.51,104.07,103.37,103.94,702559.0
2024-05-22,NTDOY,13.25,13.38,13.25,13.33,3964492.0
2024-05-22,RHHBY,31.73,31.8285,31.63,31.67,4696943.0
2024-05-22,SFTBY,26.99,26.99,26.38,26.55,303823.0
2024-05-22,TCEHY,48.96,49.26,48.68,48.75,2165179.0
2024-05-22,VWAGY,14.84,14.9096,14.76,14.84,231647.0
2024-05-23,BACHY,12.47,12.47,12.34,12.34,34407.0
2024-05-23,BASFY,13.17,13.17,12.97,13.0,104505.0
2024-05-23,BMWYY,33.67,33.73,33.07,33.11,109070.0
2024-05-23,BYDDY,54.15,54.45,52.95,53.07,292950.0
2024-05-23,DTEGY,23.65,23.65,23.33,23.37,1827205.0
2024-05-23,NSRGY,102.61,102.64,101.39,101.49,1018930.0
2024-05-23,NTDOY,13.3,13.335,13.01,13.04,1209267.0
2024-05-23,RHHBY,31.92,31.96,31.71,31.79,3817928.0
2024-05-23,SFTBY,27.73,27.9,26.84,27.09,737407.0
2024-05-23,TCEHY,48.82,49.22,48.2,48.3,2926420.0
2024-05-23,VWAGY,15.02,15.04,14.75,14.76,113491.0
2024-05-24,BACHY,12.415,12.45,12.39,12.45,12852.0
2024-05-24,BASFY,13.02,13.072,13.0,13.04,65542.0
2024-05-24,BMWYY,33.47,33.61,33.351,33.61,75280.0
2024-05-24,BYDDY,53.0,53.57,53.0,53.4,154360.0
2024-05-24,DTEGY,23.49,23.588,23.49,23.57,226268.0
2024-05-24,NSRGY,101.53,101.93,101.01,101.15,386953.0
2024-05-24,NTDOY,13.02,13.2,13.02,13.16,837454.0
2024-05-24,RHHBY,31.66,31.69,31.49,31.6,1752049.0
2024-05-24,SFTBY,26.7,27.35,26.7,27.29,382636.0
2024-05-24,TCEHY,48.27,48.64,48.17,48.46,1705237.0
2024-05-24,VWAGY,14.92,15.1,14.92,15.08,164054.0
2024-05-28,BACHY,11.92,12.286,11.92,12.268,10881.0
2024-05-28,BASFY,13.07,13.1,12.97,13.04,107049.0
2024-05-28,BMWYY,33.9501,34.02,33.71,33.77,101824.0
2024-05-28,BYDDY,53.11,53.21,52.41,52.745,315837.0
2024-05-28,DTEGY,23.5,23.64,23.44,23.61,180499.0
2024-05-28,NSRGY,100.85,100.93,100.32,100.51,527429.0
2024-05-28,NTDOY,13.01,13.12,12.98,13.0,655503.0
2024-05-28,RHHBY,31.61,31.685,31.19,31.3,1717940.0
2024-05-28,SFTBY,27.59,28.49,27.59,28.31,1053897.0
2024-05-28,TCEHY,48.65,48.75,48.26,48.33,4203716.0
2024-05-28,VWAGY,15.36,15.41,15.23,15.29,163373.0
2024-05-29,BACHY,11.6301,12.0355,11.6301,11.99,148817.0
2024-05-29,BASFY,12.81,12.81,12.7,12.7114,96554.0
2024-05-29,BMWYY,33.1,33.23,33.026,33.05,85334.0
2024-05-29,BYDDY,55.29,55.88,55.25,55.62,303473.0
2024-05-29,DTEGY,23.37,23.45,23.28,23.29,181504.0
2024-05-29,NSRGY,99.9,100.0,99.5,99.69,502087.0
2024-05-29,NTDOY,13.0,13.1,13.0,13.01,349738.0
2024-05-29,RHHBY,31.57,31.6,31.3,31.33,1889149.0
2024-05-29,SFTBY,28.89,28.89,27.95,28.08,452801.0
2024-05-29,TCEHY,47.22,47.47,47.2,47.4,1665482.0
2024-05-29,VWAGY,14.95,15.07,14.78,15.04,116490.0
2024-05-30,BACHY,12.22,12.22,11.78,11.92,22519.0
2024-05-30,BASFY,12.85,13.02,12.85,12.99,93290.0
2024-05-30,BMWYY,33.4899,33.55,33.33,33.36,79474.0
2024-05-30,BYDDY,55.95,57.15,55.9,56.9,321982.0
2024-05-30,DTEGY,23.65,23.88,23.65,23.76,207568.0
2024-05-30,NSRGY,103.02,104.53,102.6,103.84,484096.0
2024-05-30,NTDOY,13.35,13.35,13.2,13.29,335089.0
2024-05-30,RHHBY,31.36,31.7,31.36,31.57,3440071.0
2024-05-30,SFTBY,27.89,28.22,27.22,28.05,418194.0
2024-05-30,TCEHY,47.24,47.76,47.07,47.68,900721.0
2024-05-30,VWAGY,14.51,15.32,14.51,14.9,178104.0
2024-05-31,BACHY,11.78,11.8,11.735,11.78,296375.0
2024-05-31,BASFY,13.06,13.13,13.0075,13.12,79488.0
2024-05-31,BMWYY,33.49,33.74,33.482,33.74,91295.0
2024-05-31,BYDDY,56.55,56.55,56.11,56.11,189606.0
2024-05-31,DTEGY,24.11,24.32,24.08,24.3,312265.0
2024-05-31,NSRGY,105.41,106.37,105.38,106.3,1711957.0
2024-05-31,NTDOY,13.55,13.67,13.48,13.58,724604.0
2024-05-31,RHHBY,31.65,32.16,31.61,32.01,1959503.0
2024-05-31,SFTBY,28.61,29.05,28.36,28.92,755062.0
2024-05-31,TCEHY,46.24,46.58,46.05,46.53,3009961.0
2024-05-31,VWAGY,14.2,14.31,14.12,14.23,208826.0
2024-06-03,BACHY,12.28,12.28,11.805,11.81,138059.0
2024-06-03,BASFY,13.0401,13.07,12.95,13.005,81508.0
2024-06-03,BMWYY,33.98,34.07,33.58,33.73,89897.0
2024-06-03,BYDDY,58.75,59.0,58.25,58.38,395015.0
2024-06-03,DTEGY,24.46,24.65,23.89,24.01,1944887.0
2024-06-03,NSRGY,106.89,107.72,106.68,107.5,442882.0
2024-06-03,NTDOY,13.65,13.796,13.65,13.73,453970.0
2024-06-03,RHHBY,32.04,32.41,32.04,32.34,2066509.0
2024-06-03,SFTBY,28.82,29.32,28.69,29.09,497761.0
2024-06-03,TCEHY,47.91,48.03,47.32,47.56,1703364.0
2024-06-03,VWAGY,14.23,14.35,14.13,14.15,157237.0
2024-06-04,BACHY,11.88,11.88,11.8048,11.85,45562.0
2024-06-04,BASFY,12.88,12.88,12.8006,12.855,90524.0
2024-06-04,BMWYY,33.34,33.4597,33.16,33.3,94111.0
2024-06-04,BYDDY,59.0,59.49,58.64,58.78,238940.0
2024-06-04,DTEGY,24.21,24.48,24.12,24.385,1260396.0
2024-06-04,NSRGY,109.34,109.99,109.22,109.9,898653.0
2024-06-04,NTDOY,14.05,14.22,14.05,14.2,1203678.0
2024-06-04,RHHBY,32.89,32.95,32.74,32.89,2059883.0
2024-06-04,SFTBY,29.11,29.11,28.6,28.8,447659.0
2024-06-04,TCEHY,48.15,48.39,47.92,48.1798,1915565.0
2024-06-04,VWAGY,14.1,14.13,13.95,13.98,266975.0
2024-06-05,BACHY,12.33,12.33,11.83,11.98,34590.0
2024-06-05,BASFY,12.83,12.84,12.71,12.81,86821.0
2024-06-05,BMWYY,33.37,33.42,33.0385,33.21,85833.0
2024-06-05,BYDDY,59.61,59.95,59.38,59.95,216034.0
2024-06-05,DTEGY,24.57,24.67,24.44,24.54,236211.0
2024-06-05,NSRGY,109.98,109.99,108.9,109.41,353685.0
2024-06-05,NTDOY,14.02,14.16,13.99,14.09,350115.0
2024-06-05,RHHBY,33.27,33.3,32.97,33.04,1624810.0
2024-06-05,SFTBY,30.0,31.21,30.0,31.21,778905.0
2024-06-05,TCEHY,48.58,49.06,48.55,49.05,2107359.0
2024-06-05,VWAGY,13.97,14.07,13.83,13.88,443913.0
2024-06-06,BACHY,11.99,12.0,11.96,11.99,26197.0
2024-06-06,BASFY,12.69,12.75,12.667,12.73,73096.0
2024-06-06,BMWYY,33.1,33.21,33.07,33.07,114705.0
2024-06-06,BYDDY,58.51,58.89,58.35,58.54,225195.0
2024-06-06,DTEGY,24.605,24.71,24.55,24.56,182418.0
2024-06-06,NSRGY,109.81,110.46,109.68,110.31,677813.0
2024-06-06,NTDOY,14.1,14.19,14.03,14.09,330303.0
2024-06-06,RHHBY,33.36,33.5,33.3,33.48,1585172.0
2024-06-06,SFTBY,30.7,30.7,30.34,30.68,483014.0
2024-06-06,TCEHY,49.0,49.1,48.72,49.0,1004751.0
2024-06-06,VWAGY,13.75,13.77,13.6,13.61,237736.0
2024-06-07,BACHY,12.004,12.004,11.924,11.98,6647.0
2024-06-07,BASFY,12.58,12.64,12.545,12.57,99035.0
2024-06-07,BMWYY,32.69,32.9425,32.58,32.79,108619.0
2024-06-07,BYDDY,58.26,58.5,57.47,57.63,111154.0
2024-06-07,DTEGY,24.41,24.48,24.34,24.43,140135.0
2024-06-07,NSRGY,109.48,109.68,108.94,109.01,360505.0
2024-06-07,NTDOY,14.0,14.0,13.89,13.9,340598.0
2024-06-07,RHHBY,33.9,33.95,33.5,33.55,3674461.0
2024-06-07,SFTBY,30.4,30.55,30.17,30.27,363259.0
2024-06-07,TCEHY,47.6,47.85,47.23,47.31,1926914.0
2024-06-07,VWAGY,13.44,13.47,13.35,13.38,189045.0
2024-06-10,BACHY,11.98,12.04,11.98,12.0375,10531.0
2024-06-10,BASFY,12.38,12.43,12.33,12.41,135137.0
2024-06-10,BMWYY,32.55,32.75,32.33,32.75,85878.0
2024-06-10,BYDDY,57.2,57.84,57.19,57.54,137889.0
2024-06-10,DTEGY,24.27,24.45,24.18,24.4,178992.0
2024-06-10,NSRGY,107.21,107.21,105.88,106.8,291900.0
2024-06-10,NTDOY,13.79,13.96,13.78,13.95,581934.0
2024-06-10,RHHBY,33.47,33.48,33.3,33.46,5266263.0
2024-06-10,SFTBY,30.7,31.42,30.7,31.34,790309.0
2024-06-10,TCEHY,47.35,47.76,47.18,47.64,991532.0
2024-06-10,VWAGY,13.13,13.27,13.09,13.2032,273568.0
2024-06-11,BACHY,11.83,11.83,11.8,11.8,31784.0
2024-06-11,BASFY,12.4,12.47,12.34,12.45,142327.0
2024-06-11,BMWYY,32.41,32.62,32.3015,32.49,92598.0
2024-06-11,BYDDY,58.87,58.87,58.02,58.56,185253.0
2024-06-11,DTEGY,24.21,24.33,24.11,24.29,152187.0
2024-06-11,NSRGY,105.47,105.58,105.09,105.22,367838.0
2024-06-11,NTDOY,13.81,13.9,13.67,13.72,511272.0
2024-06-11,RHHBY,33.39,33.73,33.34,33.51,1221618.0
2024-06-11,SFTBY,31.09,31.15,30.5,30.94,900269.0
2024-06-11,TCEHY,48.02,48.02,47.2,47.46,1145867.0
2024-06-11,VWAGY,12.94,13.0084,12.85,12.9199,273602.0
2024-06-12,BACHY,11.85,11.908,11.85,11.85,27139.0
2024-06-12,BASFY,12.58,12.61,12.46,12.51,76854.0
2024-06-12,BMWYY,32.49,32.66,32.38,32.38,84119.0
2024-06-12,BYDDY,56.99,57.49,56.85,57.01,563471.0
2024-06-12,DTEGY,24.53,24.61,24.25,24.3,311958.0
2024-06-12,NSRGY,106.92,106.96,105.62,105.83,399477.0
2024-06-12,NTDOY,13.66,13.8,13.61,13.65,701834.0
2024-06-12,RHHBY,34.01,34.24,33.89,34.09,2392279.0
2024-06-12,SFTBY,31.315,31.95,31.21,31.73,754099.0
2024-06-12,TCEHY,47.78,48.1,47.5,47.61,1787369.0
2024-06-12,VWAGY,12.9,13.0,12.88,12.89,243905.0
2024-06-13,BACHY,12.26,12.26,11.8,11.809,29071.0
2024-06-13,BASFY,12.29,12.29,12.18,12.24,108977.0
2024-06-13,BMWYY,32.08,32.08,31.47,31.52,127270.0
2024-06-13,BYDDY,59.27,59.64,58.49,58.66,478649.0
2024-06-13,DTEGY,24.4,24.51,24.12,24.18,125275.0
2024-06-13,NSRGY,106.02,106.68,105.6,106.63,352404.0
2024-06-13,NTDOY,13.28,13.36,13.19,13.24,584112.0
2024-06-13,RHHBY,34.18,34.53,34.06,34.52,4110008.0
2024-06-13,SFTBY,31.22,31.44,30.8,31.17,695541.0
2024-06-13,TCEHY,48.46,48.68,48.11,48.26,2737944.0
2024-06-13,VWAGY,12.48,12.52,12.29,12.3243,520075.0
2024-06-14,BACHY,11.67,11.87,11.67,11.84,16493.0
2024-06-14,BASFY,11.93,11.94,11.85,11.91,154602.0
2024-06-14,BMWYY,31.03,31.03,30.8,30.89,91540.0
2024-06-14,BYDDY,58.26,58.43,57.98,58.2,132665.0
2024-06-14,DTEGY,24.05,24.24,24.0375,24.23,484531.0
2024-06-14,NSRGY,107.44,107.56,106.58,106.75,363141.0
2024-06-14,NTDOY,13.35,13.44,13.34,13.39,513623.0
2024-06-14,RHHBY,34.73,34.88,34.515,34.67,1515783.0
2024-06-14,SFTBY,31.715,31.89,31.4,31.75,833733.0
2024-06-14,TCEHY,48.37,48.5,47.94,48.13,2384684.0
2024-06-14,VWAGY,11.95,12.1,11.91,12.01,562481.0
2024-06-17,BACHY,12.37,12.37,11.9955,12.11,46881.0
2024-06-17,BASFY,11.97,12.05,11.93,12.03,146079.0
2024-06-17,BMWYY,31.34,31.6,31.2695,31.54,91224.0
2024-06-17,BYDDY,58.76,59.5,58.52,59.38,267344.0
2024-06-17,DTEGY,24.21,24.34,24.06,24.34,344583.0
2024-06-17,NSRGY,106.27,107.09,106.14,106.96,312785.0
2024-06-17,NTDOY,13.2,13.45,13.2,13.37,468990.0
2024-06-17,RHHBY,34.33,34.61,34.278,34.58,1445768.0
2024-06-17,SFTBY,32.0,32.5,31.82,32.44,528158.0
2024-06-17,TCEHY,48.76,49.02,48.43,48.92,2141024.0
2024-06-17,VWAGY,12.11,12.2,12.06,12.15,701339.0
2024-06-18,BACHY,12.4,12.4,12.07,12.15,24877.0
2024-06-18,BASFY,12.0,12.08,11.99,12.08,193028.0
2024-06-18,BMWYY,31.43,31.484,31.27,31.3475,115448.0
2024-06-18,BYDDY,59.3,60.47,59.3,60.45,792776.0
2024-06-18,DTEGY,24.42,24.55,24.4,24.5275,1476309.0
2024-06-18,NSRGY,107.08,107.37,106.808,107.22,513190.0
2024-06-18,NTDOY,13.79,13.88,13.66,13.79,818797.0
2024-06-18,RHHBY,34.84,35.2,34.82,34.98,2873924.0
2024-06-18,SFTBY,32.16,33.23,31.9,33.07,1412054.0
2024-06-18,TCEHY,48.32,48.74,48.27,48.71,1863559.0
2024-06-18,VWAGY,12.0801,12.18,12.08,12.13,433901.0
2024-06-20,BACHY,12.39,12.39,12.3,12.33,44271.0
2024-06-20,BASFY,12.08,12.1725,12.05,12.14,102833.0
2024-06-20,BMWYY,31.28,31.565,31.27,31.45,85467.0
2024-06-20,BYDDY,60.49,60.84,60.19,60.48,223656.0
2024-06-20,DTEGY,24.58,24.6265,24.47,24.47,346599.0
2024-06-20,NSRGY,105.26,106.54,105.18,106.2,445254.0
2024-06-20,NTDOY,13.42,13.5,13.25,13.3,654771.0
2024-06-20,RHHBY,34.91,35.31,34.87,35.22,2291038.0
2024-06-20,SFTBY,32.4101,32.58,31.66,31.9,1416972.0
2024-06-20,TCEHY,49.5,49.51,49.1,49.27,1966755.0
2024-06-20,VWAGY,12.1,12.15,12.05,12.1,336432.0
2024-06-21,BACHY,12.09,12.104,12.07,12.07,16507.0
2024-06-21,BASFY,12.0101,12.07,11.98,12.03,132543.0
2024-06-21,BMWYY,31.15,31.31,31.0,31.14,76606.0
2024-06-21,BYDDY,60.34,60.5,60.14,60.39,203744.0
2024-06-21,DTEGY,24.44,24.54,24.38,24.49,4808.0
2024-06-21,NSRGY,105.11,105.58,104.52,104.92,543524.0
2024-06-21,NTDOY,13.246,13.29,13.22,13.26,320646.0
2024-06-21,RHHBY,35.27,35.61,35.27,35.59,2687880.0
2024-06-21,SFTBY,31.08,31.16,30.75,30.8,606038.0
2024-06-21,TCEHY,48.76,48.96,47.4564,48.72,1377661.0
2024-06-21,VWAGY,12.03,12.06,11.96,11.99,263589.0
2024-06-24,BACHY,12.63,12.63,12.24,12.24,24317.0
2024-06-24,BASFY,12.29,12.39,12.2601,12.29,194822.0
2024-06-24,BMWYY,32.24,32.36,31.85,31.9,132367.0
2024-06-24,BYDDY,60.85,61.66,60.39,61.38,178317.0
2024-06-24,DTEGY,24.83,24.95,24.72,24.82,175891.0
2024-06-24,NSRGY,106.17,106.38,105.45,105.88,340516.0
2024-06-24,NTDOY,13.3,13.39,13.26,13.27,272424.0
2024-06-24,RHHBY,35.56,35.79,35.53,35.71,1877109.0
2024-06-24,SFTBY,31.0,31.52,30.62,30.63,643802.0
2024-06-24,TCEHY,48.72,49.35,48.65,48.95,1066018.0
2024-06-24,VWAGY,12.24,12.28,12.12,12.14,405433.0
2024-06-25,BACHY,12.16,12.19,12.14,12.165,27592.0
2024-06-25,BASFY,12.34,12.41,12.305,12.4,177054.0
2024-06-25,BMWYY,31.93,32.27,31.87,32.17,147035.0
2024-06-25,BYDDY,61.0,61.15,60.7,60.82,151656.0
2024-06-25,DTEGY,25.04,25.05,24.88,24.91,441667.0
2024-06-25,NSRGY,105.2,105.47,104.91,105.26,1641411.0
2024-06-25,NTDOY,13.49,13.5,13.41,13.47,404476.0
2024-06-25,RHHBY,35.42,35.65,35.32,35.57,2022190.0
2024-06-25,SFTBY,31.0,31.68,30.85,31.534,682239.0
2024-06-25,TCEHY,48.5,48.77,48.33,48.55,1374630.0
2024-06-25,VWAGY,12.17,12.22,12.14,12.2,213036.0
2024-06-26,BACHY,11.8,12.14,11.8,12.14,21740.0
2024-06-26,BASFY,12.0,12.09,11.99,12.055,149847.0
2024-06-26,BMWYY,31.1,31.34,31.1,31.33,114144.0
2024-06-26,BYDDY,60.49,60.77,60.11,60.44,161697.0
2024-06-26,DTEGY,24.7,24.94,24.7,24.86,524713.0
2024-06-26,NSRGY,103.59,103.82,103.47,103.56,786821.0
2024-06-26,NTDOY,13.53,13.55,13.36,13.39,296428.0
2024-06-26,RHHBY,34.79,34.91,34.63,34.66,3588807.0
2024-06-26,SFTBY,31.4,31.7,31.2,31.51,471655.0
2024-06-26,TCEHY,48.5,48.65,48.24,48.42,1210328.0
2024-06-26,VWAGY,11.91,12.04,11.89,12.02,451796.0
2024-06-27,BACHY,12.124,12.124,12.04,12.04,15532.0
2024-06-27,BASFY,12.11,12.17,12.07,12.11,106627.0
2024-06-27,BMWYY,31.39,31.5093,31.29,31.39,240912.0
2024-06-27,BYDDY,58.65,59.12,58.44,58.75,194641.0
2024-06-27,DTEGY,25.01,25.06,24.92,24.96,112233.0
2024-06-27,NSRGY,102.95,103.2075,102.36,102.48,563447.0
2024-06-27,NTDOY,13.35,13.4,13.33,13.38,283623.0
2024-06-27,RHHBY,34.92,35.02,34.81,34.91,2685152.0
2024-06-27,SFTBY,31.72,31.86,31.5,31.83,290849.0
2024-06-27,TCEHY,48.0,48.06,47.45,47.55,1652309.0
2024-06-27,VWAGY,12.02,12.06,11.91,11.97,335503.0
2024-06-28,BACHY,12.26,12.28,12.215,12.23,26358.0
2024-06-28,BASFY,12.05,12.095,12.03,12.08,129954.0
2024-06-28,BMWYY,31.51,31.69,31.4,31.48,234716.0
2024-06-28,BYDDY,58.85,59.95,58.85,59.08,102512.0
2024-06-28,DTEGY,25.23,25.23,25.038,25.19,166446.0
2024-06-28,NSRGY,102.04,102.45,101.9,102.45,490870.0
2024-06-28,NTDOY,13.32,13.35,13.235,13.3,494772.0
2024-06-28,RHHBY,34.75,34.82,34.56,34.67,1218719.0
2024-06-28,SFTBY,31.96,32.83,31.96,32.21,802558.0
2024-06-28,TCEHY,47.5,47.72,47.26,47.36,2130412.0
2024-06-28,VWAGY,11.91,12.0,11.91,11.92,295692.0
2024-07-01,BACHY,12.39,12.39,12.2118,12.265,10253.0
2024-07-01,BASFY,11.97,11.98,11.85,11.89,179365.0
2024-07-01,BMWYY,32.1,32.19,31.6835,31.95,109593.0
2024-07-01,BYDDY,59.38,59.8,58.5,59.74,141451.0
2024-07-01,DTEGY,25.43,25.59,25.37,25.506,6183612.0
2024-07-01,NSRGY,102.04,102.72,101.4,101.46,649852.0
2024-07-01,NTDOY,13.6,13.6,13.46,13.48,287592.0
2024-07-01,RHHBY,34.545,34.84,34.53,34.64,1329283.0
2024-07-01,SFTBY,32.26,32.57,31.91,32.15,524542.0
2024-07-01,TCEHY,47.42,47.87,47.42,47.46,1744768.0
2024-07-01,VWAGY,12.0,12.04,11.97,12.015,362115.0
2024-07-02,BACHY,12.4,12.4,12.3,12.33,19249.0
2024-07-02,BASFY,11.93,11.99,11.9,11.96,163341.0
2024-07-02,BMWYY,31.43,31.52,31.1,31.52,118934.0
2024-07-02,BYDDY,58.13,59.29,58.13,58.96,163457.0
2024-07-02,DTEGY,25.58,25.58,25.18,25.38,161277.0
2024-07-02,NSRGY,101.79,102.61,101.71,102.39,366984.0
2024-07-02,NTDOY,13.8,13.82,13.62,13.79,1502345.0
2024-07-02,RHHBY,34.3,34.512,34.29,34.43,1649571.0
2024-07-02,SFTBY,32.15,32.9,32.01,32.84,576732.0
2024-07-02,TCEHY,47.2,47.49,47.09,47.4,1441531.0
2024-07-02,VWAGY,11.92,12.0,11.81,11.92,331799.0
2024-07-03,BACHY,12.262,12.3,12.262,12.27,12449.0
2024-07-03,BASFY,12.12,12.2285,12.12,12.18,62623.0
2024-07-03,BMWYY,31.77,32.01,31.77,31.81,19773.0
2024-07-03,BYDDY,58.77,59.74,58.74,59.5,248205.0
2024-07-03,DTEGY,25.57,25.7335,25.57,25.68,103117.0
2024-07-03,NSRGY,102.6,103.17,102.57,102.74,136749.0
2024-07-03,NTDOY,13.63,13.77,13.63,13.74,1159715.0
2024-07-03,RHHBY,34.28,34.34,34.1,34.11,1496847.0
2024-07-03,SFTBY,33.0,33.4,32.95,33.35,848136.0
2024-07-03,TCEHY,48.33,48.89,48.33,48.77,5215604.0
2024-07-03,VWAGY,12.1,12.17,12.08,12.14,164194.0
2024-07-05,BACHY,12.25,12.25,11.99,12.01,50878.0
2024-07-05,BASFY,12.25,12.28,12.125,12.2,122115.0
2024-07-05,BMWYY,31.82,31.95,31.482,31.74,61242.0
2024-07-05,BYDDY,59.73,60.5,59.5,60.1,210680.0
2024-07-05,DTEGY,25.94,25.957,25.77,25.88,93439.0
2024-07-05,NSRGY,103.49,103.57,102.78,103.57,217959.0
2024-07-05,NTDOY,13.82,13.87,13.66,13.78,318660.0
2024-07-05,RHHBY,34.1,34.12,33.85,34.03,1260507.0
2024-07-05,SFTBY,34.88,35.47,34.35,35.47,508060.0
2024-07-05,TCEHY,48.23,48.48,48.04,48.44,1362213.0
2024-07-05,VWAGY,12.22,12.25,12.08,12.12,423743.0
2024-07-08,BACHY,12.05,12.05,11.8,11.86,45237.0
2024-07-08,BASFY,12.17,12.2125,12.0901,12.12,241814.0
2024-07-08,BMWYY,31.73,31.73,31.3515,31.395,94801.0
2024-07-08,BYDDY,59.53,59.75,59.36,59.45,159779.0
2024-07-08,DTEGY,25.992,26.0,25.805,25.84,128253.0
2024-07-08,NSRGY,104.16,104.28,103.12,103.19,329712.0
2024-07-08,NTDOY,13.67,13.7,13.6,13.63,281435.0
2024-07-08,RHHBY,34.1,34.1,33.76,33.89,4178923.0
2024-07-08,SFTBY,35.33,35.5,35.06,35.32,526315.0
2024-07-08,TCEHY,48.4,48.5,48.17,48.34,1195989.0
2024-07-08,VWAGY,12.17,12.2,12.1,12.11,337346.0
2024-07-09,BACHY,11.0645,11.3655,11.0,11.07,26647.0
2024-07-09,BASFY,12.0,12.02,11.8901,11.91,142768.0
2024-07-09,BMWYY,31.55,31.72,31.45,31.51,72998.0
2024-07-09,BYDDY,59.98,60.49,59.45,60.4,266002.0
2024-07-09,DTEGY,25.58,25.66,25.49,25.5,136697.0
2024-07-09,NSRGY,103.71,103.88,102.84,102.94,344960.0
2024-07-09,NTDOY,13.75,13.95,13.75,13.76,276420.0
2024-07-09,RHHBY,34.15,34.29,34.028,34.25,1298172.0
2024-07-09,SFTBY,36.22,36.43,35.95,36.1,567070.0
2024-07-09,TCEHY,48.5,49.07,48.41,49.07,3504712.0
2024-07-09,VWAGY,12.0899,12.25,11.74,11.95,460298.0
2024-07-10,BACHY,10.71,11.43,10.71,11.17,79542.0
2024-07-10,BASFY,11.82,11.83,11.75,11.83,120791.0
2024-07-10,BMWYY,32.33,32.48,32.196,32.41,113177.0
2024-07-10,BYDDY,61.0,61.34,60.62,61.31,237498.0
2024-07-10,DTEGY,25.74,25.89,25.73,25.79,138919.0
2024-07-10,NSRGY,103.18,103.8,103.02,103.54,278769.0
2024-07-10,NTDOY,13.81,14.0,13.81,14.0,930749.0
2024-07-10,RHHBY,34.3,34.84,34.2845,34.8,1175215.0
2024-07-10,SFTBY,36.9,37.14,36.55,37.03,501601.0
2024-07-10,TCEHY,48.41,48.67,48.34,48.64,1986900.0
2024-07-10,VWAGY,12.18,12.29,12.15,12.29,368958.0
2024-07-11,BACHY,11.05,11.25,11.05,11.2,43679.0
2024-07-11,BASFY,11.95,12.02,11.93,11.97,120813.0
2024-07-11,BMWYY,32.84,33.08,32.8,32.92,90748.0
2024-07-11,BYDDY,61.51,62.58,59.45,62.58,207819.0
2024-07-11,DTEGY,25.75,25.886,25.7,25.71,491885.0
2024-07-11,NSRGY,104.53,104.92,104.17,104.17,283366.0
2024-07-11,NTDOY,14.14,14.27,14.1,14.1,406147.0
2024-07-11,RHHBY,35.18,35.34,35.114,35.16,586793.0
2024-07-11,SFTBY,36.8,37.19,35.84,36.02,1276269.0
2024-07-11,TCEHY,49.33,49.69,49.27,49.5,3067820.0
2024-07-11,VWAGY,12.32,12.37,12.3,12.31,328728.0
2024-07-12,BACHY,11.465,11.47,11.378,11.378,22225.0
2024-07-12,BASFY,12.1,12.175,12.0715,12.15,139885.0
2024-07-12,BMWYY,33.11,33.59,33.11,33.37,149055.0
2024-07-12,BYDDY,63.12,63.48,62.81,63.05,232552.0
2024-07-12,DTEGY,26.0,26.11,25.93,26.01,295498.0
2024-07-12,NSRGY,105.27,105.98,105.2201,105.61,268537.0
2024-07-12,NTDOY,13.97,14.14,13.97,14.1,392801.0
2024-07-12,RHHBY,35.62,35.79,35.62,35.69,1961660.0
2024-07-12,SFTBY,36.16,36.86,35.99,36.65,476911.0
2024-07-12,TCEHY,50.61,51.02,50.4,50.45,2678497.0
2024-07-12,VWAGY,12.42,12.59,12.4,12.55,345687.0
2024-07-15,BACHY,11.18,11.2395,11.18,11.2028,17471.0
2024-07-15,BASFY,12.0,12.0,11.84,11.88,160867.0
2024-07-15,BMWYY,32.96,32.98,32.584,32.65,239365.0
2024-07-15,BYDDY,62.92,62.92,62.18,62.25,163446.0
2024-07-15,DTEGY,26.15,26.15,25.79,25.83,628826.0
2024-07-15,NSRGY,104.86,104.95,103.75,103.75,482177.0
2024-07-15,NTDOY,14.15,14.15,14.0,14.02,335920.0
2024-07-15,RHHBY,36.54,36.55,35.92,35.96,3116965.0
2024-07-15,SFTBY,36.68,36.89,36.15,36.2,455833.0
2024-07-15,TCEHY,49.77,49.98,49.37,49.42,1823620.0
2024-07-15,VWAGY,12.45,12.53,12.42,12.42,298799.0
2024-07-16,BACHY,11.2,11.2,11.05,11.1,22621.0
2024-07-16,BASFY,11.83,11.99,11.8,11.99,142276.0
2024-07-16,BMWYY,32.21,32.46,32.07,32.35,107288.0
2024-07-16,BYDDY,61.3,62.06,61.3,61.93,153604.0
2024-07-16,DTEGY,25.96,25.97,25.73,25.92,176325.0
2024-07-16,NSRGY,103.32,103.73,103.22,103.655,497337.0
2024-07-16,NTDOY,13.83,13.93,13.75,13.89,563463.0
2024-07-16,RHHBY,35.96,36.31,35.95,36.27,1078937.0
2024-07-16,SFTBY,35.94,36.36,35.72,36.3,516748.0
2024-07-16,TCEHY,48.16,48.57,48.01,48.53,2335775.0
2024-07-16,VWAGY,12.24,12.33,12.215,12.31,339387.0
2024-07-17,BACHY,10.81,10.94,10.81,10.94,18364.0
2024-07-17,BASFY,12.17,12.36,12.17,12.32,117325.0
2024-07-17,BMWYY,32.6,32.8,32.56,32.74,101521.0
2024-07-17,BYDDY,61.58,61.58,60.6,60.75,215948.0
2024-07-17,DTEGY,26.28,26.36,26.22,26.3,262147.0
2024-07-17,NSRGY,104.36,106.04,104.33,105.92,413644.0
2024-07-17,NTDOY,13.78,13.83,13.723,13.76,836177.0
2024-07-17,RHHBY,38.99,39.16,38.69,39.0,6014502.0
2024-07-17,SFTBY,35.16,35.28,34.56,34.72,541748.0
2024-07-17,TCEHY,47.5,47.63,47.07,47.18,2692050.0
2024-07-17,VWAGY,12.2799,12.32,12.23,12.31,206364.0
2024-07-18,BACHY,10.974,11.0,10.86,10.863,21452.0
2024-07-18,BASFY,12.25,12.37,12.22,12.24,127239.0
2024-07-18,BMWYY,33.23,33.38,33.02,33.07,59691.0
2024-07-18,BYDDY,61.46,61.88,61.1,61.18,145219.0
2024-07-18,DTEGY,26.42,26.505,26.36,26.38,80994.0
2024-07-18,NSRGY,106.5,106.9,105.73,105.83,393178.0
2024-07-18,NTDOY,13.65,13.76,13.58,13.63,1640538.0
2024-07-18,RHHBY,39.1,39.44,39.03,39.34,2504213.0
2024-07-18,SFTBY,34.02,34.36,33.14,33.3,934112.0
2024-07-18,TCEHY,47.09,47.25,46.55,46.63,3876629.0
2024-07-18,VWAGY,12.35,12.4,12.28,12.29,225783.0
2024-07-19,BACHY,10.8505,10.8505,10.785,10.785,10768.0
2024-07-19,BASFY,12.02,12.045,11.94,11.94,208462.0
2024-07-19,BMWYY,32.57,32.57,32.39,32.44,43333.0
2024-07-19,BYDDY,61.9,62.25,61.85,62.05,82027.0
2024-07-19,DTEGY,26.35,26.44,26.3,26.36,112526.0
2024-07-19,NSRGY,105.95,106.0,104.9,104.97,976699.0
2024-07-19,NTDOY,13.615,13.64,13.44,13.44,1035870.0
2024-07-19,RHHBY,39.21,39.36,39.11,39.27,2537410.0
2024-07-19,SFTBY,33.3,33.53,33.03,33.21,468470.0
2024-07-19,TCEHY,46.63,46.76,46.55,46.66,1803053.0
2024-07-19,VWAGY,12.16,12.16,12.01,12.03,216191.0
2024-07-22,BACHY,10.6,11.25,10.52,10.893,26808.0
2024-07-22,BASFY,12.2,12.22,12.12,12.22,127283.0
2024-07-22,BMWYY,33.08,33.17,32.85,33.04,74898.0
2024-07-22,BYDDY,62.73,63.29,62.56,63.15,195129.0
2024-07-22,DTEGY,26.51,26.61,26.37,26.46,102072.0
2024-07-22,NSRGY,106.79,106.86,105.96,106.6,769502.0
2024-07-22,NTDOY,13.55,13.64,13.54,13.61,1087843.0
2024-07-22,RHHBY,39.34,39.5,39.27,39.36,1826954.0
2024-07-22,SFTBY,33.52,33.97,33.44,33.69,355385.0
2024-07-22,TCEHY,47.87,48.26,47.87,48.2,1769908.0
2024-07-22,VWAGY,12.19,12.23,12.12,12.208,206471.0
2024-07-23,BACHY,10.85,11.018,10.85,10.93,16695.0
2024-07-23,BASFY,12.18,12.18,12.04,12.09,85072.0
2024-07-23,BMWYY,32.61,32.61,32.34,32.37,197781.0
2024-07-23,BYDDY,61.19,61.34,60.6,60.7,346980.0
2024-07-23,DTEGY,26.31,26.31,26.141,26.19,130004.0
2024-07-23,NSRGY,105.65,105.84,105.1,105.1,515237.0
2024-07-23,NTDOY,13.48,13.61,13.46,13.519,386078.0
2024-07-23,RHHBY,38.59,38.64,38.2,38.2,2692365.0
2024-07-23,SFTBY,33.26,33.88,33.02,33.72,494972.0
2024-07-23,TCEHY,47.05,47.11,46.71,46.98,2029887.0
2024-07-23,VWAGY,12.0,12.01,11.93,11.96,317790.0
2024-07-24,BACHY,10.881,11.046,10.71,10.94,32301.0
2024-07-24,BASFY,12.07,12.15,12.07,12.11,200257.0
2024-07-24,BMWYY,32.22,32.365,32.05,32.05,64110.0
2024-07-24,BYDDY,59.93,59.93,59.06,59.12,277595.0
2024-07-24,DTEGY,26.08,26.15,26.01,26.1,110036.0
2024-07-24,NSRGY,106.04,106.51,104.64,104.76,490847.0
2024-07-24,NTDOY,13.56,13.75,13.46,13.47,462562.0
2024-07-24,RHHBY,38.7,38.83,38.45,38.54,1076149.0
2024-07-24,SFTBY,33.46,33.46,31.92,32.0,388244.0
2024-07-24,TCEHY,46.5,46.8,46.2,46.28,1451649.0
2024-07-24,VWAGY,11.96,11.99,11.82,11.82,321192.0
2024-07-25,BACHY,10.735,10.98,10.53,10.87,50726.0
2024-07-25,BASFY,11.81,12.19,11.81,12.08,151080.0
2024-07-25,BMWYY,31.73,31.93,31.44,31.73,234979.0
2024-07-25,BYDDY,59.7,60.7,59.7,60.47,293045.0
2024-07-25,DTEGY,26.18,26.34,26.17,26.17,78785.0
2024-07-25,NSRGY,100.71,101.58,99.85,100.01,1282280.0
2024-07-25,NTDOY,13.47,13.53,13.32,13.34,728222.0
2024-07-25,RHHBY,39.35,39.87,39.2875,39.56,4074043.0
2024-07-25,SFTBY,30.75,30.99,29.37,30.403,837336.0
2024-07-25,TCEHY,45.0,45.35,44.98,45.07,2161852.0
2024-07-25,VWAGY,11.79,11.97,11.75,11.885,382520.0
2024-07-26,BACHY,10.445,10.9708,10.44,10.77,48162.0
2024-07-26,BASFY,11.87,11.91,11.79,11.9,165188.0
2024-07-26,BMWYY,31.71,31.73,31.5,31.65,131715.0
2024-07-26,BYDDY,60.06,60.81,60.06,60.69,122434.0
2024-07-26,DTEGY,26.23,26.4618,26.23,26.42,1162136.0
2024-07-26,NSRGY,99.28,99.74,99.02,99.635,1880431.0
2024-07-26,NTDOY,13.38,13.55,13.38,13.54,485733.0
2024-07-26,RHHBY,40.15,40.8,40.12,40.76,2775124.0
2024-07-26,SFTBY,30.0,30.41,29.85,30.17,447357.0
2024-07-26,TCEHY,45.34,45.77,45.19,45.56,1347057.0
2024-07-26,VWAGY,11.97,12.01,11.87,11.94,334013.0
2024-07-29,BACHY,10.8905,10.95,10.88,10.94,83390.0
2024-07-29,BASFY,11.55,11.67,11.5,11.65,195220.0
2024-07-29,BMWYY,31.28,31.38,31.08,31.38,165832.0
2024-07-29,BYDDY,59.48,59.88,58.93,59.3,165514.0
2024-07-29,DTEGY,26.26,26.31,26.095,26.28,234998.0
2024-07-29,NSRGY,100.12,100.15,99.1,99.21,848827.0
2024-07-29,NTDOY,13.48,13.72,13.4,13.47,404614.0
2024-07-29,RHHBY,40.43,40.46,40.03,40.4,1432849.0
2024-07-29,SFTBY,30.31,30.47,29.795,29.92,301975.0
2024-07-29,TCEHY,45.67,45.72,45.47,45.61,1142973.0
2024-07-29,VWAGY,11.81,11.87,11.8,11.82,258918.0
2024-07-30,BACHY,10.998,10.998,10.83,10.95,44226.0
2024-07-30,BASFY,11.67,11.67,11.53,11.56,224334.0
2024-07-30,BMWYY,31.26,31.31,31.14,31.18,119311.0
2024-07-30,BYDDY,57.99,57.99,57.35,57.35,220286.0
2024-07-30,DTEGY,26.24,26.25,26.041,26.1,90920.0
2024-07-30,NSRGY,100.13,100.24,99.6201,100.13,652872.0
2024-07-30,NTDOY,13.53,13.54,13.4,13.52,471185.0
2024-07-30,RHHBY,40.21,40.42,40.172,40.31,1182655.0
2024-07-30,SFTBY,29.86,30.38,29.05,29.48,573915.0
2024-07-30,TCEHY,45.15,45.34,45.03,45.09,2459087.0
2024-07-30,VWAGY,11.85,11.88,11.79,11.85,211140.0
2024-07-31,BACHY,10.9087,11.11,10.76,10.7904,15947.0
2024-07-31,BASFY,11.6,11.7025,11.58,11.64,151661.0
2024-07-31,BMWYY,30.99,31.05,30.83,30.89,142777.0
2024-07-31,BYDDY,58.75,59.7,58.75,59.53,303835.0
2024-07-31,DTEGY,26.06,26.27,26.02,26.19,75455.0
2024-07-31,NSRGY,101.77,102.03,100.85,100.99,514765.0
2024-07-31,NTDOY,13.76,13.82,13.59,13.72,1221761.0
2024-07-31,RHHBY,40.63,40.72,40.32,40.51,1165036.0
2024-07-31,SFTBY,30.1,30.72,30.0,30.5401,461464.0
2024-07-31,TCEHY,46.4,46.6,46.01,46.05,2223013.0
2024-07-31,VWAGY,11.8,11.85,11.75,11.81,299807.0
2024-08-01,BACHY,10.95,10.95,10.79,10.84,20241.0
2024-08-01,BASFY,11.57,11.57,11.33,11.4,163541.0
2024-08-01,BMWYY,30.23,30.2396,29.65,29.78,106040.0
2024-08-01,BYDDY,58.78,58.78,57.03,57.26,192344.0
2024-08-01,DTEGY,26.05,26.08,25.865,25.91,121446.0
2024-08-01,NSRGY,100.8,102.9,100.61,100.88,1104997.0
2024-08-01,NTDOY,13.44,13.5,13.07,13.21,964517.0
2024-08-01,RHHBY,40.25,40.76,40.0301,40.72,1370599.0
2024-08-01,SFTBY,28.53,28.55,26.87,27.34,894132.0
2024-08-01,TCEHY,46.74,46.83,46.11,46.19,2636852.0
2024-08-01,VWAGY,11.6199,11.64,11.28,11.33,536408.0
2024-08-02,BACHY,11.41,11.41,10.86,10.9,39199.0
2024-08-02,BASFY,11.4,11.45,11.32,11.39,229095.0
2024-08-02,BMWYY,29.9,29.96,29.67,29.86,76484.0
2024-08-02,BYDDY,55.85,56.08,55.6,55.76,178247.0
2024-08-02,DTEGY,26.42,26.66,26.21,26.37,135331.0
2024-08-02,NSRGY,104.32,105.1625,103.61,104.35,366376.0
2024-08-02,NTDOY,12.38,12.38,11.85,11.89,2413923.0
2024-08-02,RHHBY,41.05,41.15,40.52,40.71,1483589.0
2024-08-02,SFTBY,26.8,26.8,25.25,25.89,609546.0
2024-08-02,TCEHY,45.66,45.97,45.52,45.81,2222433.0
2024-08-02,VWAGY,11.3201,11.36,11.25,11.28,499087.0
2024-08-05,BACHY,10.79,10.79,10.52,10.6164,39044.0
2024-08-05,BASFY,11.2,11.2,11.05,11.16,323010.0
2024-08-05,BMWYY,28.75,29.2195,28.7,29.04,423920.0
2024-08-05,BYDDY,52.5,54.73,52.5,54.7,932229.0
2024-08-05,DTEGY,26.15,26.23,25.965,26.13,137329.0
2024-08-05,NSRGY,103.78,104.01,101.45,102.255,393514.0
2024-08-05,NTDOY,11.36,11.97,11.36,11.88,5740258.0
2024-08-05,RHHBY,39.68,39.85,39.23,39.34,964823.0
2024-08-05,SFTBY,23.6,24.68,22.35,24.2,1134311.0
2024-08-05,TCEHY,44.98,45.88,44.96,45.66,3440677.0
2024-08-05,VWAGY,10.91,11.12,10.88,11.036,457033.0
2024-08-06,BACHY,11.0,11.0,10.5,10.535,31042.0
2024-08-06,BASFY,11.05,11.22,11.02,11.15,506613.0
2024-08-06,BMWYY,28.85,29.0892,28.77,28.93,212045.0
2024-08-06,BYDDY,54.2,54.2,53.53,53.85,191799.0
2024-08-06,DTEGY,25.76,26.07,25.71,25.97,1856248.0
2024-08-06,NSRGY,102.59,103.22,102.29,102.65,561074.0
2024-08-06,NTDOY,12.83,12.83,12.44,12.59,2223742.0
2024-08-06,RHHBY,39.14,39.4,38.99,39.26,1105697.0
2024-08-06,SFTBY,24.73,25.0,23.5501,24.71,1157364.0
2024-08-06,TCEHY,45.38,45.66,45.05,45.42,1898805.0
2024-08-06,VWAGY,10.9,11.09,10.88,10.97,538955.0
2024-08-07,BACHY,10.33,10.61,10.33,10.59,20075.0
2024-08-07,BASFY,11.36,11.39,11.2,11.2,313745.0
2024-08-07,BMWYY,29.32,29.38,28.88,28.88,193326.0
2024-08-07,BYDDY,54.02,54.5,53.59,53.77,177662.0
2024-08-07,DTEGY,26.08,26.29,25.88,25.88,860203.0
2024-08-07,NSRGY,102.92,103.35,102.69,102.88,432834.0
2024-08-07,NTDOY,12.92,13.28,12.88,12.9,796920.0
2024-08-07,RHHBY,39.66,39.77,39.39,39.48,1036755.0
2024-08-07,SFTBY,26.87,27.55,25.74,26.27,1960892.0
2024-08-07,TCEHY,46.62,46.77,46.06,46.17,1316695.0
2024-08-07,VWAGY,11.2701,11.3,11.05,11.05,451246.0
2024-08-08,BACHY,10.7,10.76,10.7,10.76,30592.0
2024-08-08,BASFY,11.23,11.3599,11.2,11.32,328672.0
2024-08-08,BMWYY,28.995,29.1192,28.81,29.01,121218.0
2024-08-08,BYDDY,53.1001,54.06,53.1,53.95,202762.0
2024-08-08,DTEGY,26.7,26.74,26.51,26.63,296082.0
2024-08-08,NSRGY,102.6,103.102,102.51,102.89,448514.0
2024-08-08,NTDOY,12.67,13.01,12.67,12.99,815991.0
2024-08-08,RHHBY,39.74,39.92,39.645,39.83,3148008.0
2024-08-08,SFTBY,25.0,25.82,24.69,25.72,1745996.0
2024-08-08,TCEHY,47.17,48.0,47.17,47.76,2524771.0
2024-08-08,VWAGY,11.06,11.12,11.01,11.12,387737.0
2024-08-09,BACHY,10.685,10.72,10.65,10.72,26347.0
2024-08-09,BASFY,11.2603,11.317,11.17,11.3,232074.0
2024-08-09,BMWYY,29.02,29.09,28.91,29.07,156212.0
2024-08-09,BYDDY,54.71,55.0,54.6,54.99,138284.0
2024-08-09,DTEGY,26.78,26.88,26.71,26.84,307020.0
2024-08-09,NSRGY,103.34,103.38,102.74,102.81,507169.0
2024-08-09,NTDOY,13.05,13.4,13.05,13.23,929154.0
2024-08-09,RHHBY,39.89,40.25,39.8,40.18,550250.0
2024-08-09,SFTBY,26.18,26.18,25.31,25.93,619944.0
2024-08-09,TCEHY,47.42,47.58,47.15,47.55,1576873.0
2024-08-09,VWAGY,11.03,11.09,11.0,11.02,420702.0
2024-08-12,BACHY,11.15,11.15,10.86,10.86,28464.0
2024-08-12,BASFY,11.3188,11.3188,11.22,11.26,171108.0
2024-08-12,BMWYY,28.83,28.83,28.6,28.73,141763.0
2024-08-12,BYDDY,54.62,55.5,54.6,54.7,110485.0
2024-08-12,DTEGY,26.95,27.015,26.86,26.98,102795.0
2024-08-12,NSRGY,102.16,102.3337,101.71,102.01,521478.0
2024-08-12,NTDOY,13.12,13.36,13.12,13.25,602499.0
2024-08-12,RHHBY,39.93,40.2,39.77,40.12,568304.0
2024-08-12,SFTBY,25.99,26.37,25.23,25.86,524233.0
2024-08-12,TCEHY,48.29,48.9,47.92,48.55,2568703.0
2024-08-12,VWAGY,10.915,10.96,10.83,10.914,373134.0
2024-08-13,BACHY,10.735,10.93,10.735,10.89,29179.0
2024-08-13,BASFY,11.2725,11.42,11.27,11.4025,161030.0
2024-08-13,BMWYY,28.87,29.08,28.76,29.04,92328.0
2024-08-13,BYDDY,55.25,55.49,54.65,55.14,217196.0
2024-08-13,DTEGY,27.05,27.24,27.0025,27.23,114512.0
2024-08-13,NSRGY,102.52,102.85,102.258,102.55,407337.0
2024-08-13,NTDOY,13.07,13.3,13.07,13.205,573015.0
2024-08-13,RHHBY,40.22,40.49,40.14,40.41,641341.0
2024-08-13,SFTBY,26.81,27.39,26.5,27.17,385582.0
2024-08-13,TCEHY,48.81,49.03,48.55,48.98,2167415.0
2024-08-13,VWAGY,10.82,10.93,10.8,10.91,345194.0
2024-08-14,BACHY,10.6,10.85,10.574,10.81,28997.0
2024-08-14,BASFY,11.41,11.41,11.3,11.31,102121.0
2024-08-14,BMWYY,29.41,29.465,29.28,29.32,228566.0
2024-08-14,BYDDY,54.99,55.06,54.4,54.72,613060.0
2024-08-14,DTEGY,27.35,27.53,27.32,27.41,1067078.0
2024-08-14,NSRGY,102.45,103.47,102.38,103.2,329253.0
2024-08-14,NTDOY,13.4,13.46,13.36,13.38,1037349.0
2024-08-14,RHHBY,40.41,40.71,40.26,40.59,1259190.0
2024-08-14,SFTBY,27.55,27.8,26.8,27.25,633480.0
2024-08-14,TCEHY,48.73,48.73,46.11,47.34,5787762.0
2024-08-14,VWAGY,10.91,10.92,10.8,10.81,266794.0
2024-08-15,BACHY,11.03,11.066,11.022,11.03,17681.0
2024-08-15,BASFY,11.45,11.55,11.38,11.52,124270.0
2024-08-15,BMWYY,29.79,29.87,29.71,29.81,160266.0
2024-08-15,BYDDY,55.69,55.99,54.72,55.79,235893.0
2024-08-15,DTEGY,27.31,27.49,27.27,27.42,146986.0
2024-08-15,NSRGY,102.99,103.042,102.14,102.34,278396.0
2024-08-15,NTDOY,13.38,13.43,13.23,13.43,394597.0
2024-08-15,RHHBY,40.49,40.61,40.31,40.39,1711296.0
2024-08-15,SFTBY,27.94,28.44,27.78,28.32,329862.0
2024-08-15,TCEHY,47.33,47.9,47.2,47.62,3478036.0
2024-08-15,VWAGY,10.99,11.07,10.98,11.02,383122.0
2024-08-16,BACHY,11.14,11.23,11.104,11.21,29690.0
2024-08-16,BASFY,11.68,11.71,11.52,11.68,106351.0
2024-08-16,BMWYY,29.8,29.96,29.8,29.86,409224.0
2024-08-16,BYDDY,56.2,57.14,56.2,57.06,172474.0
2024-08-16,DTEGY,27.6,27.77,27.5201,27.72,261274.0
2024-08-16,NSRGY,103.12,103.46,102.8,103.24,283235.0
2024-08-16,NTDOY,13.45,13.68,13.45,13.58,417548.0
2024-08-16,RHHBY,40.41,40.6,40.37,40.56,714045.0
2024-08-16,SFTBY,28.8,28.8,27.63,28.24,313666.0
2024-08-16,TCEHY,47.64,48.19,47.63,48.12,2018737.0
2024-08-16,VWAGY,11.07,11.15,11.0655,11.15,231568.0
2024-08-19,BACHY,10.95,11.41,10.95,11.355,13138.0
2024-08-19,BASFY,11.87,11.93,11.79,11.89,181956.0
2024-08-19,BMWYY,30.42,30.615,30.39,30.52,89816.0
2024-08-19,BYDDY,57.14,57.46,57.05,57.35,155908.0
2024-08-19,DTEGY,27.85,28.04,27.7601,27.96,392710.0
2024-08-19,NSRGY,103.76,104.6,103.73,103.97,890135.0
2024-08-19,NTDOY,13.63,13.88,13.63,13.77,328378.0
2024-08-19,RHHBY,40.65,41.1,40.64,41.02,434600.0
2024-08-19,SFTBY,28.24,28.8,28.02,28.77,396685.0
2024-08-19,TCEHY,47.91,48.18,47.77,48.0,2660168.0
2024-08-19,VWAGY,11.41,11.48,11.37,11.45,381512.0
2024-08-20,BACHY,11.39,11.4,11.2,11.32,8462.0
2024-08-20,BASFY,11.99,12.0696,11.98,12.005,176143.0
2024-08-20,BMWYY,30.44,30.59,30.42,30.53,154790.0
2024-08-20,BYDDY,58.0,58.0,56.54,56.55,169366.0
2024-08-20,DTEGY,27.87,27.965,27.83,27.89,864742.0
2024-08-20,NSRGY,104.01,104.45,103.86,104.35,509289.0
2024-08-20,NTDOY,13.88,13.88,13.7,13.85,230446.0
2024-08-20,RHHBY,41.14,41.47,41.11,41.45,618359.0
2024-08-20,SFTBY,28.9,29.39,28.6,28.76,272807.0
2024-08-20,TCEHY,47.63,47.76,46.93,47.02,1925286.0
2024-08-20,VWAGY,11.34,11.42,11.31,11.42,158002.0
2024-08-21,BACHY,11.8,11.8,11.2705,11.33,35973.0
2024-08-21,BASFY,12.21,12.32,12.19,12.27,106704.0
2024-08-21,BMWYY,30.97,31.15,30.9,31.05,63839.0
2024-08-21,BYDDY,58.02,58.02,57.5201,57.88,175623.0
2024-08-21,DTEGY,27.8101,27.96,27.72,27.85,147591.0
2024-08-21,NSRGY,104.81,105.105,104.45,104.79,372628.0
2024-08-21,NTDOY,13.95,14.22,13.94,14.22,601962.0
2024-08-21,RHHBY,41.5,41.6,41.35,41.5,1356834.0
2024-08-21,SFTBY,29.39,29.49,28.91,29.25,719512.0
2024-08-21,TCEHY,47.79,48.05,47.63,47.99,1724653.0
2024-08-21,VWAGY,11.55,11.75,11.52,11.72,159745.0
2024-08-22,BACHY,11.35,11.4,11.33,11.3314,150998.0
2024-08-22,BASFY,12.33,12.34,12.22,12.31,74372.0
2024-08-22,BMWYY,30.88,30.88,30.68,30.6965,45368.0
2024-08-22,BYDDY,58.04,58.87,57.52,57.54,132590.0
2024-08-22,DTEGY,27.92,27.95,27.8,27.8,97732.0
2024-08-22,NSRGY,105.51,105.76,99.26,99.53,1734684.0
2024-08-22,NTDOY,14.07,14.25,14.01,14.01,359696.0
2024-08-22,RHHBY,41.72,41.75,41.36,41.43,1995450.0
2024-08-22,SFTBY,28.69,29.25,28.5175,28.55,351647.0
2024-08-22,TCEHY,48.17,48.42,47.078,47.98,1905818.0
2024-08-22,VWAGY,11.54,11.573,11.45,11.49,235864.0
2024-08-23,BACHY,11.3405,11.44,11.3405,11.435,28528.0
2024-08-23,BASFY,12.44,12.594,12.31,12.52,82666.0
2024-08-23,BMWYY,31.0001,31.49,31.0001,31.44,114131.0
2024-08-23,BYDDY,57.65,58.8,57.65,58.115,147425.0
2024-08-23,DTEGY,27.98,28.213,27.946,28.184,83703.0
2024-08-23,NSRGY,103.51,105.89,103.37,105.17,4028441.0
2024-08-23,NTDOY,13.94,14.22,13.94,14.22,387895.0
2024-08-23,RHHBY,41.5,41.8,41.34,41.71,3332742.0
2024-08-23,SFTBY,28.77,29.78,28.77,29.65,206331.0
2024-08-23,TCEHY,47.88,48.6,47.86,48.37,1704402.0
2024-08-23,VWAGY,11.58,11.81,11.56,11.8,317333.0
2024-08-26,BACHY,11.77,11.77,11.31,11.36,24820.0
2024-08-26,BASFY,12.52,12.55,12.489,12.52,136175.0
2024-08-26,BMWYY,31.56,31.6485,31.46,31.48,56259.0
2024-08-26,BYDDY,58.22,58.5,57.8,57.835,232343.0
2024-08-26,DTEGY,28.15,28.2225,28.08,28.1,127021.0
2024-08-26,NSRGY,105.69,105.895,105.36,105.52,1836963.0
2024-08-26,NTDOY,13.95,14.09,13.95,14.0,264759.0
2024-08-26,RHHBY,41.88,42.15,41.86,42.0,746490.0
2024-08-26,SFTBY,29.35,29.5,28.86,28.95,255700.0
2024-08-26,TCEHY,48.45,48.68,48.29,48.53,2288269.0
2024-08-26,VWAGY,11.72,11.76,11.65,11.715,229225.0
2024-08-27,BACHY,11.5,11.63,11.5,11.611,35606.0
2024-08-27,BASFY,12.66,12.68,12.55,12.64,83025.0
2024-08-27,BMWYY,31.77,31.77,31.4,31.56,37728.0
2024-08-27,BYDDY,58.31,58.73,58.12,58.38,205459.0
2024-08-27,DTEGY,28.24,28.35,28.22,28.3,722236.0
2024-08-27,NSRGY,106.59,106.77,106.1,106.6,1354353.0
2024-08-27,NTDOY,13.95,14.0,13.76,13.91,240030.0
2024-08-27,RHHBY,41.77,41.89,41.61,41.74,774427.0
2024-08-27,SFTBY,29.23,29.63,29.16,29.51,484293.0
2024-08-27,TCEHY,48.8,48.85,48.65,48.75,1495421.0
2024-08-27,VWAGY,11.705,11.72,11.6,11.65,444417.0
2024-08-28,BACHY,11.45,11.47,11.2,11.44,12082.0
2024-08-28,BASFY,12.56,12.6,12.4775,12.53,56720.0
2024-08-28,BYDDY,57.87,57.87,56.63,56.68,284643.0
2024-08-28,DTEGY,28.3405,28.4725,28.26,28.4,110121.0
2024-08-28,NSRGY,107.0,107.43,106.48,106.7,1503254.0
2024-08-28,NTDOY,13.87,13.87,13.62,13.64,284626.0
2024-08-28,RHHBY,41.78,41.92,41.6,41.7,1109892.0
2024-08-28,SFTBY,28.41,29.29,28.06,28.3,313084.0
2024-08-28,TCEHY,47.73,47.95,47.55,47.78,2467999.0
2024-08-28,VWAGY,11.41,11.48,11.35,11.42,209165.0
2024-08-29,BACHY,11.51,11.6957,11.26,11.6957,12478.0
2024-08-29,BASFY,12.64,12.68,12.58,12.59,212380.0
2024-08-29,BYDDY,58.5,58.71,57.8,58.459,165557.0
2024-08-29,DTEGY,28.63,28.63,28.34,28.4,81781.0
2024-08-29,NSRGY,107.47,107.69,107.09,107.44,1257494.0
2024-08-29,NTDOY,13.58,13.73,13.5,13.53,330420.0
2024-08-29,RHHBY,41.87,42.246,41.673,42.04,873390.0
2024-08-29,SFTBY,28.71,29.04,28.06,28.68,342119.0
2024-08-29,TCEHY,48.27,48.368,48.21,48.25,1137571.0
2024-08-29,VWAGY,11.36,11.43,11.3,11.35,228737.0
2024-08-30,BACHY,11.77,11.77,11.22,11.22,32798.0
2024-08-30,BASFY,12.7,12.7399,12.61,12.69,140589.0
2024-08-30,BYDDY,61.29,61.5,60.63,60.9625,352913.0
2024-08-30,DTEGY,28.502,28.55,28.3,28.43,77915.0
2024-08-30,NSRGY,107.24,107.705,106.73,106.92,543327.0
2024-08-30,NTDOY,13.55,13.71,13.52,13.6,310446.0
2024-08-30,RHHBY,42.19,42.43,42.16,42.33,703569.0
2024-08-30,SFTBY,28.72,29.25,28.72,29.04,482604.0
2024-08-30,TCEHY,48.73,49.0,48.24,48.51,1305623.0
2024-08-30,VWAGY,11.32,11.34,11.1015,11.25,467570.0
2024-09-03,BACHY,11.1,11.1,10.86,10.9,61428.0
2024-09-03,BASFY,12.36,12.382,12.2,12.2,135031.0
2024-09-03,BYDDY,59.89,60.2,59.6,59.7,191434.0
2024-09-03,DTEGY,28.42,28.545,28.4,28.44,105456.0
2024-09-03,NSRGY,107.28,107.93,107.09,107.25,1179108.0
2024-09-03,NTDOY,13.66,13.67,13.25,13.3,517412.0
2024-09-03,RHHBY,41.28,41.43,41.12,41.16,2113915.0
2024-09-03,SFTBY,29.04,29.05,27.34,27.52,439239.0
2024-09-03,TCEHY,48.24,48.33,48.08,48.14,1688400.0
2024-09-03,VWAGY,11.33,11.35,11.18,11.21,339142.0
2024-09-04,BACHY,11.065,11.43,10.773,11.04,15542.0
2024-09-04,BASFY,12.27,12.38,12.26,12.27,175786.0
2024-09-04,BYDDY,59.75,60.33,59.75,60.12,145453.0
2024-09-04,DTEGY,28.77,28.9982,28.77,28.83,127880.0
2024-09-04,NSRGY,105.51,105.93,105.14,105.28,956243.0
2024-09-04,NTDOY,13.1,13.36,13.1,13.36,495428.0
2024-09-04,RHHBY,40.99,41.17,40.7,40.95,1983169.0
2024-09-04,SFTBY,26.8,27.009,26.4,26.7,238232.0
2024-09-04,TCEHY,47.78,48.1,47.78,47.86,1416149.0
2024-09-04,VWAGY,11.09,11.12,11.03,11.1,481897.0
2024-09-05,BACHY,10.576,11.0,10.576,10.78,11258.0
2024-09-05,BASFY,12.5,12.5,12.37,12.43,237890.0
2024-09-05,BYDDY,60.2,60.91,60.2,60.83,607786.0
2024-09-05,DTEGY,29.26,29.3,29.0415,29.12,133190.0
2024-09-05,NSRGY,105.06,105.11,104.07,104.6,1865534.0
2024-09-05,NTDOY,13.45,13.52,13.43,13.48,582551.0
2024-09-05,RHHBY,40.84,40.88,40.57,40.64,1738099.0
2024-09-05,SFTBY,27.4,27.78,27.07,27.53,460994.0
2024-09-05,TCEHY,47.78,48.05,47.75,47.82,1301217.0
2024-09-05,VWAGY,11.24,11.2896,11.16,11.2,245424.0
2024-09-06,BACHY,10.42,10.81,10.42,10.7385,10089.0
2024-09-06,BASFY,12.34,12.345,12.0,12.02,70621.0
2024-09-06,BYDDY,60.01,60.83,59.65,59.85,208071.0
2024-09-06,DTEGY,29.08,29.08,28.75,28.77,120451.0
2024-09-06,NSRGY,104.66,105.03,103.32,104.02,1020804.0
2024-09-06,NTDOY,13.5,13.55,13.28,13.3,403732.0
2024-09-06,RHHBY,40.9,41.02,40.37,40.49,1645514.0
2024-09-06,SFTBY,26.76,27.3,25.67,25.84,773150.0
2024-09-06,TCEHY,47.75,47.84,47.15,47.2,1253144.0
2024-09-06,VWAGY,10.92,10.953,10.6,10.62,652215.0
2024-09-09,BACHY,10.7,10.7,10.66,10.685,23046.0
2024-09-09,BASFY,12.01,12.0829,11.97,12.02,175615.0
2024-09-09,BYDDY,60.0,60.64,59.93,60.61,323462.0
2024-09-09,DTEGY,28.79,29.0,28.75,28.97,98095.0
2024-09-09,NSRGY,103.5,104.285,103.34,103.56,1176859.0
2024-09-09,NTDOY,13.3,13.58,13.3,13.52,501570.0
2024-09-09,RHHBY,38.82,39.415,38.66,39.11,3107421.0
2024-09-09,SFTBY,26.9,27.29,26.7101,27.2,368821.0
2024-09-09,TCEHY,47.3,47.86,47.3,47.52,1070145.0
2024-09-09,VWAGY,10.61,10.69,10.59,10.65,469754.0
2024-09-10,BACHY,10.68,10.7,10.65,10.7,14492.0
2024-09-10,BASFY,11.81,11.81,11.67,11.73,158657.0
2024-09-10,BYDDY,60.3,60.94,59.93,60.16,174561.0
2024-09-10,DTEGY,28.7,28.8,28.5908,28.79,157419.0
2024-09-10,NSRGY,104.21,104.64,103.62,104.62,638682.0
2024-09-10,NTDOY,13.3,13.46,13.3,13.45,421680.0
2024-09-10,RHHBY,39.64,39.75,39.37,39.72,1590790.0
2024-09-10,SFTBY,27.55,27.7999,26.93,27.68,441426.0
2024-09-10,TCEHY,47.01,47.16,46.7,46.97,1320631.0
2024-09-10,VWAGY,10.3625,10.37,10.22,10.31,897016.0
2024-09-11,BACHY,10.5,10.54,10.45,10.54,23185.0
2024-09-11,BASFY,11.8,11.92,11.66,11.86,145847.0
2024-09-11,BMWYY,26.04,26.27,25.79,26.17,247933.0
2024-09-11,BYDDY,61.11,61.99,61.1,61.92,285420.0
2024-09-11,DTEGY,28.906,29.1,28.75,29.08,305841.0
2024-09-11,NSRGY,104.27,104.32,102.9,103.43,842453.0
2024-09-11,NTDOY,13.28,13.43,13.2,13.43,353712.0
2024-09-11,RHHBY,39.8,39.84,37.05,37.33,6728902.0
2024-09-11,SFTBY,28.0,29.13,27.57,29.13,480317.0
2024-09-11,TCEHY,47.34,47.78,47.14,47.63,1603709.0
2024-09-11,VWAGY,10.4,10.45,10.293,10.45,430691.0
2024-09-12,BACHY,11.06,11.06,10.62,10.659,30175.0
2024-09-12,BASFY,11.72,11.868,11.7,11.86,111282.0
2024-09-12,BMWYY,26.15,26.36,25.98,26.27,141984.0
2024-09-12,BYDDY,60.945,61.22,60.75,61.18,196487.0
2024-09-12,DTEGY,29.0901,29.4,29.0901,29.37,406119.0
2024-09-12,NSRGY,102.78,103.49,102.63,103.49,928841.0
2024-09-12,NTDOY,13.42,13.5,13.323,13.49,214748.0
2024-09-12,RHHBY,38.35,38.77,38.15,38.71,3564316.0
2024-09-12,SFTBY,29.91,30.06,29.28,29.89,554789.0
2024-09-12,TCEHY,47.63,47.69,47.38,47.55,1278244.0
2024-09-12,VWAGY,10.49,10.66,10.44,10.6,712825.0
2024-09-13,BACHY,10.67,10.87,10.67,10.8,15025.0
2024-09-13,BASFY,12.03,12.16,12.03,12.06,89640.0
2024-09-13,BMWYY,26.93,27.15,26.93,26.99,283003.0
2024-09-13,BYDDY,62.0,62.0,61.11,61.28,162366.0
2024-09-13,DTEGY,29.62,29.71,29.599,29.65,224472.0
2024-09-13,NSRGY,103.95,104.08,103.02,103.13,837915.0
2024-09-13,NTDOY,13.48,13.48,13.35,13.36,248888.0
2024-09-13,RHHBY,39.26,39.39,39.045,39.11,1744219.0
2024-09-13,SFTBY,29.45,30.47,29.41,30.23,352197.0
2024-09-13,TCEHY,47.78,47.98,47.72,47.82,1131098.0
2024-09-13,VWAGY,10.87,10.98,10.86,10.89,488009.0
2024-09-16,BACHY,10.91,10.91,10.85,10.858,21620.0
2024-09-16,BASFY,12.19,12.21,12.08,12.16,138868.0
2024-09-16,BMWYY,27.02,27.07,26.81,27.02,110968.0
2024-09-16,BYDDY,61.64,61.78,61.1,61.35,202052.0
2024-09-16,DTEGY,29.75,29.97,29.73,29.96,386051.0
2024-09-16,NSRGY,103.0975,103.23,102.54,102.79,1173699.0
2024-09-16,NTDOY,13.44,13.55,13.38,13.47,300217.0
2024-09-16,RHHBY,39.08,39.24,38.81,39.21,1860548.0
2024-09-16,SFTBY,30.0,30.2,29.59,29.83,352991.0
2024-09-16,TCEHY,48.19,48.4,48.19,48.25,1155586.0
2024-09-16,VWAGY,10.8,10.86,10.75,10.83,307488.0
2024-09-17,BACHY,11.0215,11.08,11.0,11.04,24238.0
2024-09-17,BASFY,12.38,12.43,12.28,12.36,90689.0
2024-09-17,BMWYY,27.075,27.22,26.84,26.89,130355.0
2024-09-17,BYDDY,62.0,62.49,61.76,61.95,172820.0
2024-09-17,DTEGY,29.76,29.76,29.5,29.57,155815.0
2024-09-17,NSRGY,102.68,102.68,101.51,101.86,646843.0
2024-09-17,NTDOY,13.51,13.55,13.31,13.33,346839.0
2024-09-17,RHHBY,39.41,39.45,39.17,39.33,1162941.0
2024-09-17,SFTBY,29.2001,29.42,28.88,29.07,442560.0
2024-09-17,TCEHY,48.68,48.84,48.51,48.51,942267.0
2024-09-17,VWAGY,10.93,10.97,10.82,10.87,234148.0
2024-09-18,BACHY,10.95,11.07,10.78,11.03,11935.0
2024-09-18,BASFY,12.83,12.86,12.5975,12.63,140690.0
2024-09-18,BMWYY,27.59,28.0,27.54,27.67,127608.0
2024-09-18,BYDDY,62.5,62.732,61.8,62.17,604783.0
2024-09-18,DTEGY,29.53,29.58,29.04,29.2,294613.0
2024-09-18,NSRGY,101.63,102.15,101.0,101.22,722394.0
2024-09-18,NTDOY,13.3,13.49,13.21,13.28,431552.0
2024-09-18,RHHBY,39.73,39.97,39.5,39.61,1155246.0
2024-09-18,SFTBY,29.19,29.55,28.63,29.08,332916.0
2024-09-18,TCEHY,48.5,48.8,48.33,48.4,1243257.0
2024-09-18,VWAGY,10.94,11.08,10.85,10.93,167595.0
2024-09-19,BACHY,10.95,11.06,10.91,11.06,21252.0
2024-09-19,BASFY,12.98,13.092,12.9195,13.09,153517.0
2024-09-19,BMWYY,28.31,28.36,27.78,27.82,140606.0
2024-09-19,BYDDY,62.45,63.44,62.45,63.21,186818.0
2024-09-19,DTEGY,28.94,29.08,28.78,29.035,180735.0
2024-09-19,NSRGY,100.94,100.96,100.42,100.79,638511.0
2024-09-19,NTDOY,13.55,13.66,13.44,13.48,516044.0
2024-09-19,RHHBY,39.54,39.58,39.29,39.46,876946.0
2024-09-19,SFTBY,30.2,30.2,29.32,29.82,754402.0
2024-09-19,TCEHY,49.72,50.22,49.57,50.07,2438711.0
2024-09-19,VWAGY,11.1,11.1,10.8863,10.93,395543.0
2024-09-20,BACHY,11.178,11.178,11.11,11.126,14088.0
2024-09-20,BASFY,12.941,12.96,12.815,12.83,91571.0
2024-09-20,BMWYY,27.34,27.44,27.24,27.39,66776.0
2024-09-20,BYDDY,62.3,62.95,62.3,62.57,172943.0
2024-09-20,DTEGY,29.22,29.23,28.94,29.06,190533.0
2024-09-20,NSRGY,98.23,98.23,96.3601,97.1,2168974.0
2024-09-20,NTDOY,13.53,13.53,13.33,13.372,856963.0
2024-09-20,RHHBY,39.66,39.67,39.26,39.45,1403913.0
2024-09-20,SFTBY,29.63,30.17,29.62,29.97,373158.0
2024-09-20,TCEHY,49.99,49.99,49.42,49.47,1577911.0
2024-09-20,VWAGY,10.71,10.74,10.61,10.69,323694.0
2024-09-23,BACHY,11.35,11.45,11.35,11.41,18460.0
2024-09-23,BASFY,12.53,12.59,12.49,12.55,87389.0
2024-09-23,BMWYY,27.85,27.98,27.79,27.88,321450.0
2024-09-23,BYDDY,61.36,62.645,61.36,62.23,313847.0
2024-09-23,DTEGY,29.306,29.306,29.03,29.17,122556.0
2024-09-23,NSRGY,97.41,98.01,97.3,97.77,866802.0
2024-09-23,NTDOY,13.3,13.45,13.25,13.39,573123.0
2024-09-23,RHHBY,39.37,39.63,39.33,39.5,787163.0
2024-09-23,SFTBY,30.37,30.47,29.7201,30.29,248164.0
2024-09-23,TCEHY,49.66,50.4,49.66,50.13,1541062.0
2024-09-23,VWAGY,10.81,10.9,10.81,10.86,247149.0
2024-09-24,BACHY,11.6,12.24,11.6,12.18,117892.0
2024-09-24,BASFY,12.74,12.829,12.7,12.77,330630.0
2024-09-24,BMWYY,28.94,29.11,28.91,29.04,128499.0
2024-09-24,BYDDY,63.76,65.96,63.75,65.8,469305.0
2024-09-24,DTEGY,29.27,29.52,29.2375,29.5,117666.0
2024-09-24,NSRGY,98.65,99.53,98.49,99.37,583875.0
2024-09-24,NTDOY,13.5,13.5,13.34,13.4,381859.0
2024-09-24,RHHBY,39.56,40.08,39.5,39.95,828126.0
2024-09-24,SFTBY,30.09,30.5,29.7,30.35,233486.0
2024-09-24,TCEHY,52.22,53.88,52.12,53.64,6837107.0
2024-09-24,VWAGY,11.1,11.15,11.07,11.12,330295.0
2024-09-25,BACHY,12.01,12.29,12.01,12.08,27394.0
2024-09-25,BASFY,12.77,12.77,12.63,12.655,111657.0
2024-09-25,BMWYY,28.56,28.56,27.92,27.92,143496.0
2024-09-25,BYDDY,64.83,65.695,64.78,65.05,161924.0
2024-09-25,DTEGY,29.55,29.58,29.42,29.4335,1189881.0
2024-09-25,NSRGY,99.54,99.54,98.87,98.9,652786.0
2024-09-25,NTDOY,13.39,13.39,13.15,13.2,454629.0
2024-09-25,RHHBY,40.05,40.08,39.72,39.85,1696905.0
2024-09-25,SFTBY,30.19,30.34,29.82,30.09,366097.0
2024-09-25,TCEHY,52.55,52.94,52.33,52.4,3562457.0
2024-09-25,VWAGY,11.09,11.09,10.95,10.95,241455.0
2024-09-26,BACHY,12.49,12.55,12.15,12.54,65728.0
2024-09-26,BASFY,12.49,12.7,12.49,12.69,249000.0
2024-09-26,BMWYY,29.24,29.28,29.01,29.2,166124.0
2024-09-26,BYDDY,68.01,68.77,67.03,68.2,482143.0
2024-09-26,DTEGY,29.2599,29.57,29.225,29.43,430304.0
2024-09-26,NSRGY,99.41,100.7,99.38,100.64,768736.0
2024-09-26,NTDOY,13.77,13.9,13.69,13.89,377078.0
2024-09-26,RHHBY,39.81,40.18,39.65,40.16,941715.0
2024-09-26,SFTBY,31.87,32.17,30.6,31.3,507198.0
2024-09-26,TCEHY,56.4,57.3,55.94,57.27,9591190.0
2024-09-26,VWAGY,11.3,11.35,11.23,11.32,294611.0
2024-09-27,BACHY,12.46,12.46,11.87,11.92,16924.0
2024-09-27,BASFY,13.45,13.54,13.3795,13.41,346001.0
2024-09-27,BYDDY,70.16,71.25,70.07,70.84,649141.0
2024-09-27,DTEGY,29.37,29.438,29.19,29.27,116552.0
2024-09-27,NSRGY,100.86,101.5799,100.63,100.935,413059.0
2024-09-27,NTDOY,13.7,13.77,13.48,13.53,461910.0
2024-09-27,RHHBY,40.38,40.52,40.12,40.14,993005.0
2024-09-27,SFTBY,31.0,31.1999,29.56,29.88,623496.0
2024-09-27,TCEHY,56.55,57.25,56.07,57.04,6504433.0
2024-09-27,VWAGY,11.54,11.66,11.11,11.44,276543.0
2024-09-30,BACHY,11.85,12.0,11.53,11.56,68877.0
2024-09-30,BASFY,13.28,13.2875,13.17,13.19,172216.0
2024-09-30,BYDDY,72.35,72.76,70.87,70.96,565388.0
2024-09-30,DTEGY,29.58,29.65,29.3101,29.43,71584.0
2024-09-30,NSRGY,101.2,101.235,100.19,100.67,394626.0
2024-09-30,NTDOY,13.44,13.44,13.28,13.32,376248.0
2024-09-30,RHHBY,40.16,40.19,39.78,39.95,753709.0
2024-09-30,SFTBY,29.74,30.15,29.21,29.51,344749.0
2024-09-30,TCEHY,57.36,57.36,55.24,55.4,7334043.0
2024-09-30,VWAGY,11.15,11.165,11.06,11.09,633592.0
2024-10-01,BACHY,11.99,11.99,11.56,11.82,40688.0
2024-10-01,BASFY,13.12,13.135,12.88,12.93,207332.0
2024-10-01,BYDDY,72.17,74.97,71.99,74.5,1135312.0
2024-10-01,DTEGY,29.4001,29.43,29.22,29.32,185278.0
2024-10-01,NSRGY,100.3,100.7699,100.0,100.47,907022.0
2024-10-01,NTDOY,13.32,13.49,13.15,13.37,578783.0
2024-10-01,RHHBY,39.47,39.5,39.07,39.24,1175687.0
2024-10-01,SFTBY,30.49,30.49,28.98,29.32,334294.0
2024-10-01,TCEHY,56.1,57.3,55.49,57.23,5501776.0
2024-10-01,VWAGY,10.99,10.99,10.8,10.83,230464.0
2024-10-02,BACHY,12.37,12.49,12.17,12.45,149941.0
2024-10-02,BASFY,13.0,13.03,12.79,12.9985,143822.0
2024-10-02,BYDDY,76.5,76.62,75.34,76.32,567999.0
2024-10-02,DTEGY,29.114,29.14,28.94,29.12,128399.0
2024-10-02,NSRGY,99.77,100.15,99.315,100.06,2695810.0
2024-10-02,NTDOY,13.3,13.3,13.14,13.19,850345.0
2024-10-02,RHHBY,39.12,39.21,38.93,39.07,1834685.0
2024-10-02,SFTBY,29.2,30.18,29.11,29.54,392688.0
2024-10-02,TCEHY,60.05,60.73,59.22,60.66,5549983.0
2024-10-02,VWAGY,10.814,10.83,10.71,10.72,216141.0
2024-10-03,BACHY,12.03,12.22,12.03,12.12,39803.0
2024-10-03,BASFY,13.0301,13.06,12.99,13.03,57675.0
2024-10-03,BYDDY,75.67,76.8,75.48,76.07,432268.0
2024-10-03,DTEGY,28.9401,29.04,28.842,28.92,56954.0
2024-10-03,NSRGY,98.86,98.916,97.88,98.75,1132470.0
2024-10-03,NTDOY,13.13,13.21,13.1,13.13,1380375.0
2024-10-03,RHHBY,38.68,38.7,38.17,38.28,1002708.0
2024-10-03,SFTBY,29.39,29.78,29.22,29.61,183277.0
2024-10-03,TCEHY,59.03,60.05,58.92,59.43,3014968.0
2024-10-03,VWAGY,10.59,10.63,10.55,10.55,168932.0
2024-10-04,BACHY,12.33,12.33,12.23,12.3,39858.0
2024-10-04,BASFY,13.23,13.3,13.143,13.24,89245.0
2024-10-04,BYDDY,77.19,77.83,76.99,77.79,625136.0
2024-10-04,DTEGY,28.86,28.97,28.72,28.92,153573.0
2024-10-04,NSRGY,96.92,98.34,96.89,98.1,2064172.0
2024-10-04,NTDOY,13.21,13.24,13.13,13.19,413641.0
2024-10-04,RHHBY,37.69,37.81,37.5,37.77,1668961.0
2024-10-04,SFTBY,29.53,29.86,29.239,29.86,400481.0
2024-10-04,TCEHY,60.79,60.95,60.16,60.77,4627249.0
2024-10-04,VWAGY,10.76,10.845,10.75,10.78,275926.0
2024-10-07,BACHY,12.36,12.7,12.25,12.69,114090.0
2024-10-07,BASFY,13.02,13.26,13.02,13.17,112101.0
2024-10-07,BYDDY,81.2,83.67,81.2,83.52,994443.0
2024-10-07,DTEGY,29.03,29.1,28.85,28.99,418087.0
2024-10-07,NSRGY,98.23,98.34,97.44,97.48,838270.0
2024-10-07,NTDOY,13.65,13.79,13.523,13.58,665417.0
2024-10-07,RHHBY,37.91,38.05,37.77,37.99,721084.0
2024-10-07,SFTBY,29.71,29.73,29.12,29.2,499281.0
2024-10-07,TCEHY,61.43,62.57,60.94,62.35,4485210.0
2024-10-07,VWAGY,10.76,10.82,10.7,10.72,395128.0
2024-10-08,BACHY,12.1,12.1,11.52,11.9,187377.0
2024-10-08,BASFY,12.8,12.94,12.73,12.78,111929.0
2024-10-08,BYDDY,76.15,77.4511,74.73,75.7,1125452.0
2024-10-08,DTEGY,29.41,29.41,29.09,29.21,146812.0
2024-10-08,NSRGY,97.71,97.71,96.81,97.0,936912.0
2024-10-08,NTDOY,13.39,13.49,13.37,13.46,949291.0
2024-10-08,RHHBY,38.35,38.39,38.14,38.27,584029.0
2024-10-08,SFTBY,29.03,29.5,28.73,29.42,342437.0
2024-10-08,TCEHY,57.43,57.92,56.12,57.34,6079772.0
2024-10-08,VWAGY,10.695,10.72,10.58,10.65,254727.0
2024-10-09,BACHY,11.5001,11.9,11.5001,11.79,76108.0
2024-10-09,BASFY,12.82,12.96,12.82,12.92,59843.0
2024-10-09,BYDDY,73.64,75.45,73.55,74.86,547110.0
2024-10-09,DTEGY,29.123,29.3399,29.03,29.23,76570.0
2024-10-09,NSRGY,96.89,97.87,96.85,97.47,1523520.0
2024-10-09,NTDOY,13.2,13.3,12.0,13.29,3499904.0
2024-10-09,RHHBY,38.4,38.67,38.35,38.41,1299125.0
2024-10-09,SFTBY,29.2,29.69,29.09,29.51,387925.0
2024-10-09,TCEHY,55.85,56.93,55.77,56.56,4742180.0
2024-10-09,VWAGY,10.68,10.7397,10.66,10.68,152203.0
2024-10-10,BACHY,11.595,12.045,11.595,12.01,14479.0
2024-10-10,BASFY,12.92,12.94,12.85,12.907,89126.0
2024-10-10,BYDDY,77.35,77.35,75.705,76.41,317866.0
2024-10-10,DTEGY,30.04,30.08,29.59,29.73,244220.0
2024-10-10,NSRGY,97.59,97.86,97.35,97.59,817018.0
2024-10-10,NTDOY,13.4,13.4,13.2,13.32,942520.0
2024-10-10,RHHBY,38.83,38.87,38.65,38.87,579752.0
2024-10-10,SFTBY,29.85,30.39,29.78,30.29,301982.0
2024-10-10,TCEHY,56.28,56.7,55.5745,56.15,3136116.0
2024-10-10,VWAGY,10.69,10.72,10.62,10.63,429306.0
2024-10-11,BACHY,12.35,12.35,11.76,12.0,132768.0
2024-10-11,BASFY,12.7,12.8965,12.7,12.87,55621.0
2024-10-11,BYDDY,75.89,76.84,75.03,76.53,473759.0
2024-10-11,DTEGY,29.72,29.74,29.58,29.61,747759.0
2024-10-11,NSRGY,97.97,98.23,97.76,98.01,619884.0
2024-10-11,NTDOY,13.185,13.39,13.185,13.24,641711.0
2024-10-11,RHHBY,38.91,39.18,38.9,39.18,976912.0
2024-10-11,SFTBY,30.29,30.36,29.65,30.27,364656.0
2024-10-11,TCEHY,55.61,56.92,55.4,56.7,3036639.0
2024-10-11,VWAGY,10.5325,10.6198,10.51,10.54,305391.0
2024-10-14,BACHY,12.36,12.3805,12.241,12.26,68102.0
2024-10-14,BASFY,12.6899,12.69,12.35,12.67,100518.0
2024-10-14,BYDDY,74.47,75.155,73.09,73.21,467300.0
2024-10-14,DTEGY,29.84,30.03,29.84,29.9933,158094.0
2024-10-14,NSRGY,97.68,98.01,97.43,97.67,734845.0
2024-10-14,NTDOY,13.15,13.3,13.15,13.18,464381.0
2024-10-14,RHHBY,39.02,39.2,38.97,39.17,2018202.0
2024-10-14,SFTBY,30.3,30.92,29.51,30.85,774241.0
2024-10-14,TCEHY,56.14,56.91,55.62,55.8645,1888516.0
2024-10-14,VWAGY,10.49,10.54,10.44,10.45,362166.0
2024-10-15,BACHY,12.0314,12.07,11.92,11.92,59447.0
2024-10-15,BASFY,12.46,12.547,12.32,12.44,149348.0
2024-10-15,BYDDY,70.87,71.25,69.35,69.5,516720.0
2024-10-15,DTEGY,30.36,30.5925,30.34,30.48,87449.0
2024-10-15,NSRGY,97.1999,97.7,97.11,97.32,847530.0
2024-10-15,NTDOY,13.17,13.255,13.1,13.12,773284.0
2024-10-15,RHHBY,39.22,39.47,39.09,39.36,554350.0
2024-10-15,SFTBY,31.86,32.07,29.95,29.99,1593856.0
2024-10-15,TCEHY,54.0,54.07,52.84,53.12,4515418.0
2024-10-15,VWAGY,10.4,10.43,10.36,10.37,268657.0
2024-10-16,BACHY,11.78,12.3,11.78,12.22,22997.0
2024-10-16,BASFY,12.47,12.56,12.47,12.54,51665.0
2024-10-16,BYDDY,69.54,70.292,69.54,69.86,285292.0
2024-10-16,DTEGY,30.57,30.7,30.56,30.6,294019.0
2024-10-16,NSRGY,97.41,97.9,96.7,96.76,1260076.0
2024-10-16,NTDOY,13.2,13.38,13.2,13.33,1324611.0
2024-10-16,RHHBY,38.98,39.16,38.895,39.08,825945.0
2024-10-16,SFTBY,30.79,30.79,30.3,30.51,460887.0
2024-10-16,TCEHY,53.5,54.11,53.45,53.76,2042789.0
2024-10-16,VWAGY,10.33,10.365,10.27,10.27,631972.0
2024-10-17,BACHY,12.05,12.05,11.94,12.006,50883.0
2024-10-17,BASFY,12.48,12.5,12.41,12.42,88445.0
2024-10-17,BYDDY,69.9,70.26,68.55,68.78,517601.0
2024-10-17,DTEGY,30.58,30.68,30.44,30.5,152071.0
2024-10-17,NSRGY,100.08,100.23,98.58,98.82,1107717.0
2024-10-17,NTDOY,13.43,13.45,13.21,13.4,1841523.0
2024-10-17,RHHBY,39.13,39.28,39.07,39.09,752939.0
2024-10-17,SFTBY,31.0,31.34,30.71,30.86,331189.0
2024-10-17,TCEHY,53.05,53.13,52.4,52.74,1713400.0
2024-10-17,VWAGY,10.2201,10.25,10.15,10.18,427953.0
2024-10-18,BACHY,12.175,12.32,12.01,12.28,11976.0
2024-10-18,BASFY,12.72,12.73,12.66,12.67,144026.0
2024-10-18,BYDDY,73.83,74.0,73.15,73.59,420653.0
2024-10-18,DTEGY,30.46,30.73,30.46,30.67,320174.0
2024-10-18,NSRGY,99.0299,99.66,98.71,99.18,523645.0
2024-10-18,NTDOY,13.22,13.5,13.22,13.48,605631.0
2024-10-18,RHHBY,39.34,39.62,39.24,39.56,1165019.0
2024-10-18,SFTBY,30.0,30.92,30.0,30.48,295519.0
2024-10-18,TCEHY,55.44,55.44,55.01,55.04,2046277.0
2024-10-18,VWAGY,10.42,10.45,10.342,10.35,363055.0
2024-10-21,BACHY,12.54,12.54,11.9,11.99,20520.0
2024-10-21,BASFY,12.63,12.63,12.51,12.54,90053.0
2024-10-21,BYDDY,74.28,74.28,73.2,73.86,269950.0
2024-10-21,DTEGY,30.55,30.55,30.14,30.21,188906.0
2024-10-21,NSRGY,99.39,99.94,99.36,99.65,1861266.0
2024-10-21,NTDOY,13.42,13.48,13.3,13.34,583072.0
2024-10-21,RHHBY,39.58,39.6,39.21,39.4,1359899.0
2024-10-21,SFTBY,30.44,30.4899,30.11,30.27,190989.0
2024-10-21,TCEHY,54.0,54.3,53.7,54.14,1114190.0
2024-10-21,VWAGY,10.295,10.32,10.18,10.2,382839.0
2024-10-22,BACHY,12.06,12.33,12.01,12.08,38809.0
2024-10-22,BASFY,12.46,12.52,12.44,12.45,425839.0
2024-10-22,BYDDY,73.945,73.99,73.0,73.52,200313.0
2024-10-22,DTEGY,29.78,29.9,29.72,29.72,237788.0
2024-10-22,NSRGY,99.27,99.36,98.06,98.47,542207.0
2024-10-22,NTDOY,13.14,13.42,13.12,13.23,345955.0
2024-10-22,RHHBY,39.08,39.47,39.0,39.19,1118372.0
2024-10-22,SFTBY,29.96,29.96,29.21,29.84,282429.0
2024-10-22,TCEHY,54.17,54.75,54.09,54.54,2137653.0
2024-10-22,VWAGY,10.27,10.34,10.235,10.31,341057.0
2024-10-23,BACHY,12.38,12.38,11.7,12.01,45410.0
2024-10-23,BASFY,12.35,12.43,12.31,12.35,156295.0
2024-10-23,BYDDY,73.62,75.1,73.17,73.17,165684.0
2024-10-23,DTEGY,29.695,29.854,29.6701,29.71,134190.0
2024-10-23,NSRGY,98.3599,98.67,98.1001,98.34,530318.0
2024-10-23,NTDOY,13.12,13.4,13.09,13.14,395829.0
2024-10-23,RHHBY,39.89,40.28,39.89,40.2,2879906.0
2024-10-23,SFTBY,29.7,29.79,28.67,28.87,450619.0
2024-10-23,TCEHY,54.85,55.0,54.41,54.41,1446755.0
2024-10-23,VWAGY,10.32,10.34,10.2,10.22,363786.0
2024-10-24,BACHY,12.6,12.6,12.045,12.12,32369.0
2024-10-24,BASFY,12.49,12.49,12.3635,12.43,195764.0
2024-10-24,BYDDY,73.54,73.69,72.8075,73.41,363393.0
2024-10-24,DTEGY,30.17,30.39,30.17,30.39,213116.0
2024-10-24,NSRGY,98.11,98.25,97.47,97.73,1005872.0
2024-10-24,NTDOY,13.15,13.35,13.15,13.23,265225.0
2024-10-24,RHHBY,40.29,40.54,40.29,40.49,3045685.0
2024-10-24,SFTBY,28.51,29.36,28.51,28.74,499359.0
2024-10-24,TCEHY,54.22,54.36,53.78,54.21,1616784.0
2024-10-24,VWAGY,10.54,10.5525,10.44,10.485,277108.0
2024-10-25,BACHY,11.69,12.14,11.69,12.0695,14929.0
2024-10-25,BASFY,12.43,12.475,12.36,12.38,72907.0
2024-10-25,BYDDY,75.35,75.81,74.86,75.13,234838.0
2024-10-25,DTEGY,30.56,30.58,30.2,30.29,137377.0
2024-10-25,NSRGY,97.4,97.7099,97.2,97.36,381222.0
2024-10-25,NTDOY,13.07,13.29,13.02,13.11,390321.0
2024-10-25,RHHBY,40.45,40.67,40.25,40.57,788129.0
2024-10-25,SFTBY,28.95,29.12,28.79,28.85,286520.0
2024-10-25,TCEHY,54.2,54.59,54.04,54.05,1604681.0
2024-10-25,VWAGY,10.51,10.51,10.41,10.42,260110.0
2024-10-28,BACHY,11.66,12.25,11.66,11.99,65679.0
2024-10-28,BASFY,12.38,12.455,12.33,12.38,85863.0
2024-10-28,BYDDY,75.4,76.9,75.4,76.4,340447.0
2024-10-28,DTEGY,30.49,30.62,30.465,30.55,369714.0
2024-10-28,NSRGY,97.48,97.8399,97.425,97.55,401160.0
2024-10-28,NTDOY,13.25,13.3,13.14,13.3,417258.0
2024-10-28,RHHBY,40.48,40.6,40.04,40.31,1322891.0
2024-10-28,SFTBY,29.4,29.81,28.96,29.69,663833.0
2024-10-28,TCEHY,53.66,54.25,53.53,54.08,2068534.0
2024-10-28,VWAGY,10.19,10.36,10.19,10.31,402541.0
2024-10-29,BACHY,12.15,12.15,12.02,12.02,7642.0
2024-10-29,BASFY,12.2599,12.27,12.13,12.19,123187.0
2024-10-29,BYDDY,76.5,77.85,76.0,76.03,148894.0
2024-10-29,DTEGY,30.63,30.69,30.5,30.58,142395.0
2024-10-29,NSRGY,96.26,96.6825,95.51,95.61,479455.0
2024-10-29,NTDOY,13.39,13.4,13.21,13.24,423410.0
2024-10-29,RHHBY,39.95,40.14,39.7475,39.85,934051.0
2024-10-29,SFTBY,29.89,30.55,29.89,30.54,289850.0
2024-10-29,TCEHY,54.25,54.25,53.59,53.61,2512861.0
2024-10-29,VWAGY,10.12,10.12,9.85,9.89,986388.0
2024-10-30,BACHY,12.15,12.15,11.57,11.86,25499.0
2024-10-30,BASFY,11.96,12.1499,11.94,12.01,173651.0
2024-10-30,BYDDY,75.5,77.99,74.97,76.5,298551.0
2024-10-30,DTEGY,30.281,30.56,30.281,30.48,295722.0
2024-10-30,NSRGY,94.9,95.3299,94.79,94.94,1843288.0
2024-10-30,NTDOY,13.26,13.26,13.14,13.18,540266.0
2024-10-30,RHHBY,39.22,39.56,39.08,39.46,831027.0
2024-10-30,SFTBY,31.34,31.7,30.7265,30.8,645616.0
2024-10-30,TCEHY,52.79,53.18,52.6,52.9,1638041.0
2024-10-30,VWAGY,10.07,10.15,10.03,10.15,398554.0
2024-10-31,BACHY,12.0,12.0,11.76,11.84,31412.0
2024-10-31,BASFY,12.1,12.14,12.02,12.05,134639.0
2024-10-31,BYDDY,73.35,73.5,71.6,72.75,467865.0
2024-10-31,DTEGY,30.28,30.28,30.05,30.21,181782.0
2024-10-31,NSRGY,94.16,94.57,93.7,94.52,800366.0
2024-10-31,NTDOY,13.26,13.26,13.15,13.22,405795.0
2024-10-31,RHHBY,38.84,38.92,38.64,38.81,987733.0
2024-10-31,SFTBY,30.27,30.65,29.44,29.87,1022830.0
2024-10-31,TCEHY,52.35,52.41,51.96,52.21,1961916.0
2024-10-31,VWAGY,9.94,9.99,9.8,9.9,361741.0
2024-11-01,BACHY,12.0,12.07,11.99,12.0125,20514.0
2024-11-01,BASFY,12.21,12.32,12.1935,12.265,67376.0
2024-11-01,BYDDY,71.99,72.56,71.7,72.05,383399.0
2024-11-01,DTEGY,30.49,30.51,30.27,30.37,91344.0
2024-11-01,NSRGY,95.14,95.23,94.8,94.86,515889.0
2024-11-01,NTDOY,13.2,13.2,13.02,13.07,412957.0
2024-11-01,RHHBY,39.32,39.418,39.2025,39.26,1211621.0
2024-11-01,SFTBY,29.8,29.97,29.1,29.86,249679.0
2024-11-01,TCEHY,53.95,54.1225,53.51,53.6,1739494.0
2024-11-01,VWAGY,9.95,9.95,9.8,9.81,252887.0
2024-11-04,BACHY,12.15,12.15,11.83,11.96,9969.0
2024-11-04,BASFY,12.28,12.29,12.16,12.18,98960.0
2024-11-04,BYDDY,73.95,74.455,73.43,73.48,247275.0
2024-11-04,DTEGY,30.36,30.69,30.35,30.46,112423.0
2024-11-04,NSRGY,95.3,95.5455,94.47,94.57,1223768.0
2024-11-04,NTDOY,13.13,13.24,13.02,13.1,492933.0
2024-11-04,RHHBY,39.46,39.56,39.38,39.43,613959.0
2024-11-04,SFTBY,29.33,30.0,29.33,29.6,165870.0
2024-11-04,TCEHY,53.8,54.23,53.63,53.67,1514668.0
2024-11-04,VWAGY,9.9301,9.96,9.84,9.86,259483.0
2024-11-05,BACHY,12.0675,12.13,12.066,12.13,33906.0
2024-11-05,BASFY,11.97,12.01,11.93,11.99,110526.0
2024-11-05,BYDDY,75.0,75.59,74.95,75.34,323512.0
2024-11-05,DTEGY,30.68,30.76,30.52,30.73,107992.0
2024-11-05,NSRGY,94.26,94.3,93.39,93.45,2195048.0
2024-11-05,NTDOY,12.57,13.05,12.5,12.87,1419030.0
2024-11-05,RHHBY,39.04,39.06,38.63,38.91,541202.0
2024-11-05,SFTBY,29.31,29.94,29.03,29.91,303306.0
2024-11-05,TCEHY,54.55,54.9275,54.51,54.92,1958836.0
2024-11-05,VWAGY,9.83,9.89,9.79,9.85,276756.0
2024-11-06,BACHY,11.74,11.84,11.73,11.806,19867.0
2024-11-06,BASFY,11.82,11.85,11.685,11.79,147977.0
2024-11-06,BYDDY,71.05,72.14,71.0,71.93,539278.0
2024-11-06,DTEGY,30.5,30.6,30.38,30.51,162747.0
2024-11-06,NSRGY,91.4,93.0,90.2,90.98,1992267.0
2024-11-06,NTDOY,13.12,13.34,13.01,13.34,2218804.0
2024-11-06,RHHBY,38.29,38.3,37.66,37.77,864740.0
2024-11-06,SFTBY,30.3001,30.9,30.25,30.76,385821.0
2024-11-06,TCEHY,53.44,53.98,53.05,53.69,2526787.0
2024-11-06,VWAGY,9.21,9.3,9.1,9.2955,664403.0
2024-11-07,BACHY,12.15,12.29,11.8,12.25,32758.0
2024-11-07,BASFY,12.31,12.363,12.28,12.32,186701.0
2024-11-07,BYDDY,71.82,73.98,71.71,73.85,461194.0
2024-11-07,DTEGY,30.52,30.67,30.37,30.56,212819.0
2024-11-07,NSRGY,91.45,91.7,90.62,90.87,1705774.0
2024-11-07,NTDOY,13.33,13.56,13.19,13.5,2303057.0
2024-11-07,RHHBY,38.0301,38.27,37.95,38.17,1089280.0
2024-11-07,SFTBY,29.4,31.58,29.4,31.2,607817.0
2024-11-07,TCEHY,55.22,56.35,55.2,56.07,2849317.0
2024-11-07,VWAGY,9.69,9.7,9.6,9.66,579838.0
2024-11-08,BACHY,11.9375,12.295,11.85,11.88,43740.0
2024-11-08,BASFY,11.73,11.7325,11.53,11.59,245428.0
2024-11-08,BYDDY,71.34,71.5,70.06,70.51,481901.0
2024-11-08,DTEGY,30.66,30.76,30.47,30.63,133921.0
2024-11-08,NSRGY,90.62,90.8455,90.0,90.46,762005.0
2024-11-08,NTDOY,13.5,13.5,13.23,13.37,835742.0
2024-11-08,RHHBY,37.64,37.76,37.44,37.61,714132.0
2024-11-08,SFTBY,30.63,30.63,30.05,30.37,363662.0
2024-11-08,TCEHY,53.91,53.91,52.86,53.17,2592961.0
2024-11-08,VWAGY,9.33,9.34,9.25,9.3235,446395.0
2024-11-11,BACHY,11.37,11.75,11.37,11.75,27984.0
2024-11-11,BASFY,11.8001,11.86,11.7,11.75,226338.0
2024-11-11,BYDDY,70.6,71.0,70.57,70.93,410933.0
2024-11-11,DTEGY,30.67,30.67,30.47,30.67,136872.0
2024-11-11,NSRGY,90.16,90.26,89.54,89.54,1006188.0
2024-11-11,NTDOY,13.422,13.5,13.37,13.4,855651.0
2024-11-11,RHHBY,37.82,37.85,37.59,37.62,1125788.0
2024-11-11,SFTBY,30.56,31.0,30.36,30.5,1018452.0
2024-11-11,TCEHY,52.95,52.95,52.41,52.5,2274080.0
2024-11-11,VWAGY,9.34,9.38,9.32,9.32,359415.0
2024-11-12,BACHY,11.631,11.631,11.55,11.57,29915.0
2024-11-12,BASFY,11.4,11.41,11.16,11.24,370413.0
2024-11-12,BYDDY,70.1,70.37,69.57,69.7,366617.0
2024-11-12,DTEGY,30.0499,30.1175,29.5301,29.81,412750.0
2024-11-12,NSRGY,88.58,88.638,87.89,88.5,2273297.0
2024-11-12,NTDOY,13.5,13.5,13.36,13.48,615971.0
2024-11-12,RHHBY,37.33,37.39,37.025,37.35,1049496.0
2024-11-12,SFTBY,31.85,32.0,30.71,30.95,953048.0
2024-11-12,TCEHY,51.8,51.83,50.79,51.04,2982655.0
2024-11-12,VWAGY,9.23,9.25,9.11,9.16,467639.0
2024-11-13,BACHY,11.8,11.8,11.5,11.67,33727.0
2024-11-13,BASFY,11.23,11.23,11.048,11.13,278293.0
2024-11-13,BYDDY,70.14,70.67,69.58,69.84,294155.0
2024-11-13,DTEGY,29.44,29.5201,29.29,29.32,463880.0
2024-11-13,NSRGY,87.94,88.02,87.22,87.65,888634.0
2024-11-13,NTDOY,13.11,13.16,12.95,13.0,829962.0
2024-11-13,RHHBY,37.21,37.27,36.885,37.02,710014.0
2024-11-13,SFTBY,29.84,29.98,29.25,29.48,865649.0
2024-11-13,TCEHY,51.91,51.93,49.97,50.13,3511096.0
2024-11-13,VWAGY,8.96,8.98,8.834,8.94,728123.0
2024-11-14,BACHY,11.2001,11.54,11.2001,11.5,45324.0
2024-11-14,BASFY,11.1701,11.2125,11.1,11.15,243853.0
2024-11-14,BYDDY,68.98,68.98,67.65,67.72,289646.0
2024-11-14,DTEGY,30.46,30.64,30.08,30.08,130141.0
2024-11-14,NSRGY,89.18,89.475,87.87,87.91,1124716.0
2024-11-14,NTDOY,13.0,13.13,13.0,13.03,1447105.0
2024-11-14,RHHBY,36.78,36.92,35.55,36.14,1148126.0
2024-11-14,SFTBY,28.98,28.98,28.13,28.6,455368.0
2024-11-14,TCEHY,51.65,51.9,51.56,51.66,3337412.0
2024-11-14,VWAGY,9.0501,9.1,9.0,9.03,554988.0
2024-11-15,BACHY,11.2,11.6,11.2,11.55,26368.0
2024-11-15,BASFY,11.4,11.42,11.33,11.37,307356.0
2024-11-15,BYDDY,67.72,67.99,67.33,67.83,191841.0
2024-11-15,DTEGY,30.154,30.408,30.0715,30.15,301331.0
2024-11-15,NSRGY,87.5499,87.61,87.07,87.16,875184.0
2024-11-15,NTDOY,13.13,13.4,13.13,13.24,1801382.0
2024-11-15,RHHBY,35.9,36.06,35.74,35.84,1727073.0
2024-11-15,SFTBY,28.51,28.81,28.09,28.13,497290.0
2024-11-15,TCEHY,51.42,51.83,51.12,51.65,2717087.0
2024-11-15,VWAGY,9.14,9.14,9.07,9.13,372149.0
2024-11-18,BACHY,12.02,12.06,12.02,12.06,49885.0
2024-11-18,BASFY,11.38,11.44,11.35,11.38,301301.0
2024-11-18,BYDDY,69.17,69.204,68.3,69.03,193680.0
2024-11-18,DTEGY,30.18,30.46,30.18,30.34,348141.0
2024-11-18,NSRGY,88.22,88.65,88.15,88.59,1243583.0
2024-11-18,NTDOY,13.22,13.32,13.11,13.305,703832.0
2024-11-18,RHHBY,35.67,35.78,35.5,35.67,842751.0
2024-11-18,SFTBY,28.05,28.39,28.01,28.24,365447.0
2024-11-18,TCEHY,52.0,52.26,51.72,52.21,1383701.0
2024-11-18,VWAGY,9.05,9.17,9.03,9.12,746316.0
2024-11-19,BACHY,12.04,12.04,11.85,11.885,30864.0
2024-11-19,BASFY,11.15,11.36,11.115,11.31,272527.0
2024-11-19,BYDDY,68.6,68.68,68.35,68.41,104070.0
2024-11-19,DTEGY,30.23,30.5,30.16,30.28,548786.0
2024-11-19,NSRGY,86.78,87.33,86.647,87.12,2298026.0
2024-11-19,NTDOY,13.11,13.35,13.11,13.21,744120.0
2024-11-19,RHHBY,35.36,35.53,35.259,35.41,728913.0
2024-11-19,SFTBY,28.0,28.35,27.5,28.19,527131.0
2024-11-19,TCEHY,51.94,51.98,51.56,51.86,849855.0
2024-11-19,VWAGY,8.94,9.04,8.92,9.02,657699.0
2024-11-20,BACHY,11.76,11.79,11.7575,11.78,17628.0
2024-11-20,BASFY,11.17,11.22,11.11,11.18,288983.0
2024-11-20,BYDDY,67.91,67.91,67.4701,67.86,329845.0
2024-11-20,DTEGY,30.404,30.45,30.1735,30.4,209716.0
2024-11-20,NSRGY,86.21,86.91,86.05,86.87,1568955.0
2024-11-20,NTDOY,13.16,13.22,13.13,13.21,504449.0
2024-11-20,RHHBY,35.34,35.38,35.03,35.13,1111491.0
2024-11-20,SFTBY,27.51,28.1,27.4101,27.97,344753.0
2024-11-20,TCEHY,52.55,52.7,52.1,52.41,2853392.0
2024-11-20,VWAGY,8.85,8.88,8.8,8.88,585419.0
2024-11-21,BACHY,11.4,11.74,11.4,11.719,31605.0
2024-11-21,BASFY,11.01,11.06,10.95,11.05,354247.0
2024-11-21,BYDDY,68.21,68.21,67.57,67.63,195562.0
2024-11-21,DTEGY,30.4,30.49,30.2715,30.43,389491.0
2024-11-21,NSRGY,85.85,86.1,85.56,85.68,1488146.0
2024-11-21,NTDOY,13.25,13.325,13.224,13.26,651569.0
2024-11-21,RHHBY,35.4,35.5,35.23,35.29,1461250.0
2024-11-21,SFTBY,27.52,28.05,27.52,27.9,556547.0
2024-11-21,TCEHY,52.24,52.32,52.02,52.2,1921191.0
2024-11-21,VWAGY,8.73,8.78,8.6901,8.74,566115.0
2024-11-22,BACHY,11.54,11.58,11.53,11.54,47963.0
2024-11-22,BASFY,10.99,11.12,10.95,11.11,202344.0
2024-11-22,BYDDY,66.6,66.95,65.96,66.78,516559.0
2024-11-22,DTEGY,30.33,30.72,30.33,30.57,227760.0
2024-11-22,NSRGY,85.14,85.44,85.01,85.08,1504718.0
2024-11-22,NTDOY,13.23,13.23,13.08,13.17,827623.0
2024-11-22,RHHBY,35.49,35.64,35.39,35.44,597901.0
2024-11-22,SFTBY,27.65,28.03,27.61,28.0,240269.0
2024-11-22,TCEHY,51.47,51.47,51.13,51.2,2064621.0
2024-11-22,VWAGY,8.65,8.82,8.64,8.78,695345.0
2024-11-25,BACHY,11.79,11.868,11.56,11.73,42924.0
2024-11-25,BASFY,11.3,11.33,11.2205,11.29,378103.0
2024-11-25,BYDDY,66.5,66.9,66.28,66.66,183922.0
2024-11-25,DTEGY,31.1,31.612,30.9401,31.38,422172.0
2024-11-25,NSRGY,85.66,85.83,85.26,85.34,1413450.0
2024-11-25,NTDOY,13.19,13.37,13.19,13.37,678475.0
2024-11-25,RHHBY,35.66,35.82,35.51,35.62,2100387.0
2024-11-25,SFTBY,28.56,29.13,28.4,28.8,338513.0
2024-11-25,TCEHY,50.6,50.864,50.51,50.68,2295694.0
2024-11-25,VWAGY,8.81,8.92,8.8,8.87,608146.0
2024-11-26,BACHY,11.2,11.78,11.2,11.55,42072.0
2024-11-26,BASFY,11.17,11.17,11.01,11.05,254746.0
2024-11-26,BYDDY,66.21,66.21,65.55,65.72,284677.0
2024-11-26,DTEGY,31.43,31.44,31.2,31.23,202086.0
2024-11-26,NSRGY,86.01,86.09,85.17,85.31,1022562.0
2024-11-26,NTDOY,13.45,13.51,13.32,13.48,504377.0
2024-11-26,RHHBY,35.66,35.68,35.29,35.41,798182.0
2024-11-26,SFTBY,28.54,29.0999,28.54,28.64,249954.0
2024-11-26,TCEHY,50.68,50.97,50.25,50.39,1524160.0
2024-11-26,VWAGY,8.68,8.69,8.57,8.62,669872.0
2024-11-27,BACHY,11.2,11.7,11.2,11.58,31625.0
2024-11-27,BASFY,11.0,11.15,11.0,11.01,804423.0
2024-11-27,BYDDY,66.15,66.71,66.15,66.68,256021.0
2024-11-27,DTEGY,31.5,31.7,31.5,31.61,165193.0
2024-11-27,NSRGY,85.98,86.76,85.7,86.36,764718.0
2024-11-27,NTDOY,13.9,14.05,13.9,13.96,718215.0
2024-11-27,RHHBY,35.62,35.85,35.57,35.73,652862.0
2024-11-27,SFTBY,29.64,29.64,28.65,28.87,834717.0
2024-11-27,TCEHY,51.5501,51.79,51.3,51.47,1763860.0
2024-11-27,VWAGY,8.65,8.69,8.61,8.67,526016.0
2024-11-29,BACHY,11.575,11.87,11.575,11.67,46788.0
2024-11-29,BASFY,11.09,11.2,11.045,11.2,114524.0
2024-11-29,BYDDY,65.99,66.01,65.02,65.91,144892.0
2024-11-29,DTEGY,31.76,32.06,31.76,32.06,69958.0
2024-11-29,NSRGY,86.1,86.87,85.96,86.78,439587.0
2024-11-29,NTDOY,14.45,14.66,14.45,14.65,806828.0
2024-11-29,RHHBY,35.88,36.27,35.83,36.24,394688.0
2024-11-29,SFTBY,29.65,30.0,29.28,29.95,226269.0
2024-11-29,TCEHY,51.25,51.73,50.92,51.6,1153169.0
2024-11-29,VWAGY,8.7,8.77,8.6702,8.7535,189630.0
2024-12-02,BACHY,11.5592,11.68,11.5592,11.655,36626.0
2024-12-02,BASFY,11.31,11.36,11.192,11.33,302813.0
2024-12-02,BYDDY,66.75,67.3,66.4,67.28,181816.0
2024-12-02,DTEGY,32.02,32.1,31.7,32.0,135394.0
2024-12-02,NSRGY,86.6,86.97,85.94,86.62,2201391.0
2024-12-02,NTDOY,14.65,14.77,14.65,14.74,1302229.0
2024-12-02,RHHBY,35.97,36.1,35.73,36.08,797597.0
2024-12-02,SFTBY,29.9,30.05,29.5,30.0,532060.0
2024-12-02,TCEHY,51.65,51.69,51.3,51.55,1601485.0
2024-12-02,VWAGY,8.73,8.74,8.64,8.6501,639660.0
2024-12-03,BACHY,11.82,11.86,11.8,11.82,40667.0
2024-12-03,BASFY,11.5,11.535,11.43,11.47,286011.0
2024-12-03,BYDDY,67.99,67.99,66.73,67.1,367332.0
2024-12-03,DTEGY,32.02,32.18,31.95,32.02,254583.0
2024-12-03,NSRGY,86.48,86.515,85.99,86.03,941414.0
2024-12-03,NTDOY,14.82,14.95,14.82,14.92,754589.0
2024-12-03,RHHBY,36.05,36.05,35.79,35.92,1637565.0
2024-12-03,SFTBY,30.16,30.9,30.16,30.51,160289.0
2024-12-03,TCEHY,51.7,52.022,51.61,51.7,1392763.0
2024-12-03,VWAGY,8.71,8.72,8.63,8.7,766598.0
2024-12-04,BACHY,11.732,11.846,11.73,11.83,136928.0
2024-12-04,BASFY,11.49,11.52,11.34,11.42,430406.0
2024-12-04,BYDDY,67.0,67.68,66.25,66.59,351532.0
2024-12-04,DTEGY,31.72,32.04,31.72,31.88,126134.0
2024-12-04,NSRGY,86.35,86.44,85.83,86.16,849341.0
2024-12-04,NTDOY,15.05,15.38,15.04,15.35,2467145.0
2024-12-04,RHHBY,35.82,35.97,35.71,35.89,1096119.0
2024-12-04,SFTBY,30.4,30.4,29.52,30.05,132080.0
2024-12-04,TCEHY,51.95,52.04,51.19,51.3,1336720.0
2024-12-04,VWAGY,8.89,8.9,8.82,8.8666,813160.0
2024-12-05,BACHY,12.28,12.28,11.776,11.805,45039.0
2024-12-05,BASFY,11.48,11.52,11.44,11.45,709014.0
2024-12-05,BYDDY,66.0,66.3,65.71,65.83,166389.0
2024-12-05,DTEGY,32.22,32.4292,32.16,32.26,151185.0
2024-12-05,NSRGY,86.14,86.34,85.86,86.07,879906.0
2024-12-05,NTDOY,15.39,15.59,15.36,15.57,1869049.0
2024-12-05,RHHBY,36.09,36.454,36.07,36.31,960048.0
2024-12-05,SFTBY,30.39,30.39,30.02,30.02,269456.0
2024-12-05,TCEHY,51.98,52.3,51.98,52.12,1560017.0
2024-12-05,VWAGY,8.91,8.97,8.87,8.92,561729.0
2024-12-06,BACHY,11.876,11.9,11.866,11.87,27022.0
2024-12-06,BASFY,11.61,11.65,11.53,11.58,872874.0
2024-12-06,BYDDY,67.9,68.75,67.9,68.0,221941.0
2024-12-06,DTEGY,32.41,32.47,32.18,32.34,171460.0
2024-12-06,NSRGY,86.72,86.7699,85.5,85.8,956610.0
2024-12-06,NTDOY,15.08,15.24,15.02,15.2,2113070.0
2024-12-06,RHHBY,36.46,36.7,36.37,36.51,664112.0
2024-12-06,SFTBY,30.01,30.49,30.0,30.36,62285.0
2024-12-06,TCEHY,52.85,53.07,52.65,52.69,1204406.0
2024-12-06,VWAGY,9.1,9.11,9.0,9.03,488832.0
2024-12-09,BACHY,12.455,12.67,12.0,12.46,111900.0
2024-12-09,BASFY,11.94,12.02,11.85,11.85,553467.0
2024-12-09,BYDDY,71.96,73.36,71.93,72.66,569849.0
2024-12-09,DTEGY,32.12,32.15,31.36,31.4,234206.0
2024-12-09,NSRGY,85.83,86.3675,85.65,85.65,1227926.0
2024-12-09,NTDOY,15.26,15.35,15.25,15.29,1300796.0
2024-12-09,RHHBY,36.47,36.74,36.46,36.47,710781.0
2024-12-09,SFTBY,30.38,31.1,30.38,30.55,178392.0
2024-12-09,TCEHY,54.86,55.84,54.86,55.3,4561068.0
2024-12-09,VWAGY,9.09,9.19,9.08,9.13,707629.0
2024-12-10,BACHY,11.978,12.39,11.978,12.32,32774.0
2024-12-10,BASFY,11.84,11.87,11.745,11.81,368896.0
2024-12-10,BYDDY,70.78,70.78,69.9,70.14,221797.0
2024-12-10,DTEGY,31.2,31.39,31.11,31.32,470742.0
2024-12-10,NSRGY,85.21,85.24,84.0,84.04,972027.0
2024-12-10,NTDOY,15.0,15.0,14.85,14.95,2363317.0
2024-12-10,RHHBY,36.35,36.37,35.61,35.64,1229163.0
2024-12-10,SFTBY,30.31,30.98,30.21,30.27,126361.0
2024-12-10,TCEHY,52.96,53.16,52.83,53.05,2411790.0
2024-12-10,VWAGY,9.29,9.31,9.2,9.25,531686.0
2024-12-11,BACHY,12.21,12.235,12.18,12.21,38408.0
2024-12-11,BASFY,11.79,11.8,11.709,11.745,180369.0
2024-12-11,BYDDY,70.43,70.43,69.8,70.34,189311.0
2024-12-11,DTEGY,31.37,31.4599,31.19,31.3,262430.0
2024-12-11,NSRGY,84.75,84.82,84.2,84.28,955692.0
2024-12-11,NTDOY,15.013,15.18,15.0,15.09,2223177.0
2024-12-11,RHHBY,36.17,36.19,35.91,36.0,1505335.0
2024-12-11,SFTBY,30.75,30.8,29.7,30.75,162886.0
2024-12-11,TCEHY,52.65,52.79,52.51,52.78,1926509.0
2024-12-11,VWAGY,9.34,9.36,9.23,9.305,449147.0
2024-12-12,BACHY,12.02,12.372,12.02,12.31,46455.0
2024-12-12,BASFY,11.8001,11.85,11.73,11.75,171729.0
2024-12-12,BYDDY,71.0,71.88,70.775,71.27,136051.0
2024-12-12,DTEGY,31.37,31.542,31.22,31.225,1039762.0
2024-12-12,NSRGY,84.1,84.5,83.66,83.68,982531.0
2024-12-12,NTDOY,15.0,15.15,14.91,14.98,1696090.0
2024-12-12,RHHBY,35.75,36.0,35.5,35.57,1125474.0
2024-12-12,SFTBY,30.3,30.84,30.25,30.65,186208.0
2024-12-12,TCEHY,52.78,53.19,52.61,52.99,1117954.0
2024-12-12,VWAGY,9.29,9.38,9.25,9.33,296006.0
2024-12-13,BACHY,12.25,12.25,12.04,12.18,24360.0
2024-12-13,BASFY,11.69,11.71,11.63,11.67,122027.0
2024-12-13,BYDDY,69.5,69.99,68.74,69.18,149927.0
2024-12-13,DTEGY,31.27,31.32,31.12,31.225,190204.0
2024-12-13,NSRGY,84.1299,84.22,83.75,83.81,981113.0
2024-12-13,NTDOY,14.82,15.05,14.81,14.81,717667.0
2024-12-13,RHHBY,35.43,35.45,35.17,35.39,1014225.0
2024-12-13,SFTBY,30.3,30.88,30.15,30.74,686460.0
2024-12-13,TCEHY,52.75,52.8,52.48,52.64,1219413.0
2024-12-13,VWAGY,9.51,9.53,9.26,9.41,551740.0
2024-12-16,BACHY,12.16,12.32,12.16,12.21,27425.0
2024-12-16,BASFY,11.45,11.5084,11.3775,11.46,189027.0
2024-12-16,BYDDY,67.15,67.98,67.11,67.18,228467.0
2024-12-16,DTEGY,31.53,31.6,31.3501,31.5,118070.0
2024-12-16,NSRGY,82.84,83.57,82.67,82.75,2651218.0
2024-12-16,NTDOY,14.88,14.94,14.84,14.93,1053157.0
2024-12-16,RHHBY,35.54,35.8855,35.53,35.54,1823857.0
2024-12-16,SFTBY,31.49,31.54,30.67,31.03,1793213.0
2024-12-16,TCEHY,51.91,52.3498,51.73,51.8,2791823.0
2024-12-16,VWAGY,9.23,9.31,9.135,9.28,622172.0
2024-12-17,BACHY,12.21,12.42,12.21,12.275,40386.0
2024-12-17,BASFY,11.45,11.48,11.37,11.39,226455.0
2024-12-17,BYDDY,68.22,69.39,68.22,68.99,176690.0
2024-12-17,DTEGY,31.4599,31.4599,31.1301,31.25,318257.0
2024-12-17,NSRGY,83.33,84.07,83.32,83.75,2116363.0
2024-12-17,NTDOY,15.46,15.49,15.36,15.36,782932.0
2024-12-17,RHHBY,35.69,36.14,35.68,35.84,2032658.0
2024-12-17,SFTBY,32.26,32.49,31.25,31.43,1498025.0
2024-12-17,TCEHY,51.82,52.3,51.73,52.27,1370377.0
2024-12-17,VWAGY,9.23,9.35,9.22,9.32,469818.0
2024-12-18,BACHY,12.285,12.285,12.09,12.1,57684.0
2024-12-18,BASFY,11.29,11.39,11.06,11.06,276660.0
2024-12-18,BYDDY,69.87,70.0,67.77,67.85,220334.0
2024-12-18,DTEGY,30.94,31.052,30.4,30.41,189594.0
2024-12-18,NSRGY,82.43,83.87,81.33,81.48,2562598.0
2024-12-18,NTDOY,15.2,15.2,14.78,14.78,510278.0
2024-12-18,RHHBY,35.67,35.88,34.91,34.91,1164482.0
2024-12-18,SFTBY,31.17,31.17,29.63,29.8,462181.0
2024-12-18,TCEHY,52.34,52.35,51.35,51.52,1911654.0
2024-12-18,VWAGY,9.39,9.44,9.16,9.22,466006.0
2024-12-19,BACHY,12.15,12.18,12.12,12.14,44417.0
2024-12-19,BASFY,11.12,11.12,10.99,11.002,334850.0
2024-12-19,BYDDY,68.74,69.35,68.58,68.69,188795.0
2024-12-19,DTEGY,30.39,30.4199,30.19,30.2,166035.0
2024-12-19,NSRGY,82.49,82.76,82.03,82.08,1993896.0
2024-12-19,NTDOY,14.96,15.13,14.96,15.05,598022.0
2024-12-19,RHHBY,34.44,34.54,34.103,34.24,1379562.0
2024-12-19,SFTBY,29.5,29.72,29.0,29.01,706091.0
2024-12-19,TCEHY,53.32,53.39,53.03,53.08,2928587.0
2024-12-19,VWAGY,9.37,9.37,9.15,9.15,489036.0
2024-12-20,BACHY,12.13,12.259,11.88,12.24,53001.0
2024-12-20,BASFY,10.9599,11.1,10.94,11.02,513406.0
2024-12-20,BYDDY,68.16,69.44,68.1175,69.1,308648.0
2024-12-20,DTEGY,29.8201,30.22,29.82,30.09,187174.0
2024-12-20,NSRGY,81.72,82.984,81.7,82.34,1361689.0
2024-12-20,NTDOY,14.58,14.75,14.46,14.7,1375924.0
2024-12-20,RHHBY,34.32,34.67,34.29,34.5,1251350.0
2024-12-20,SFTBY,27.73,28.57,27.46,28.19,481183.0
2024-12-20,TCEHY,54.61,54.98,54.45,54.68,4376740.0
2024-12-20,VWAGY,9.4,9.71,9.16,9.41,465185.0
2024-12-23,BACHY,12.42,12.51,12.42,12.51,39886.0
2024-12-23,BASFY,10.96,11.0,10.9343,10.99,476382.0
2024-12-23,BYDDY,69.075,70.0,69.05,69.34,196893.0
2024-12-23,DTEGY,30.05,30.05,29.8901,30.04,212688.0
2024-12-23,NSRGY,82.32,82.62,82.01,82.3,1394216.0
2024-12-23,NTDOY,14.75,14.8,14.523,14.65,1707555.0
2024-12-23,RHHBY,34.83,34.95,34.65,34.89,1586289.0
2024-12-23,SFTBY,28.2,28.88,27.86,28.46,667819.0
2024-12-23,TCEHY,53.77,54.28,53.65,54.17,2308234.0
2024-12-23,VWAGY,9.13,9.3,9.09,9.29,415856.0
2024-12-24,BACHY,12.6,12.85,12.6,12.82,16888.0
2024-12-24,BASFY,10.99,11.12,10.95,11.03,146528.0
2024-12-24,BYDDY,70.52,71.38,70.52,71.15,116312.0
2024-12-24,DTEGY,29.31,30.2699,29.3,30.072,87180.0
2024-12-24,NSRGY,81.75,83.0,81.18,82.35,683076.0
2024-12-24,NTDOY,14.54,14.74,14.53,14.65,366715.0
2024-12-24,RHHBY,34.17,35.25,34.17,34.96,540735.0
2024-12-24,SFTBY,27.75,28.54,27.68,28.36,147228.0
2024-12-24,TCEHY,54.1,54.1,53.95,53.97,545319.0
2024-12-24,VWAGY,9.26,9.31,9.25,9.31,171743.0
2024-12-26,BACHY,12.81,12.83,12.74,12.83,16637.0
2024-12-26,BASFY,10.95,11.155,10.95,11.08,250498.0
2024-12-26,BYDDY,70.99,71.45,70.56,71.09,114409.0
2024-12-26,DTEGY,29.83,30.3,29.83,30.12,144221.0
2024-12-26,NSRGY,82.35,82.75,82.32,82.48,887378.0
2024-12-26,NTDOY,14.64,14.78,14.63,14.64,413215.0
2024-12-26,RHHBY,34.73,35.12,34.71,35.0,969981.0
2024-12-26,SFTBY,28.66,28.99,28.43,28.88,192628.0
2024-12-26,TCEHY,54.23,54.44,53.85,54.11,724886.0
2024-12-26,VWAGY,9.3,9.37,9.2,9.29,436212.0
2024-12-27,BACHY,12.66,12.69,12.61,12.64,12790.0
2024-12-27,BASFY,11.04,11.108,11.01,11.05,293971.0
2024-12-27,BYDDY,70.78,70.78,69.7,70.044,285430.0
2024-12-27,DTEGY,29.93,30.25,29.93,30.25,129443.0
2024-12-27,NSRGY,82.39,82.88,82.17,82.48,1825217.0
2024-12-27,NTDOY,14.68,14.97,14.66,14.68,427142.0
2024-12-27,RHHBY,34.86,35.19,34.86,35.07,862864.0
2024-12-27,SFTBY,29.05,29.25,28.85,29.04,541254.0
2024-12-27,TCEHY,53.8,53.88,53.38,53.6,1364263.0
2024-12-27,VWAGY,9.44,9.49,9.4,9.43,427285.0
2024-12-30,BACHY,12.64,12.68,12.61,12.64,18840.0
2024-12-30,BASFY,11.0,11.03,10.895,10.94,299257.0
2024-12-30,BYDDY,69.7,69.8,68.37,68.53,168268.0
2024-12-30,DTEGY,29.92,30.02,29.82,29.99,146292.0
2024-12-30,NSRGY,82.58,82.77,82.08,82.275,1411423.0
2024-12-30,NTDOY,14.65,14.68,14.55,14.62,421054.0
2024-12-30,RHHBY,35.08,35.33,34.93,35.16,1089291.0
2024-12-30,SFTBY,28.7,29.01,28.68,28.94,234453.0
2024-12-30,TCEHY,53.75,53.75,53.15,53.23,2181997.0
2024-12-30,VWAGY,9.42,9.48,9.36,9.36,759567.0
2024-12-31,BACHY,12.64,12.75,12.5,12.61,20546.0
2024-12-31,BASFY,10.89,11.0,10.86,10.9026,254502.0
2024-12-31,BYDDY,68.0,68.56,67.7,67.97,169534.0
2024-12-31,DTEGY,29.835,29.91,29.44,29.85,97133.0
2024-12-31,NSRGY,82.04,82.78,81.67,81.7,633108.0
2024-12-31,NTDOY,14.67,14.68,14.4,14.63,257471.0
2024-12-31,RHHBY,35.01,35.53,34.88,34.88,832180.0
2024-12-31,SFTBY,29.04,29.75,28.15,28.82,152045.0
2024-12-31,TCEHY,53.12,53.35,53.04,53.18,1196645.0
2024-12-31,VWAGY,9.36,9.41,9.27,9.31,451224.0
2025-01-02,BACHY,12.41,12.5,12.41,12.47,18073.0
2025-01-02,BASFY,10.94,10.98,10.81,10.86,504464.0
2025-01-02,BYDDY,67.0,67.0,66.4,66.6,388505.0
2025-01-02,DTEGY,29.97,29.99,29.73,29.8,428359.0
2025-01-02,NSRGY,81.8,82.12,81.56,81.89,800128.0
2025-01-02,NTDOY,14.63,14.797,14.49,14.68,892352.0
2025-01-02,RHHBY,34.94,35.2,34.88,34.94,710996.0
2025-01-02,SFTBY,28.67,29.6,28.22,28.95,323886.0
2025-01-02,TCEHY,53.0,53.55,53.0,53.21,2105994.0
2025-01-02,VWAGY,9.22,9.23,9.03,9.08,307209.0
2025-01-03,BACHY,12.53,12.74,12.53,12.6,28945.0
2025-01-03,BASFY,10.71,10.73,10.62,10.66,307245.0
2025-01-03,BYDDY,66.9,67.36,66.65,67.34,245562.0
2025-01-03,DTEGY,30.22,30.28,30.11,30.19,172994.0
2025-01-03,NSRGY,81.92,82.26,81.65,82.02,775544.0
2025-01-03,NTDOY,14.6,14.87,14.51,14.69,957353.0
2025-01-03,RHHBY,34.97,35.3,34.87,35.18,1384172.0
2025-01-03,SFTBY,28.9,29.7,28.82,29.68,643528.0
2025-01-03,TCEHY,53.21,53.4,52.94,53.17,1647639.0
2025-01-03,VWAGY,9.06,9.1,9.03,9.1,211315.0
2025-01-06,BACHY,12.6,12.7,12.6,12.615,57368.0
2025-01-06,BASFY,10.85,11.0,10.8374,10.9,344477.0
2025-01-06,BYDDY,67.0,67.08,65.86,66.09,769369.0
2025-01-06,DTEGY,30.16,30.21,29.8,29.97,2642304.0
2025-01-06,NSRGY,81.0,82.21,80.84,81.86,1570981.0
2025-01-06,NTDOY,14.69,14.73,14.45,14.54,1600635.0
2025-01-06,RHHBY,35.32,35.67,35.23,35.52,2647607.0
2025-01-06,SFTBY,29.4,30.02,29.0,29.94,672990.0
2025-01-06,TCEHY,53.13,53.25,47.94,49.01,23440144.0
2025-01-06,VWAGY,9.43,9.49,9.3974,9.4,367553.0
2025-01-07,BACHY,12.52,12.64,12.52,12.545,34930.0
2025-01-07,BASFY,10.96,11.0,10.89,10.92,409912.0
2025-01-07,BYDDY,67.36,67.38,66.18,66.61,285282.0
2025-01-07,DTEGY,30.19,30.25,29.95,30.0,194197.0
2025-01-07,NSRGY,82.4199,82.9,82.27,82.51,1135535.0
2025-01-07,NTDOY,14.5,14.69,14.36,14.37,1020362.0
2025-01-07,RHHBY,36.03,36.52,36.0,36.45,1330245.0
2025-01-07,SFTBY,30.0,30.3,29.05,29.11,1003725.0
2025-01-07,TCEHY,49.2,49.24,47.91,48.13,16543950.0
2025-01-07,VWAGY,9.5,9.53,9.38,9.4,241345.0
2025-01-08,BACHY,12.56,12.65,12.53,12.575,38352.0
2025-01-08,BASFY,10.8,10.82,10.73,10.8,137197.0
2025-01-08,BYDDY,65.05,66.0,65.05,65.5,279020.0
2025-01-08,DTEGY,29.9025,30.11,29.85,30.11,155719.0
2025-01-08,NSRGY,82.04,82.73,81.67,82.65,840463.0
2025-01-08,NTDOY,14.1,14.14,13.94,14.04,1381800.0
2025-01-08,RHHBY,36.55,36.75,36.4,36.7,3590448.0
2025-01-08,SFTBY,29.57,29.99,29.15,29.5,450167.0
2025-01-08,TCEHY,47.43,47.75,47.11,47.67,3100493.0
2025-01-08,VWAGY,9.33,9.36,9.2726,9.34,179735.0
2025-01-10,BACHY,12.5,12.5,12.36,12.472,28754.0
2025-01-10,BASFY,10.76,10.76,10.57,10.622,216636.0
2025-01-10,BYDDY,65.23,65.23,64.06,64.15,199836.0
2025-01-10,DTEGY,30.43,30.43,30.05,30.195,179279.0
2025-01-10,NSRGY,81.37,81.44,80.5345,80.65,1133733.0
2025-01-10,NTDOY,14.51,14.6,14.41,14.42,1040872.0
2025-01-10,RHHBY,36.75,36.79,36.35,36.46,1419667.0
2025-01-10,SFTBY,29.5,29.75,28.59,28.85,237446.0
2025-01-10,TCEHY,47.28,47.4,46.82,46.84,3571569.0
2025-01-10,VWAGY,9.49,9.53,9.41,9.46,218761.0
2025-01-13,BACHY,12.88,12.88,12.3,12.3,29251.0
2025-01-13,BASFY,10.63,10.7,10.5801,10.7,470476.0
2025-01-13,BYDDY,63.55,64.3,63.5,63.7,184284.0
2025-01-13,DTEGY,30.3,30.56,30.3,30.49,187514.0
2025-01-13,NSRGY,80.36,81.31,80.296,81.22,1344652.0
2025-01-13,NTDOY,14.41,14.6,14.36,14.46,914271.0
2025-01-13,RHHBY,36.12,36.24,35.89,36.19,1718028.0
2025-01-13,SFTBY,29.24,29.24,28.01,28.7,229045.0
2025-01-13,TCEHY,46.89,47.12,46.76,46.95,2698447.0
2025-01-13,VWAGY,9.47,9.48,9.38,9.43,291808.0
2025-01-14,BACHY,12.61,12.61,12.04,12.08,36022.0
2025-01-14,BASFY,10.87,10.94,10.846,10.89,405668.0
2025-01-14,BYDDY,65.55,66.6,65.35,66.16,287967.0
2025-01-14,DTEGY,30.87,31.15,30.72,31.09,283744.0
2025-01-14,NSRGY,81.26,81.54,80.74,81.42,1175293.0
2025-01-14,NTDOY,14.84,14.84,14.67,14.78,1811972.0
2025-01-14,RHHBY,36.15,36.22,35.85,36.14,1386918.0
2025-01-14,SFTBY,29.0,29.38,28.2,28.64,332548.0
2025-01-14,TCEHY,48.1,48.14,47.65,47.69,3595214.0
2025-01-14,VWAGY,9.57,9.63,9.53,9.62,242417.0
2025-01-15,BACHY,12.366,12.38,12.338,12.35,30795.0
2025-01-15,BASFY,11.3186,11.39,11.3,11.38,248660.0
2025-01-15,BYDDY,66.22,67.1,66.21,66.81,163043.0
2025-01-15,DTEGY,31.04,31.04,30.8,30.88,229375.0
2025-01-15,NSRGY,81.03,81.136,80.4,80.4,1113548.0
2025-01-15,NTDOY,15.28,15.37,15.19,15.23,2432267.0
2025-01-15,RHHBY,36.29,36.56,36.2,36.5,1046925.0
2025-01-15,SFTBY,28.8,29.56,28.8,29.43,551041.0
2025-01-15,TCEHY,48.86,48.9,48.63,48.85,3438465.0
2025-01-15,VWAGY,9.76,9.835,9.711,9.78,172576.0
2025-01-16,BACHY,12.434,12.45,12.406,12.43,21971.0
2025-01-16,BASFY,11.28,11.4199,11.24,11.33,136453.0
2025-01-16,BYDDY,66.99,66.99,66.5,66.75,163484.0
2025-01-16,DTEGY,30.85,31.24,30.78,31.21,191736.0
2025-01-16,NSRGY,80.51,81.62,80.11,81.4,1477387.0
2025-01-16,NTDOY,15.5,15.77,15.35,15.64,3340213.0
2025-01-16,RHHBY,36.39,36.92,36.31,36.67,4081186.0
2025-01-16,SFTBY,29.11,29.9,29.11,29.46,641524.0
2025-01-16,TCEHY,49.0,49.0,48.55,48.77,3631256.0
2025-01-16,VWAGY,9.73,9.76,9.685,9.7,152437.0
2025-01-17,BACHY,12.544,12.57,12.376,12.57,11993.0
2025-01-17,BASFY,11.38,11.49,11.35,11.36,117922.0
2025-01-17,BYDDY,67.01,68.74,67.01,68.09,295491.0
2025-01-17,DTEGY,31.11,31.35,31.11,31.16,274223.0
2025-01-17,NSRGY,81.26,81.47,80.94,81.19,834525.0
2025-01-17,NTDOY,14.8,14.88,14.67,14.81,2221240.0
2025-01-17,RHHBY,36.33,36.45,36.05,36.35,4196883.0
2025-01-17,SFTBY,29.35,29.78,29.0,29.52,522981.0
2025-01-17,TCEHY,48.7,49.84,48.6,49.34,4331209.0
2025-01-17,VWAGY,9.77,9.8425,9.75,9.77,109324.0
2025-01-21,BACHY,12.48,12.55,12.4675,12.525,16624.0
2025-01-21,BASFY,11.75,11.88,11.74,11.88,203160.0
2025-01-21,BYDDY,70.56,71.5,70.13,70.66,350781.0
2025-01-21,DTEGY,31.43,31.7,31.39,31.6,273159.0
2025-01-21,NSRGY,81.68,82.82,81.61,82.73,1469714.0
2025-01-21,NTDOY,14.61,14.69,14.5,14.68,2187391.0
2025-01-21,RHHBY,36.84,37.5,36.82,37.46,1864429.0
2025-01-21,SFTBY,30.1,31.0,29.479,30.73,1511490.0
2025-01-21,TCEHY,49.63,49.72,49.06,49.23,2269964.0
2025-01-21,VWAGY,9.95,10.08,9.9003,10.08,258399.0
2025-01-22,BACHY,12.64,12.686,12.47,12.52,26589.0
2025-01-22,BASFY,11.73,11.77,11.663,11.725,119116.0
2025-01-22,BYDDY,70.68,71.27,70.68,70.98,210022.0
2025-01-22,DTEGY,31.18,31.27,31.119,31.202,200213.0
2025-01-22,NSRGY,81.845,81.99,81.59,81.86,946613.0
2025-01-22,NTDOY,14.96,15.22,14.96,15.01,1538799.0
2025-01-22,RHHBY,37.84,37.98,37.61,37.85,2635070.0
2025-01-22,SFTBY,34.34,34.61,33.55,34.1,3865847.0
2025-01-22,TCEHY,49.07,49.34,48.9575,49.25,1505667.0
2025-01-22,VWAGY,10.03,10.04,9.96,9.975,233001.0
2025-01-23,BACHY,12.545,12.69,12.44,12.69,24118.0
2025-01-23,BASFY,11.84,11.9216,11.79,11.91,121911.0
2025-01-23,BYDDY,70.01,70.01,69.18,69.62,222827.0
2025-01-23,DTEGY,31.28,31.52,31.12,31.48,622620.0
2025-01-23,NSRGY,81.84,82.61,81.5,82.56,924512.0
2025-01-23,NTDOY,15.152,15.44,15.152,15.35,731685.0
2025-01-23,RHHBY,37.78,38.11,37.6,38.07,1847448.0
2025-01-23,SFTBY,34.5,34.51,33.15,33.4,2953146.0
2025-01-23,TCEHY,48.8,49.27,48.7,49.24,3180970.0
2025-01-23,VWAGY,10.17,10.23,10.13,10.22,217272.0
2025-01-24,BACHY,12.77,12.88,12.66,12.75,26010.0
2025-01-24,BASFY,12.22,12.63,12.12,12.2,430047.0
2025-01-24,BYDDY,70.11,70.91,69.91,70.52,157332.0
2025-01-24,DTEGY,30.92,31.08,30.8,30.85,2232343.0
2025-01-24,NSRGY,82.66,82.72,82.23,82.45,1812580.0
2025-01-24,NTDOY,15.75,16.0,15.71,15.85,3150534.0
2025-01-24,RHHBY,37.95,38.16,37.94,38.05,1237285.0
2025-01-24,SFTBY,34.25,34.25,33.49,33.55,1144466.0
2025-01-24,TCEHY,49.96,50.95,49.95,50.35,3592738.0
2025-01-24,VWAGY,10.43,10.45,10.37,10.37,259632.0
2025-01-27,BACHY,12.84,12.97,12.84,12.95,25021.0
2025-01-27,BASFY,12.28,12.345,12.16,12.3,189883.0
2025-01-27,BYDDY,70.1,70.87,70.1,70.3,328589.0
2025-01-27,DTEGY,31.35,31.47,31.26,31.43,334510.0
2025-01-27,NSRGY,85.12,86.63,85.09,86.47,2987365.0
2025-01-27,NTDOY,15.6,15.79,15.54,15.62,3152398.0
2025-01-27,RHHBY,38.65,39.12,38.63,39.1,1681011.0
2025-01-27,SFTBY,30.74,30.82,30.05,30.2,1344620.0
2025-01-27,TCEHY,50.78,51.43,50.77,51.11,4917846.0
2025-01-27,VWAGY,10.57,10.66,10.55,10.6203,297211.0
2025-01-28,BACHY,13.195,13.195,12.8,12.9,30936.0
2025-01-28,BASFY,12.36,12.36,12.24,12.28,90638.0
2025-01-28,BYDDY,70.29,70.5,69.42,70.36,243670.0
2025-01-28,DTEGY,31.87,32.125,31.82,32.09,303573.0
2025-01-28,NSRGY,86.19,86.695,85.95,86.31,1131338.0
2025-01-28,NTDOY,16.51,16.59,16.39,16.46,4561953.0
2025-01-28,RHHBY,39.09,39.1,38.675,38.94,1067176.0
2025-01-28,SFTBY,30.05,30.37,29.51,30.27,915219.0
2025-01-28,TCEHY,51.55,52.6,51.28,52.6,3467070.0
2025-01-28,VWAGY,10.54,10.61,10.36,10.51,243686.0
2025-01-29,BACHY,13.325,13.325,12.85,12.98,86335.0
2025-01-29,BASFY,12.07,12.222,12.01,12.14,85369.0
2025-01-29,BYDDY,70.36,71.53,70.3,70.35,285102.0
2025-01-29,DTEGY,32.89,33.68,32.89,33.34,398961.0
2025-01-29,NSRGY,86.1,86.41,85.73,85.83,822525.0
2025-01-29,NTDOY,16.3,16.52,16.17,16.25,3323439.0
2025-01-29,RHHBY,38.91,39.19,38.64,38.86,1989388.0
2025-01-29,SFTBY,30.1,30.27,29.65,29.98,574304.0
2025-01-29,TCEHY,52.62,53.15,52.2,52.64,5537490.0
2025-01-29,VWAGY,10.41,10.49,10.294,10.33,220248.0
2025-01-30,BACHY,13.15,13.22,13.0,13.125,44102.0
2025-01-30,BASFY,12.36,12.3685,12.2,12.23,141418.0
2025-01-30,BYDDY,70.65,72.0,70.3,71.6,275871.0
2025-01-30,DTEGY,33.58,33.73,33.45,33.64,191055.0
2025-01-30,NSRGY,86.28,86.95,86.04,86.57,629484.0
2025-01-30,NTDOY,16.89,16.9,16.66,16.7,3664444.0
2025-01-30,RHHBY,39.54,39.91,39.15,39.84,1821033.0
2025-01-30,SFTBY,30.21,31.59,30.01,30.69,855080.0
2025-01-30,TCEHY,52.5,54.5,52.4,54.43,4767287.0
2025-01-30,VWAGY,10.46,10.486,10.4,10.42,179010.0
2025-01-31,BACHY,13.1,13.25,12.93,12.96,22949.0
2025-01-31,BASFY,12.04,12.155,11.98,12.0116,185120.0
2025-01-31,BYDDY,70.9,71.49,69.94,70.08,241456.0
2025-01-31,DTEGY,33.56,33.82,33.49,33.49,526108.0
2025-01-31,NSRGY,85.83,85.87,84.8,84.98,505951.0
2025-01-31,NTDOY,16.31,16.56,15.935,16.35,2436715.0
2025-01-31,RHHBY,39.21,39.53,39.06,39.25,1178171.0
2025-01-31,SFTBY,30.69,32.32,30.36,30.722,815102.0
2025-01-31,TCEHY,54.44,54.44,52.89,53.02,4563066.0
2025-01-31,VWAGY,10.41,10.55,10.34,10.34,200870.0
2025-02-03,BACHY,13.0,13.36,12.85,12.9455,13834.0
2025-02-03,BASFY,11.4,11.625,11.3558,11.47,181285.0
2025-02-03,BYDDY,70.3,71.36,69.65,70.92,579149.0
2025-02-03,DTEGY,33.31,33.63,33.205,33.5,268978.0
2025-02-03,NSRGY,84.47,85.665,84.329,85.1,697729.0
2025-02-03,NTDOY,16.25,16.58,16.25,16.5,2287687.0
2025-02-03,RHHBY,38.93,39.35,38.7825,39.32,1228493.0
2025-02-03,SFTBY,30.74,30.92,30.08,30.64,865005.0
2025-02-03,TCEHY,51.8,52.98,51.61,52.43,2966432.0
2025-02-03,VWAGY,9.77,9.985,9.71,9.93,289033.0
2025-02-04,BACHY,13.59,13.59,13.09,13.12,37776.0
2025-02-04,BASFY,11.61,11.7,11.608,11.69,111421.0
2025-02-04,BYDDY,72.91,74.06,72.7,73.31,316677.0
2025-02-04,DTEGY,33.47,33.62,33.36,33.61,127801.0
2025-02-04,NSRGY,85.11,85.82,84.82,85.62,729555.0
2025-02-04,NTDOY,16.25,16.58,16.0,16.44,1477937.0
2025-02-04,RHHBY,39.3999,39.99,39.175,39.62,1322732.0
2025-02-04,SFTBY,30.75,31.69,30.12,31.54,933344.0
2025-02-04,TCEHY,53.8,54.8,53.8,54.45,4017377.0
2025-02-04,VWAGY,9.9701,10.1,9.97,10.04,132497.0
2025-02-05,BACHY,13.26,13.58,13.005,13.1,17155.0
2025-02-05,BASFY,11.6,11.73,11.58,11.69,115828.0
2025-02-05,BYDDY,72.8,73.3,72.4,72.76,258700.0
2025-02-05,DTEGY,33.93,34.24,33.92,34.13,267503.0
2025-02-05,NSRGY,85.42,86.0,85.06,85.66,1004514.0
2025-02-05,NTDOY,17.33,17.45,17.16,17.25,2868759.0
2025-02-05,RHHBY,40.24,40.65,40.24,40.53,1841133.0
2025-02-05,SFTBY,31.54,32.73,31.2,32.46,1156459.0
2025-02-05,TCEHY,53.72,53.95,53.57,53.63,1788030.0
2025-02-05,VWAGY,9.8,9.94,9.789,9.92,123648.0
2025-02-06,BACHY,13.11,13.125,13.08,13.09,22838.0
2025-02-06,BASFY,12.31,12.5499,12.3,12.49,1008641.0
2025-02-06,BYDDY,79.8,80.15,79.3,79.55,805167.0
2025-02-06,DTEGY,33.95,34.34,33.93,34.3,171521.0
2025-02-06,NSRGY,86.0,86.115,85.15,85.31,561912.0
2025-02-06,NTDOY,17.82,18.06,17.82,17.98,2703510.0
2025-02-06,RHHBY,39.76,39.87,39.56,39.61,1596955.0
2025-02-06,SFTBY,32.4,32.4,31.32,31.82,731206.0
2025-02-06,TCEHY,54.01,54.2,53.9,54.0,3391970.0
2025-02-06,VWAGY,10.1,10.24,9.94,10.0,307006.0
2025-02-07,BACHY,12.805,13.05,12.805,13.01,10349.0
2025-02-07,BASFY,12.45,12.47,12.21,12.21,429911.0
2025-02-07,BYDDY,84.3,85.56,84.24,84.53,1158180.0
2025-02-07,DTEGY,34.35,34.35,33.93,33.98,380222.0
2025-02-07,NSRGY,85.72,85.81,84.97,85.0,589600.0
2025-02-07,NTDOY,17.79,17.9,17.49,17.55,1836132.0
2025-02-07,RHHBY,40.03,40.07,39.67,39.77,1443941.0
2025-02-07,SFTBY,32.19,32.4,31.0,31.1,647484.0
2025-02-07,TCEHY,54.87,55.71,54.86,54.96,4290836.0
2025-02-07,VWAGY,10.15,10.15,9.888,9.97,207931.0
2025-02-10,BACHY,13.045,13.1855,13.03,13.15,29322.0
2025-02-10,BASFY,12.21,12.22,12.17,12.2,145612.0
2025-02-10,BYDDY,85.89,86.86,85.8,86.62,661431.0
2025-02-10,DTEGY,34.47,34.56,34.366,34.56,227800.0
2025-02-10,NSRGY,85.06,85.27,84.72,85.07,490941.0
2025-02-10,NTDOY,18.0,18.18,17.9,17.98,1714821.0
2025-02-10,RHHBY,39.62,39.98,39.6,39.88,951276.0
2025-02-10,SFTBY,31.36,31.6,30.83,31.38,340588.0
2025-02-10,TCEHY,56.0,56.5,55.935,56.5,4764466.0
2025-02-10,VWAGY,10.02,10.1,9.99,10.06,283891.0
2025-02-11,BYDDY,85.0,85.3,84.25,84.87,659972.0
2025-02-11,NTDOY,18.0,18.0,17.813,17.86,2418761.0
2025-02-11,SFTBY,31.74,31.89,30.8,30.92,683377.0
2025-02-11,TCEHY,55.2,55.76,54.85,55.33,4267280.0
2025-02-12,BYDDY,90.01,92.12,89.75,91.57,1187655.0
2025-02-12,NTDOY,17.87,17.98,17.49,17.73,3142705.0
2025-02-12,SFTBY,31.03,31.16,30.5,31.01,874342.0
2025-02-12,TCEHY,56.4,57.74,56.37,57.47,3345243.0
2025-02-13,BYDDY,87.3,88.62,86.76,88.35,885003.0
2025-02-13,NTDOY,18.09,18.42,18.09,18.38,1404109.0
2025-02-13,SFTBY,30.95,31.89,30.4,31.65,541401.0
2025-02-13,TCEHY,56.87,57.81,56.51,57.78,5410060.0
2025-02-14,BYDDY,93.08,93.89,92.76,93.38,898474.0
2025-02-14,NTDOY,18.4,18.5,18.295,18.45,3202125.0
2025-02-14,SFTBY,31.64,31.88,30.92,31.25,429487.0
2025-02-14,TCEHY,61.1,61.75,60.4,61.53,8962373.0
2025-02-18,BYDDY,93.75,93.75,93.08,93.2,784354.0
2025-02-18,NTDOY,18.74,18.93,18.74,18.9,4315739.0
2025-02-18,SFTBY,32.5,32.8,31.54,31.94,972456.0
2025-02-18,TCEHY,64.89,64.9,63.9,64.45,8838483.0
2025-02-19,BYDDY,94.3,94.3,93.25,93.88,469834.0
2025-02-19,NTDOY,19.18,19.47,19.18,19.41,9828069.0
2025-02-19,SFTBY,32.0,32.0,31.29,31.47,265155.0
2025-02-19,TCEHY,63.85,63.85,63.25,63.27,4944784.0
2025-02-20,BYDDY,98.4,99.5,97.47,98.63,1197630.0
2025-02-20,NTDOY,19.24,19.33,19.07,19.28,7482476.0
2025-02-20,SFTBY,31.27,31.48,30.81,31.2,429788.0
2025-02-20,TCEHY,64.6,66.27,64.54,65.2,7828063.0
2025-02-21,BYDDY,102.01,102.66,100.42,100.9,828081.0
2025-02-21,NTDOY,19.03,19.25,19.02,19.13,5377888.0
2025-02-21,SFTBY,31.35,31.5,30.35,30.56,637009.0
2025-02-21,TCEHY,66.56,67.6,66.2,66.65,12556823.0
2025-02-24,BYDDY,100.43,100.45,97.75,98.36,1837541.0
2025-02-24,NTDOY,18.91,19.12,18.91,19.0,2003117.0
2025-02-24,SFTBY,30.45,30.75,29.68,30.09,732070.0
2025-02-24,TCEHY,63.75,63.75,61.34,61.62,18961459.0
2025-02-25,BYDDY,100.1,100.62,99.5,100.17,438370.0
2025-02-25,NTDOY,18.9,19.16,18.9,19.02,4338469.0
2025-02-25,SFTBY,30.0,30.1,29.29,29.67,508564.0
2025-02-25,TCEHY,62.25,62.67,61.95,62.37,3384585.0
2025-02-26,BYDDY,101.4,101.4,99.54,100.16,464516.0
2025-02-26,NTDOY,18.61,18.77,18.53,18.67,2870730.0
2025-02-26,SFTBY,29.27,29.77,29.18,29.35,549198.0
2025-02-26,TCEHY,64.3,64.39,63.71,63.94,4778299.0
2025-02-27,BYDDY,102.54,103.38,101.27,102.55,494703.0
2025-02-27,NTDOY,19.05,19.05,18.74,18.79,698996.0
2025-02-27,SFTBY,29.43,29.9,28.07,28.21,355092.0
2025-02-27,TCEHY,63.47,64.0,63.02,63.27,2783119.0
2025-02-28,BYDDY,96.19,96.66,95.22,95.82,666800.0
2025-02-28,NTDOY,18.36,18.59,18.36,18.58,1516020.0
2025-02-28,SFTBY,27.18,27.98,27.12,27.67,351095.0
2025-02-28,TCEHY,61.32,61.94,61.08,61.61,3022909.0
2025-03-03,BYDDY,89.0,89.6,86.6,87.1,1788779.0
2025-03-03,NTDOY,18.25,18.58,18.23,18.39,1238335.0
2025-03-03,SFTBY,27.33,27.9,26.06,26.24,816028.0
2025-03-03,TCEHY,62.34,62.55,60.96,61.08,3122467.0
2025-03-04,BYDDY,85.43,89.48,85.0,89.03,1022355.0
2025-03-04,NTDOY,18.27,18.63,18.25,18.4,1901202.0
2025-03-04,SFTBY,26.15,26.8,25.5,26.18,988126.0
2025-03-04,TCEHY,62.56,64.07,62.29,63.4,4611597.0
2025-03-05,BYDDY,90.79,91.42,88.7,91.25,1228338.0
2025-03-05,NTDOY,18.64,18.84,18.56,18.815,898554.0
2025-03-05,SFTBY,26.45,27.27,26.4,27.17,643434.0
2025-03-05,TCEHY,65.35,67.7,64.99,67.55,7472497.0
2025-03-06,BYDDY,93.65,93.65,91.92,92.36,609111.0
2025-03-06,NTDOY,19.0,19.08,18.73,18.73,2157793.0
2025-03-06,SFTBY,27.3,27.38,26.32,26.42,1183260.0
2025-03-06,TCEHY,69.35,69.99,68.74,68.95,5461811.0
2025-03-07,BACHY,14.75,14.87,14.55,14.6,110170.0
2025-03-07,BASFY,14.2899,14.63,14.27,14.6,557430.0
2025-03-07,BYDDY,91.03,91.36,89.93,90.37,473701.0
2025-03-07,DTEGY,36.24,37.08,36.2,36.89,1778779.0
2025-03-07,NSRGY,101.3199,102.22,101.04,101.9,756473.0
2025-03-07,NTDOY,17.5,17.67,17.31,17.64,1339683.0
2025-03-07,RHHBY,43.3,43.92,43.255,43.81,6610283.0
2025-03-07,SFTBY,26.52,27.69,26.3,27.46,657622.0
2025-03-07,TCEHY,68.15,68.87,67.62,68.22,4664907.0
2025-03-07,VWAGY,11.93,12.15,11.91,12.05,397317.0
2025-03-10,BACHY,14.55,15.12,14.37,14.44,112346.0
2025-03-10,BASFY,14.25,14.43,14.02,14.2,628579.0
2025-03-10,BYDDY,88.1,88.47,86.6,87.1,774637.0
2025-03-10,DTEGY,37.18,37.49,37.125,37.31,1486544.0
2025-03-10,NSRGY,102.8,103.65,101.84,102.44,1077304.0
2025-03-10,NTDOY,16.8,16.89,16.56,16.67,1939949.0
2025-03-10,RHHBY,43.88,43.96,42.95,43.13,6030233.0
2025-03-10,SFTBY,27.38,27.72,25.89,26.27,591350.0
2025-03-10,TCEHY,66.3,66.45,64.94,65.45,9429340.0
2025-03-10,VWAGY,12.14,12.24,11.98,12.03,630845.0
2025-03-11,BACHY,14.675,15.0,14.44,14.55,36400.0
2025-03-11,BASFY,14.27,14.29,13.68,14.04,746068.0
2025-03-11,BYDDY,90.96,90.98,89.11,90.08,491207.0
2025-03-11,DTEGY,37.41,37.41,36.25,36.42,1832255.0
2025-03-11,NSRGY,101.85,101.9,100.2101,100.94,1134160.0
2025-03-11,NTDOY,17.1,17.14,16.855,17.02,1428745.0
2025-03-11,RHHBY,42.62,42.7,41.72,42.27,3122217.0
2025-03-11,SFTBY,26.32,26.98,25.6,26.03,1230438.0
2025-03-11,TCEHY,66.52,67.77,66.08,67.0,6675384.0
2025-03-11,VWAGY,12.19,12.24,11.81,12.22,635764.0
2025-03-12,BACHY,14.38,14.46,14.38,14.45,89622.0
2025-03-12,BASFY,13.955,13.97,13.75,13.9,295886.0
2025-03-12,BYDDY,91.48,92.33,91.18,92.01,713230.0
2025-03-12,DTEGY,36.26,36.54,35.89,36.26,756748.0
2025-03-12,NSRGY,101.04,101.2,100.65,100.86,638108.0
2025-03-12,NTDOY,17.04,17.34,17.04,17.15,1644530.0
2025-03-12,RHHBY,43.83,43.84,43.24,43.69,2320037.0
2025-03-12,SFTBY,26.52,26.82,25.5,26.42,779083.0
2025-03-12,TCEHY,66.38,66.53,65.37,66.33,5461727.0
2025-03-12,VWAGY,11.96,12.29,11.81,12.17,556791.0
2025-03-13,BACHY,14.4835,14.61,14.42,14.61,99495.0
2025-03-13,BASFY,13.87,14.0,13.87,13.95,660287.0
2025-03-13,BYDDY,92.8,94.85,92.69,94.63,1972044.0
2025-03-13,DTEGY,36.43,36.71,36.42,36.57,1151681.0
2025-03-13,NSRGY,100.18,101.15,100.02,101.15,2193760.0
2025-03-13,NTDOY,17.05,17.22,17.05,17.15,1075680.0
2025-03-13,RHHBY,42.93,43.11,42.66,42.87,4744011.0
2025-03-13,SFTBY,26.52,26.58,25.72,26.03,882007.0
2025-03-13,TCEHY,65.4,66.72,65.07,66.32,11009673.0
2025-03-13,VWAGY,11.81,11.93,11.76,11.77,794449.0
2025-03-14,BACHY,14.95,14.95,14.44,14.82,60032.0
2025-03-14,BASFY,14.39,14.44,14.22,14.36,389794.0
2025-03-14,BYDDY,99.87,100.24,99.43,100.09,794610.0
2025-03-14,DTEGY,36.37,36.79,36.3201,36.78,3174361.0
2025-03-14,NSRGY,99.23,101.13,99.05,101.07,993654.0
2025-03-14,NTDOY,17.24,17.53,17.17,17.53,892344.0
2025-03-14,RHHBY,42.61,43.32,40.8113,43.17,12007241.0
2025-03-14,SFTBY,26.4,27.08,26.36,26.9,522542.0
2025-03-14,TCEHY,68.1,68.48,67.63,68.05,6490057.0
2025-03-14,VWAGY,11.96,11.98,11.77,11.92,541985.0
2025-03-17,BACHY,14.9,15.0,14.85,14.97,90724.0
2025-03-17,BASFY,14.29,14.38,14.28,14.37,270318.0
2025-03-17,BYDDY,100.09,102.98,100.07,102.7,973772.0
2025-03-17,DTEGY,36.75,37.06,36.6889,36.99,712855.0
2025-03-17,NSRGY,101.61,102.72,101.61,102.68,1964578.0
2025-03-17,NTDOY,17.43,17.49,17.27,17.38,892500.0
2025-03-17,RHHBY,43.98,44.31,43.95,44.3,10215295.0
2025-03-17,SFTBY,26.8,27.4,26.7,27.14,457656.0
2025-03-17,TCEHY,68.43,70.0,68.07,69.79,6986211.0
2025-03-17,VWAGY,12.08,12.11,12.0,12.07,338150.0
2025-03-18,BACHY,15.2,15.2,15.0,15.04,73547.0
2025-03-18,BASFY,14.49,14.62,14.44,14.55,525157.0
2025-03-18,BYDDY,105.08,106.08,103.93,105.4,1466175.0
2025-03-18,DTEGY,36.66,37.17,36.64,36.85,1686628.0
2025-03-18,NSRGY,102.94,103.55,102.68,103.46,2643446.0
2025-03-18,NTDOY,17.32,17.32,17.04,17.25,1521477.0
2025-03-18,RHHBY,44.06,44.14,43.835,44.09,2567575.0
2025-03-18,SFTBY,26.76,26.99,26.09,26.42,485797.0
2025-03-18,TCEHY,70.12,70.13,68.92,69.49,7385110.0
2025-03-18,VWAGY,12.11,12.2,12.08,12.09,395628.0
2025-03-19,BACHY,15.0,15.23,15.0,15.1,105388.0
2025-03-19,BASFY,14.14,14.29,14.08,14.2,475983.0
2025-03-19,BYDDY,108.5,108.75,106.82,108.48,1144103.0
2025-03-19,DTEGY,36.78,36.804,36.34,36.45,1589115.0
2025-03-19,NSRGY,101.8301,102.6,101.52,102.28,1545974.0
2025-03-19,NTDOY,17.64,18.0,17.5,17.83,1190087.0
2025-03-19,RHHBY,43.5,43.59,41.6074,43.26,8763809.0
2025-03-19,SFTBY,26.03,26.41,25.71,26.12,696124.0
2025-03-19,TCEHY,71.65,71.82,69.21,69.59,6520682.0
2025-03-19,VWAGY,11.8799,11.92,11.79,11.87,313642.0
2025-03-20,BACHY,15.0,15.0,14.6,14.95,104420.0
2025-03-20,BASFY,13.62,13.75,13.6075,13.71,708868.0
2025-03-20,BYDDY,108.89,109.2,107.5,107.75,789949.0
2025-03-20,DTEGY,36.15,36.28,36.04,36.08,830984.0
2025-03-20,NSRGY,102.725,103.6,102.2,103.55,2579009.0
2025-03-20,NTDOY,17.96,17.96,17.7,17.77,545601.0
2025-03-20,RHHBY,43.37,43.5533,43.08,43.34,32769429.0
2025-03-20,SFTBY,26.56,26.57,25.96,26.23,370979.0
2025-03-20,TCEHY,66.29,66.62,65.66,66.14,4198874.0
2025-03-20,VWAGY,11.33,11.41,11.31,11.34,468737.0
2025-03-21,BACHY,14.84,14.89,14.6955,14.78,75280.0
2025-03-21,BASFY,13.53,13.67,13.47,13.61,280394.0
2025-03-21,BYDDY,101.2,101.4,99.62,101.16,844574.0
2025-03-21,DTEGY,36.17,36.5,35.99,36.42,409689.0
2025-03-21,NSRGY,103.07,103.8725,103.04,103.55,3432672.0
2025-03-21,NTDOY,18.21,18.24,18.04,18.18,393048.0
2025-03-21,RHHBY,43.76,43.8925,43.5,43.64,8889584.0
2025-03-21,SFTBY,26.3,26.99,26.24,26.55,395697.0
2025-03-21,TCEHY,65.47,66.38,65.11,65.72,3534410.0
2025-03-21,VWAGY,11.12,11.21,11.04,11.11,297386.0
2025-03-24,BACHY,15.04,15.04,14.7999,14.8,46247.0
2025-03-24,BASFY,13.59,13.6,13.42,13.56,400283.0
2025-03-24,BYDDY,107.5,108.25,104.94,106.67,2254360.0
2025-03-24,DTEGY,36.18,36.33,35.81,35.94,555450.0
2025-03-24,NSRGY,102.54,102.67,101.18,101.45,651748.0
2025-03-24,NTDOY,17.95,17.96,17.76,17.86,865445.0
2025-03-24,RHHBY,43.12,43.3,42.84,42.86,1612972.0
2025-03-24,SFTBY,27.41,27.8,27.03,27.52,616910.0
2025-03-24,TCEHY,65.84,65.98,65.2,65.37,3723800.0
2025-03-24,VWAGY,11.18,11.29,11.13,11.17,239393.0
2025-03-25,BACHY,15.43,15.43,14.68,14.86,45806.0
2025-03-25,BASFY,13.58,13.61,13.46,13.53,337265.0
2025-03-25,BYDDY,101.69,102.12,101.01,101.3,1177543.0
2025-03-25,DTEGY,36.19,36.22,35.95,36.11,730047.0
2025-03-25,NSRGY,101.47,101.7,100.35,100.7,590855.0
2025-03-25,NTDOY,17.98,18.15,17.96,18.02,621134.0
2025-03-25,RHHBY,43.59,43.84,41.57,43.3,2469802.0
2025-03-25,SFTBY,27.23,27.89,27.07,27.41,424376.0
2025-03-25,TCEHY,64.77,65.55,64.68,64.83,2684207.0
2025-03-25,VWAGY,11.28,11.31,11.18,11.29,151399.0
2025-03-26,BACHY,15.43,15.43,14.618,14.78,24042.0
2025-03-26,BASFY,13.35,13.5,13.24,13.27,220387.0
2025-03-26,BYDDY,103.09,103.1,101.85,102.1,734723.0
2025-03-26,DTEGY,35.79,36.29,35.75,35.99,909431.0
2025-03-26,NSRGY,100.24,100.97,99.93,100.37,839109.0
2025-03-26,NTDOY,18.77,18.92,18.5,18.57,908188.0
2025-03-26,RHHBY,42.76,43.34,42.44,42.57,3765357.0
2025-03-26,SFTBY,27.52,27.69,26.51,26.69,548586.0
2025-03-26,TCEHY,65.0,65.49,64.67,64.95,2638800.0
2025-03-26,VWAGY,11.23,11.25,10.83,10.94,276758.0
2025-03-27,BACHY,15.35,15.35,14.77,14.81,52005.0
2025-03-27,BASFY,12.9199,13.05,12.865,12.92,288935.0
2025-03-27,BYDDY,105.24,107.07,104.41,106.09,926861.0
2025-03-27,DTEGY,35.97,36.25,35.97,36.1,788381.0
2025-03-27,NSRGY,101.04,101.86,101.04,101.81,1154482.0
2025-03-27,NTDOY,18.19,18.51,18.13,18.25,1250963.0
2025-03-27,RHHBY,42.36,42.79,42.31,42.34,2762458.0
2025-03-27,SFTBY,26.5,26.98,26.04,26.26,439495.0
2025-03-27,TCEHY,65.45,66.82,65.02,66.49,4716775.0
2025-03-27,VWAGY,10.78,11.03,10.75,10.96,1056373.0
2025-03-28,BACHY,14.838,14.84,14.6,14.63,22658.0
2025-03-28,BASFY,12.87,12.9499,12.81,12.85,293294.0
2025-03-28,BYDDY,105.5,105.5,103.45,104.0,933797.0
2025-03-28,DTEGY,36.59,37.15,36.55,36.98,1172126.0
2025-03-28,NSRGY,102.66,103.11,101.93,102.34,759681.0
2025-03-28,NTDOY,18.1,18.11,17.91,17.94,1434229.0
2025-03-28,RHHBY,41.85,42.13,41.68,41.84,8049412.0
2025-03-28,SFTBY,26.73,26.73,25.26,25.68,441445.0
2025-03-28,TCEHY,65.51,65.7,64.53,65.05,2944908.0
2025-03-28,VWAGY,10.75,10.75,10.64,10.67,897289.0
2025-03-31,BACHY,15.18,15.5,14.94,15.21,82406.0
2025-03-31,BASFY,12.33,12.49,12.25,12.48,289986.0
2025-03-31,BYDDY,100.82,101.66,100.12,101.33,1027752.0
2025-03-31,DTEGY,36.88,37.1825,36.879,37.13,644128.0
2025-03-31,NSRGY,102.2,102.25,100.7,101.22,540287.0
2025-03-31,NTDOY,17.05,17.19,16.8,17.17,3069861.0
2025-03-31,RHHBY,41.3,41.37,40.91,41.12,3130638.0
2025-03-31,SFTBY,25.14,25.31,24.66,25.22,782371.0
2025-03-31,TCEHY,63.5,64.05,63.12,63.84,4859069.0
2025-03-31,VWAGY,10.32,10.37,10.27,10.33,501013.0
2025-04-01,BACHY,15.04,15.04,14.64,14.82,48578.0
2025-04-01,BASFY,12.5,12.61,12.46,12.59,320917.0
2025-04-01,BYDDY,99.68,99.76,97.7,98.72,913900.0
2025-04-01,DTEGY,37.22,37.39,37.12,37.29,667051.0
2025-04-01,NSRGY,102.46,102.51,101.62,101.91,816659.0
2025-04-01,NTDOY,17.17,17.33,16.95,17.14,8021410.0
2025-04-01,RHHBY,41.48,41.53,40.99,41.13,2790076.0
2025-04-01,SFTBY,25.22,25.4,24.54,25.27,552079.0
2025-04-01,TCEHY,64.76,64.89,64.0,64.58,2256445.0
2025-04-01,VWAGY,10.38,10.43,10.25,10.26,845490.0
2025-04-02,BACHY,14.45,15.0,14.45,14.91,62305.0
2025-04-02,BASFY,12.39,12.55,12.36,12.55,148113.0
2025-04-02,BYDDY,98.23,98.45,97.2,97.6,767636.0
2025-04-02,DTEGY,37.03,37.16,36.8175,36.96,856625.0
2025-04-02,NSRGY,102.08,102.17,101.18,101.73,666445.0
2025-04-02,NTDOY,17.58,17.785,17.29,17.36,5357871.0
2025-04-02,RHHBY,40.22,40.65,38.57,39.01,5578633.0
2025-04-02,SFTBY,25.0,25.36,24.5,25.12,443176.0
2025-04-02,TCEHY,64.16,64.93,63.9,64.02,1278767.0
2025-04-02,VWAGY,10.22,10.41,10.22,10.41,170146.0
2025-04-03,BACHY,14.43,14.84,14.43,14.7,49329.0
2025-04-03,BASFY,12.23,12.27,11.85,11.88,337150.0
2025-04-03,BYDDY,95.17,96.07,95.0,95.66,734154.0
2025-04-03,DTEGY,37.86,37.98,37.37,37.43,609541.0
2025-04-03,NSRGY,105.29,106.08,104.99,105.08,1281501.0
2025-04-03,NTDOY,17.06,17.1,16.59,16.71,9976985.0
2025-04-03,RHHBY,40.58,40.9,40.02,40.06,7313173.0
2025-04-03,SFTBY,24.27,24.4,23.25,23.44,573499.0
2025-04-03,TCEHY,63.01,64.59,63.01,64.26,4297935.0
2025-04-03,VWAGY,10.3,10.35,10.03,10.03,1289254.0
2025-04-04,BACHY,14.5,14.6,13.79,14.17,145528.0
2025-04-04,BASFY,11.45,11.5,11.2,11.34,598981.0
2025-04-04,BYDDY,90.1,90.63,86.4,88.16,1876803.0
2025-04-04,DTEGY,37.11,37.16,35.45,35.63,1427178.0
2025-04-04,NSRGY,104.67,104.87,100.64,100.76,1116955.0
2025-04-04,NTDOY,16.65,16.71,15.25,15.89,3303426.0
2025-04-04,RHHBY,38.7899,40.495,37.44,37.85,7100075.0
2025-04-04,SFTBY,22.8,23.1,20.6,20.95,847508.0
2025-04-04,TCEHY,60.01,60.7,58.1,59.91,13776382.0
2025-04-04,VWAGY,9.815,9.89,9.63,9.72,1040056.0
2025-04-07,BACHY,13.01,13.514,13.01,13.08,138511.0
2025-04-07,BASFY,11.1,11.68,10.85,11.23,955757.0
2025-04-07,BYDDY,84.6,85.32,79.61,80.72,1710358.0
2025-04-07,DTEGY,34.2,35.47,33.96,34.56,1156757.0
2025-04-07,NSRGY,97.9,99.39,96.04,97.38,1462889.0
2025-04-07,NTDOY,15.52,16.5,15.3,16.12,2434846.0
2025-04-07,RHHBY,35.72,37.07,35.29,36.18,5864461.0
2025-04-07,SFTBY,20.0,22.53,19.86,21.05,2649022.0
2025-04-07,TCEHY,55.77,58.58,53.93,55.27,13330051.0
2025-04-07,VWAGY,9.49,10.15,9.41,9.6,1045249.0
2025-04-08,BACHY,12.94,13.3906,12.69,12.83,125399.0
2025-04-08,BASFY,11.44,11.44,10.75,10.78,1330835.0
2025-04-08,BYDDY,86.77,87.0,81.09,82.41,3347193.0
2025-04-08,DTEGY,34.6,35.19,34.22,34.5,1666112.0
2025-04-08,NSRGY,99.84,100.11,97.28,97.93,952584.0
2025-04-08,NTDOY,17.0,17.36,16.27,16.43,1836344.0
2025-04-08,RHHBY,37.13,37.16,35.51,35.6,2534993.0
2025-04-08,SFTBY,22.58,23.36,20.54,21.02,994295.0
2025-04-08,TCEHY,57.09,57.34,53.38,53.99,10102288.0
2025-04-08,VWAGY,9.705,9.72,9.197,9.36,546331.0
2025-04-09,BACHY,13.2,13.5,12.74,13.33,363185.0
2025-04-09,BASFY,10.88,11.95,10.86,11.91,1204586.0
2025-04-09,BYDDY,84.56,88.0,83.65,87.5,1665346.0
2025-04-09,DTEGY,34.56,36.89,34.56,36.82,925920.0
2025-04-09,NSRGY,98.03,102.79,97.67,102.51,1003866.0
2025-04-09,NTDOY,15.87,17.65,15.75,17.48,5201599.0
2025-04-09,RHHBY,34.98,37.58,34.75,37.06,5288464.0
2025-04-09,SFTBY,21.4,25.0,20.73,23.74,1363217.0
2025-04-09,TCEHY,54.62,56.3,52.3,56.25,15316627.0
2025-04-09,VWAGY,9.5,10.35,9.43,9.95,832293.0
2025-04-10,BACHY,13.665,13.67,13.15,13.28,126558.0
2025-04-10,BASFY,11.59,11.62,11.23,11.47,908331.0
2025-04-10,BYDDY,89.0,92.48,86.67,90.36,1248362.0
2025-04-10,DTEGY,36.17,37.07,35.85,36.4,1017374.0
2025-04-10,NSRGY,100.31,102.88,100.0,102.79,1144733.0
2025-04-10,NTDOY,17.4,17.67,16.95,17.14,3867733.0
2025-04-10,RHHBY,36.64,36.97,36.02,36.62,4454626.0
2025-04-10,SFTBY,22.35,22.92,21.01,21.98,1816207.0
2025-04-10,TCEHY,56.58,56.99,55.17,56.06,7475348.0
2025-04-10,VWAGY,9.86,9.9,9.7,9.9,301521.0
2025-04-11,BACHY,13.42,14.13,13.42,14.02,177721.0
2025-04-11,BASFY,11.46,11.84,11.41,11.8,441374.0
2025-04-11,BYDDY,95.42,96.4,93.62,96.33,988190.0
2025-04-11,DTEGY,35.05,35.18,34.46,35.04,1424917.0
2025-04-11,NSRGY,103.82,105.71,103.54,105.65,771687.0
2025-04-11,NTDOY,17.66,17.66,17.16,17.45,1200808.0
2025-04-11,RHHBY,37.19,38.28,36.87,38.04,5248650.0
2025-04-11,SFTBY,23.0,23.66,22.41,23.31,1137331.0
2025-04-11,TCEHY,55.35,57.68,55.06,57.4,8080699.0
2025-04-11,VWAGY,9.84,10.0606,9.82,9.97,441802.0
2025-04-14,BACHY,14.1201,14.47,14.12,14.3,109917.0
2025-04-14,BASFY,11.82,11.96,11.72,11.9,611477.0
2025-04-14,BYDDY,98.5,99.08,97.28,98.38,883765.0
2025-04-14,DTEGY,35.32,35.86,35.27,35.72,845741.0
2025-04-14,NSRGY,103.45,105.75,103.44,104.92,1405359.0
2025-04-14,NTDOY,18.02,18.28,17.91,18.22,1274685.0
2025-04-14,RHHBY,37.76,38.57,37.72,38.42,4474773.0
2025-04-14,SFTBY,23.86,24.57,23.52,24.02,1129420.0
2025-04-14,TCEHY,58.0,59.7,57.9,59.05,5239943.0
2025-04-14,VWAGY,10.11,10.33,10.01,10.25,378808.0
2025-04-15,BACHY,14.25,14.38,14.21,14.29,66500.0
2025-04-15,BASFY,11.8725,11.91,11.77,11.79,285503.0
2025-04-15,BYDDY,97.9,97.9,96.33,96.37,632267.0
2025-04-15,DTEGY,35.83,36.1,35.68,35.79,788518.0
2025-04-15,NSRGY,104.61,105.43,104.28,104.31,1544279.0
2025-04-15,NTDOY,18.1,18.19,17.77,17.91,1180867.0
2025-04-15,RHHBY,38.4801,44.0194,38.42,38.56,3088594.0
2025-04-15,SFTBY,24.3,24.5,23.7,23.96,1666275.0
2025-04-15,TCEHY,58.57,59.19,58.45,58.79,2089673.0
2025-04-15,VWAGY,10.34,10.36,10.21,10.25,215369.0
2025-04-16,BACHY,14.245,14.34,13.9,14.07,119395.0
2025-04-16,BASFY,11.81,11.96,11.78,11.82,200440.0
2025-04-16,BYDDY,94.85,94.9,92.37,92.74,794477.0
2025-04-16,DTEGY,36.16,36.51,36.15,36.36,1242761.0
2025-04-16,NSRGY,105.66,106.38,103.81,104.41,2239825.0
2025-04-16,NTDOY,17.8,17.81,17.34,17.5,1206159.0
2025-04-16,RHHBY,38.61,39.06,38.48,38.63,5290693.0
2025-04-16,SFTBY,23.79,23.94,22.99,23.32,906824.0
2025-04-16,TCEHY,57.68,58.43,57.53,57.8,3216082.0
2025-04-16,VWAGY,10.21,10.26,10.1,10.16,275482.0
2025-04-17,BACHY,14.11,14.41,14.11,14.41,72909.0
2025-04-17,BASFY,11.86,11.98,11.8,11.91,306434.0
2025-04-17,BYDDY,93.9,94.1,91.65,91.87,872802.0
2025-04-17,DTEGY,36.2,36.44,36.07,36.18,611432.0
2025-04-17,NSRGY,106.6999,107.99,106.31,107.72,1591176.0
2025-04-17,NTDOY,18.24,18.24,17.98,18.06,1217696.0
2025-04-17,RHHBY,39.21,39.2737,38.78,39.07,4774852.0
2025-04-17,SFTBY,24.02,24.14,23.61,23.75,443781.0
2025-04-17,TCEHY,58.6,58.88,57.98,58.0,1344811.0
2025-04-17,VWAGY,10.26,10.41,10.26,10.39,223352.0
2025-04-21,BACHY,14.3,14.63,14.0,14.07,101455.0
2025-04-21,BASFY,12.18,12.18,11.58,11.79,272705.0
2025-04-21,BYDDY,92.11,92.35,90.47,91.67,1271956.0
2025-04-21,DTEGY,37.21,37.21,35.87,36.14,539374.0
2025-04-21,NSRGY,109.0,109.0,106.89,108.19,714031.0
2025-04-21,NTDOY,18.14,18.21,17.95,17.97,948857.0
2025-04-21,RHHBY,39.16,39.41,38.59,38.78,2296800.0
2025-04-21,SFTBY,23.64,23.65,22.9,23.19,638772.0
2025-04-21,TCEHY,58.35,58.69,57.31,58.02,1678099.0
2025-04-21,VWAGY,10.35,10.7,10.12,10.22,280905.0
2025-04-22,BACHY,14.345,14.5,14.19,14.31,125793.0
2025-04-22,BASFY,11.9601,12.46,11.94,12.42,455696.0
2025-04-22,BYDDY,96.3,99.17,96.3,98.37,1386930.0
2025-04-22,DTEGY,36.43,36.97,36.26,36.79,493765.0
2025-04-22,NSRGY,108.6,109.31,104.41,108.8,669049.0
2025-04-22,NTDOY,18.16,18.35,18.08,18.19,1178273.0
2025-04-22,RHHBY,38.56,39.26,38.56,39.0,2365634.0
2025-04-22,SFTBY,23.36,24.4,23.32,24.19,761167.0
2025-04-22,TCEHY,59.0,60.34,58.91,60.1,2767204.0
2025-04-22,VWAGY,10.65,10.82,10.63,10.75,613107.0
2025-04-23,BACHY,14.28,14.28,13.74,13.95,99882.0
2025-04-23,BASFY,12.495,12.65,12.32,12.44,348968.0
2025-04-23,BYDDY,102.0,102.22,100.23,100.72,737918.0
2025-04-23,DTEGY,36.64,37.69,36.53,37.24,559044.0
2025-04-23,NSRGY,105.06,105.96,103.74,105.75,1218778.0
2025-04-23,NTDOY,18.4,18.73,18.4,18.52,1196734.0
2025-04-23,RHHBY,38.99,39.25,38.85,39.08,2672116.0
2025-04-23,SFTBY,24.58,24.9,23.8,24.27,558309.0
2025-04-23,TCEHY,61.22,62.17,61.13,61.43,4385286.0
2025-04-23,VWAGY,10.96,11.05,10.84,10.87,366757.0
2025-04-24,BACHY,13.74,13.99,13.74,13.93,73710.0
2025-04-24,BASFY,12.495,12.7,12.49,12.69,189122.0
2025-04-24,BYDDY,101.42,102.49,101.16,102.2,736879.0
2025-04-24,DTEGY,37.27,37.5,37.06,37.43,511551.0
2025-04-24,NSRGY,106.01,106.06,105.24,105.43,958587.0
2025-04-24,NTDOY,19.55,19.86,19.55,19.82,3617692.0
2025-04-24,RHHBY,39.4,39.96,39.15,39.77,6108335.0
2025-04-24,SFTBY,24.3001,25.56,24.3,25.56,910340.0
2025-04-24,TCEHY,60.95,61.64,60.95,61.25,1672744.0
2025-04-24,VWAGY,11.08,11.27,11.04,11.27,465003.0
2025-04-25,BACHY,14.14,14.14,13.92,13.98,134768.0
2025-04-25,BASFY,12.83,12.83,12.67,12.79,152899.0
2025-04-25,BYDDY,104.75,105.0,102.61,103.99,551206.0
2025-04-25,DTEGY,36.31,36.372,35.38,35.56,451230.0
2025-04-25,NSRGY,104.49,104.68,103.17,103.42,518264.0
2025-04-25,NTDOY,19.76,19.9,19.7,19.875,967177.0
2025-04-25,RHHBY,39.49,39.77,39.3,39.48,3267142.0
2025-04-25,SFTBY,25.32,25.5,24.85,25.4,300945.0
2025-04-25,TCEHY,61.5,62.31,61.3,61.98,1829614.0
2025-04-25,VWAGY,11.3,11.38,11.21,11.32,333675.0
2025-04-28,BACHY,14.14,14.18,14.0,14.14,76039.0
2025-04-28,BASFY,12.92,13.03,12.8,13.03,175913.0
2025-04-28,BYDDY,99.72,99.8,99.1,99.13,784273.0
2025-04-28,DTEGY,35.15,35.3,34.95,35.23,2010753.0
2025-04-28,NSRGY,103.52,105.44,103.43,105.2,623638.0
2025-04-28,NTDOY,20.0,20.27,19.93,20.27,1134064.0
2025-04-28,RHHBY,39.93,40.59,39.91,40.54,4988344.0
2025-04-28,SFTBY,24.58,25.4,24.0,25.27,463192.0
2025-04-28,TCEHY,62.17,62.22,61.5,61.78,813476.0
2025-04-28,VWAGY,11.52,11.53,11.15,11.15,436841.0
2025-04-29,BACHY,13.95,14.02,13.76,14.02,73518.0
2025-04-29,BASFY,12.83,12.92,12.8145,12.91,178322.0
2025-04-29,BYDDY,96.2,96.56,95.9,96.33,631418.0
2025-04-29,DTEGY,35.37,35.43,35.16,35.34,5307218.0
2025-04-29,NSRGY,105.17,107.0544,104.99,105.06,966560.0
2025-04-29,NTDOY,20.2,20.33,20.2,20.23,754687.0
2025-04-29,RHHBY,40.97,41.09,40.6,40.66,4981616.0
2025-04-29,SFTBY,24.7,25.69,24.7,25.28,226487.0
2025-04-29,TCEHY,61.0,61.2,60.81,60.92,983595.0
2025-04-29,VWAGY,11.35,11.44,11.2,11.39,219767.0
2025-04-30,BACHY,13.78,14.14,13.78,13.97,33066.0
2025-04-30,BASFY,12.58,12.79,12.495,12.79,164507.0
2025-04-30,BYDDY,95.06,95.7,94.17,95.13,428868.0
2025-04-30,DTEGY,35.83,35.93,35.52,35.83,469436.0
2025-04-30,NSRGY,105.89,106.82,105.17,106.59,509977.0
2025-04-30,NTDOY,20.5,20.88,20.31,20.835,1408207.0
2025-04-30,RHHBY,41.01,41.085,40.61,40.89,2834729.0
2025-04-30,SFTBY,25.39,25.45,24.45,25.39,674477.0
2025-04-30,TCEHY,61.25,61.25,60.54,61.06,2025404.0
2025-04-30,VWAGY,11.17,11.17,10.86,11.09,277690.0
2025-05-01,BACHY,13.89,14.0649,13.88,14.02,49052.0
2025-05-01,BASFY,12.53,12.8,12.53,12.74,250243.0
2025-05-01,BYDDY,95.9,96.4,95.03,95.14,304481.0
2025-05-01,DTEGY,36.1799,37.34,35.08,35.85,519397.0
2025-05-01,NSRGY,108.08,108.1,105.4,105.51,499826.0
2025-05-01,NTDOY,21.02,21.12,20.9,20.9,912474.0
2025-05-01,RHHBY,41.0,43.05,39.31,39.81,3372876.0
2025-05-01,SFTBY,25.64,25.83,25.43,25.43,401786.0
2025-05-01,TCEHY,61.11,61.69,60.94,61.36,2430968.0
2025-05-01,VWAGY,11.0,11.38,10.86,11.13,164291.0
2025-05-02,BACHY,14.09,14.09,13.85,13.85,66792.0
2025-05-02,BASFY,12.55,12.59,12.28,12.46,300906.0
2025-05-02,BYDDY,98.52,99.77,98.52,99.62,580126.0
2025-05-02,DTEGY,36.01,36.21,35.83,35.87,540538.0
2025-05-02,NSRGY,106.28,106.49,105.68,105.85,426459.0
2025-05-02,NTDOY,21.47,21.73,21.12,21.69,1739066.0
2025-05-02,RHHBY,41.31,41.39,40.78,41.24,4107223.0
2025-05-02,SFTBY,26.0,26.32,25.21,26.16,498704.0
2025-05-02,TCEHY,63.5,64.18,63.12,63.95,4217931.0
2025-05-02,VWAGY,11.1,11.19,11.07,11.09,292971.0
2025-05-05,BACHY,14.01,14.1,13.86,13.95,89817.0
2025-05-05,BASFY,12.27,12.6,12.27,12.38,418580.0
2025-05-05,BYDDY,100.61,100.74,99.55,99.94,599914.0
2025-05-05,DTEGY,36.39,36.5,36.13,36.21,672433.0
2025-05-05,NSRGY,106.1401,106.78,106.0,106.16,474446.0
2025-05-05,NTDOY,21.49,21.9,21.49,21.9,846545.0
2025-05-05,RHHBY,41.65,41.67,41.2,41.34,4613350.0
2025-05-05,SFTBY,25.52,26.52,25.52,26.3,561335.0
2025-05-05,TCEHY,63.17,63.88,63.03,63.64,805127.0
2025-05-05,VWAGY,11.2,11.2225,11.09,11.12,119679.0
2025-05-06,BACHY,14.14,14.26,13.95,14.19,63207.0
2025-05-06,BASFY,11.97,12.1,11.84,12.0,274280.0
2025-05-06,BYDDY,100.19,101.17,99.54,100.09,843623.0
2025-05-06,DTEGY,36.35,36.771,36.24,36.31,963209.0
2025-05-06,NSRGY,106.3,107.2,106.3,106.89,593028.0
2025-05-06,NTDOY,22.08,22.08,21.55,21.7,1212913.0
2025-05-06,RHHBY,41.32,41.34,39.75,40.77,4446474.0
2025-05-06,SFTBY,25.87,26.37,25.55,26.08,223255.0
2025-05-06,TCEHY,63.97,65.19,63.94,64.89,2598340.0
2025-05-06,VWAGY,11.04,11.12,11.0,11.0,290677.0
2025-05-07,BACHY,14.23,14.26,14.13,14.23,39393.0
2025-05-07,BASFY,11.99,12.0,11.87,11.87,250158.0
2025-05-07,BYDDY,100.6,100.75,98.01,98.29,655732.0
2025-05-07,DTEGY,36.3,36.42,36.0,36.0,2050973.0
2025-05-07,NSRGY,107.44,107.83,106.91,106.91,508563.0
2025-05-07,NTDOY,21.49,21.64,21.35,21.52,1007724.0
2025-05-07,RHHBY,40.47,40.6,40.2,40.37,2662617.0
2025-05-07,SFTBY,25.77,26.3,25.6,25.97,387761.0
2025-05-07,TCEHY,63.49,63.59,62.29,62.49,2570855.0
2025-05-07,VWAGY,11.08,11.11,11.0,11.01,257655.0
2025-05-08,BACHY,14.315,14.45,14.17,14.35,111507.0
2025-05-08,BASFY,12.02,12.22,11.96,11.99,262146.0
2025-05-08,BYDDY,99.1,100.19,98.73,99.91,397517.0
2025-05-08,DTEGY,36.03,36.11,35.8,35.86,445315.0
2025-05-08,NSRGY,105.65,106.72,104.89,104.92,386264.0
2025-05-08,NTDOY,20.5,21.55,19.15,20.9,4106623.0
2025-05-08,RHHBY,39.76,39.81,38.63,39.16,3995707.0
2025-05-08,SFTBY,25.02,25.9,25.0,25.5,691941.0
2025-05-08,TCEHY,63.99,64.67,63.61,64.39,2269659.0
2025-05-08,VWAGY,11.26,11.3575,11.2325,11.28,331215.0
2025-05-09,BACHY,14.5,14.5,14.16,14.42,83541.0
2025-05-09,BASFY,12.19,12.29,12.08,12.12,211149.0
2025-05-09,BYDDY,100.0,100.0,99.07,99.28,496594.0
2025-05-09,DTEGY,36.36,36.49,36.29,36.34,397623.0
2025-05-09,NSRGY,104.83,105.8,104.83,105.59,871719.0
2025-05-09,NTDOY,20.47,20.47,20.1,20.12,1823458.0
2025-05-09,RHHBY,38.73,38.86,38.23,38.27,3971746.0
2025-05-09,SFTBY,25.9199,25.92,25.07,25.4,497159.0
2025-05-09,TCEHY,64.04,64.15,63.25,63.28,1995557.0
2025-05-09,VWAGY,11.36,11.48,11.36,11.42,269711.0
2025-05-12,BACHY,14.56,14.76,14.56,14.62,50779.0
2025-05-12,BASFY,12.64,12.75,12.3,12.45,305752.0
2025-05-12,BYDDY,105.48,106.48,105.296,106.24,1240857.0
2025-05-12,DTEGY,35.2,35.28,34.936,35.16,588978.0
2025-05-12,NSRGY,102.59,102.59,101.41,102.19,611189.0
2025-05-12,NTDOY,20.25,20.28,19.83,20.09,1108216.0
2025-05-12,RHHBY,37.85,39.54,37.8,39.22,5884390.0
2025-05-12,SFTBY,26.02,26.78,25.55,26.61,1893640.0
2025-05-12,TCEHY,66.16,66.51,65.88,66.22,7028785.0
2025-05-12,VWAGY,11.67,11.72,11.4,11.49,449413.0
2025-05-13,BACHY,14.685,14.75,14.685,14.71,83588.0
2025-05-13,BASFY,12.61,12.74,12.52,12.67,252668.0
2025-05-13,BYDDY,102.1,103.38,101.68,102.95,713656.0
2025-05-13,DTEGY,35.42,35.47,35.23,35.43,607707.0
2025-05-13,NSRGY,101.9799,101.98,100.83,101.15,577745.0
2025-05-13,NTDOY,20.61,20.69,20.27,20.56,880088.0
2025-05-13,RHHBY,38.64,38.64,38.23,38.43,2599164.0
2025-05-13,SFTBY,26.85,27.2,26.22,26.89,966532.0
2025-05-13,TCEHY,65.35,66.11,65.15,65.61,2367528.0
2025-05-13,VWAGY,11.69,11.88,11.69,11.88,453842.0
2025-05-14,BACHY,14.9545,15.07,14.95,15.04,59653.0
2025-05-14,BASFY,12.7,12.7,12.261,12.36,306790.0
2025-05-14,BYDDY,105.87,107.57,105.86,106.81,1285386.0
2025-05-14,DTEGY,35.59,35.71,35.3,35.57,431835.0
2025-05-14,NSRGY,101.51,101.752,101.03,101.17,417389.0
2025-05-14,NTDOY,20.0,20.1,19.67,19.74,800671.0
2025-05-14,RHHBY,38.56,38.58,37.31,37.45,4473727.0
2025-05-14,SFTBY,26.82,27.32,26.76,27.07,1035304.0
2025-05-14,TCEHY,67.45,68.53,66.65,67.88,5539005.0
2025-05-14,VWAGY,11.85,11.87,11.71,11.75,344160.0
2025-05-15,BACHY,15.56,15.56,14.85,14.85,28131.0
2025-05-15,BASFY,12.5399,12.54,12.31,12.41,137946.0
2025-05-15,BYDDY,108.0,108.0,106.03,107.07,416850.0
2025-05-15,DTEGY,35.87,36.54,35.85,36.4,1587875.0
2025-05-15,NSRGY,102.31,103.845,102.31,103.8,592455.0
2025-05-15,NTDOY,19.52,19.75,19.41,19.64,467556.0
2025-05-15,RHHBY,38.16,38.39,35.07,38.3,7242509.0
2025-05-15,SFTBY,27.0,27.06,26.5,26.85,487455.0
2025-05-15,TCEHY,66.72,66.72,65.8,66.16,3261634.0
2025-05-15,VWAGY,11.63,11.84,11.63,11.74,325739.0
2025-05-16,BACHY,15.52,15.52,14.83,14.86,31822.0
2025-05-16,BASFY,12.35,12.35,11.94,12.06,610734.0
2025-05-16,BYDDY,111.21,112.29,111.0,111.27,868738.0
2025-05-16,DTEGY,36.64,36.96,36.44,36.93,503469.0
2025-05-16,NSRGY,102.86,103.27,102.565,103.27,517105.0
2025-05-16,NTDOY,19.8,20.17,19.8,20.07,992233.0
2025-05-16,RHHBY,38.27,39.16,36.27,38.88,3249378.0
2025-05-16,SFTBY,26.85,27.01,26.51,26.79,822842.0
2025-05-16,TCEHY,65.5,65.75,65.03,65.47,1563621.0
2025-05-16,VWAGY,11.7,11.71,11.5,11.66,200480.0
2025-05-19,BACHY,14.8,15.07,14.76,14.8,34474.0
2025-05-19,BASFY,12.21,12.34,12.05,12.3,430098.0
2025-05-19,BYDDY,111.26,111.71,110.22,111.24,425799.0
2025-05-19,DTEGY,37.4801,37.74,37.39,37.58,1140517.0
2025-05-19,NSRGY,104.07,105.0,102.9877,104.84,860676.0
2025-05-19,NTDOY,19.9,20.01,19.85,19.95,2370822.0
2025-05-19,RHHBY,38.81,39.36,38.78,39.24,4610339.0
2025-05-19,SFTBY,25.82,26.42,25.76,26.35,542365.0
2025-05-19,TCEHY,65.31,66.0,65.13,65.99,1141440.0
2025-05-19,VWAGY,12.0,12.07,11.75,11.85,346963.0
2025-05-20,BACHY,14.91,14.96,14.9,14.94,40129.0
2025-05-20,BASFY,12.2899,12.29,12.08,12.17,211841.0
2025-05-20,BYDDY,114.38,114.63,113.1,114.35,453658.0
2025-05-20,DTEGY,37.82,38.21,37.71,38.03,2418272.0
2025-05-20,NSRGY,105.84,106.16,105.58,106.04,597474.0
2025-05-20,NTDOY,19.99,19.99,19.77,19.9,572297.0
2025-05-20,RHHBY,39.8,39.83,37.7,39.73,2198522.0
2025-05-20,SFTBY,26.04,26.73,26.04,26.44,577370.0
2025-05-20,TCEHY,66.17,66.49,65.77,66.4,1571981.0
2025-05-20,VWAGY,11.27,11.35,11.22,11.31,293642.0
2025-05-21,BACHY,14.955,14.96,14.71,14.71,38558.0
2025-05-21,BASFY,12.1,12.1845,12.03,12.05,96488.0
2025-05-21,BYDDY,118.94,120.3,117.61,118.35,783639.0
2025-05-21,DTEGY,38.7,38.995,38.58,38.65,1066739.0
2025-05-21,NSRGY,106.83,107.49,106.7,106.82,562786.0
2025-05-21,NTDOY,19.69,19.75,19.36,19.4,606326.0
2025-05-21,RHHBY,39.87,39.9,39.38,39.46,2884162.0
2025-05-21,SFTBY,26.44,26.7,25.85,26.0,480762.0
2025-05-21,TCEHY,66.75,67.14,65.95,66.19,3232425.0
2025-05-21,VWAGY,11.34,11.34,11.14,11.2,412350.0
2025-05-22,BACHY,14.78,14.9,14.64,14.78,70152.0
2025-05-22,BASFY,11.9,12.0,11.88,11.98,178054.0
2025-05-22,BYDDY,118.0,118.06,116.68,117.26,620851.0
2025-05-22,DTEGY,38.49,38.82,38.45,38.75,1675510.0
2025-05-22,NSRGY,106.13,106.816,105.73,106.53,621457.0
2025-05-22,NTDOY,19.48,19.65,19.35,19.5,442839.0
2025-05-22,RHHBY,38.88,40.5,38.83,39.29,2312577.0
2025-05-22,SFTBY,26.45,26.45,25.61,25.96,533369.0
2025-05-22,TCEHY,66.18,66.18,65.26,65.37,2720842.0
2025-05-22,VWAGY,11.06,11.13,10.94,11.13,331071.0
2025-05-23,BACHY,14.64,15.14,14.64,14.64,65610.0
2025-05-23,BASFY,11.68,11.79,11.66,11.71,284378.0
2025-05-23,BYDDY,117.98,118.98,117.26,118.27,453931.0
2025-05-23,DTEGY,38.29,38.5,38.107,38.41,428503.0
2025-05-23,NSRGY,107.08,108.2,106.76,108.08,578538.0
2025-05-23,NTDOY,20.08,20.55,20.08,20.5,903021.0
2025-05-23,RHHBY,39.03,39.79,39.02,39.59,1759671.0
2025-05-23,SFTBY,25.96,26.49,25.52,25.93,624006.0
2025-05-23,TCEHY,64.97,65.9,64.97,65.76,1432170.0
2025-05-23,VWAGY,10.89,10.89,10.77,10.77,664938.0
2025-05-27,BACHY,14.7015,15.05,14.7,14.82,148614.0
2025-05-27,BASFY,12.04,12.14,12.04,12.14,368930.0
2025-05-27,BYDDY,107.19,107.95,106.62,107.33,1483960.0
2025-05-27,DTEGY,38.9099,39.0,38.8,38.89,470306.0
2025-05-27,NSRGY,108.3,108.38,107.01,107.25,581012.0
2025-05-27,NTDOY,21.05,21.45,20.9,21.01,5127181.0
2025-05-27,RHHBY,39.79,39.85,39.39,39.52,1458907.0
2025-05-27,SFTBY,26.99,27.59,26.8,27.53,742280.0
2025-05-27,TCEHY,65.35,65.5,65.07,65.28,1456164.0
2025-05-27,VWAGY,11.12,11.13,10.848,10.93,315196.0
2025-05-28,BACHY,14.585,14.65,14.51,14.61,61240.0
2025-05-28,BASFY,12.06,12.19,11.92,11.99,320041.0
2025-05-28,BYDDY,103.61,103.9,102.16,102.45,1072435.0
2025-05-28,DTEGY,38.16,38.2,37.66,37.8,461801.0
2025-05-28,NSRGY,105.78,106.36,105.5,105.71,769567.0
2025-05-28,NTDOY,21.01,21.27,20.87,20.89,1237801.0
2025-05-28,RHHBY,39.3099,39.48,39.17,39.28,1120664.0
2025-05-28,SFTBY,27.2,27.43,27.01,27.19,496234.0
2025-05-28,TCEHY,64.53,64.55,63.74,63.85,1737533.0
2025-05-28,VWAGY,11.16,11.26,10.995,11.05,297796.0
2025-05-29,BACHY,14.7,14.7,14.6,14.64,124285.0
2025-05-29,BASFY,12.06,12.09,11.99,12.08,229631.0
2025-05-29,BYDDY,103.95,104.5,102.45,103.01,588376.0
2025-05-29,DTEGY,37.81,37.83,37.58,37.63,432790.0
2025-05-29,NSRGY,106.05,106.79,105.03,106.43,453287.0
2025-05-29,NTDOY,21.0,21.48,20.93,21.02,1638160.0
2025-05-29,RHHBY,39.34,39.64,39.05,39.52,1029897.0
2025-05-29,SFTBY,27.1,27.19,26.28,26.39,986151.0
2025-05-29,TCEHY,64.88,64.88,64.1,64.25,1713165.0
2025-05-29,VWAGY,11.03,11.05,10.97,11.04,147461.0
2025-05-30,BACHY,14.43,14.51,14.405,14.47,50258.0
2025-05-30,BASFY,12.08,12.08,11.89,12.01,119427.0
2025-05-30,BYDDY,100.17,100.2,98.5,99.16,1836097.0
2025-05-30,DTEGY,37.88,37.96,37.66,37.96,420970.0
2025-05-30,NSRGY,106.72,107.16,106.08,106.63,410509.0
2025-05-30,NTDOY,20.44,20.67,20.23,20.44,1070104.0
2025-05-30,RHHBY,40.15,40.45,39.92,40.42,2530604.0
2025-05-30,SFTBY,26.51,26.89,25.53,26.11,447573.0
2025-05-30,TCEHY,63.28,63.54,62.14,62.78,2661366.0
2025-05-30,VWAGY,11.01,11.02,10.9,10.95,81499.0
2025-06-02,BACHY,14.65,14.65,14.248,14.33,99888.0
2025-06-02,BASFY,12.0,12.1,11.93,12.1,281599.0
2025-06-02,BYDDY,99.0,99.48,98.41,99.28,485445.0
2025-06-02,DTEGY,37.595,38.07,35.8042,38.04,542624.0
2025-06-02,NSRGY,106.09,106.64,105.88,106.5,517504.0
2025-06-02,NTDOY,20.46,20.63,20.3,20.44,3109271.0
2025-06-02,RHHBY,40.39,40.7,40.28,40.7,1324197.0
2025-06-02,SFTBY,25.81,26.32,25.69,26.29,953352.0
2025-06-02,TCEHY,63.4,64.28,63.31,64.2,1954379.0
2025-06-02,VWAGY,10.77,10.85,10.77,10.81,444089.0
2025-06-03,BACHY,14.945,15.05,14.62,14.67,80494.0
2025-06-03,BASFY,11.77,11.99,11.77,11.9,291501.0
2025-06-03,BYDDY,103.12,103.14,102.3,102.75,559174.0
2025-06-03,DTEGY,38.32,38.41,37.9575,38.08,667794.0
2025-06-03,NSRGY,106.05,106.05,105.23,105.43,448801.0
2025-06-03,NTDOY,20.5,20.54,20.3,20.44,1102394.0
2025-06-03,RHHBY,40.05,40.14,39.82,40.02,2031534.0
2025-06-03,SFTBY,25.86,26.22,25.53,26.0,767671.0
2025-06-03,TCEHY,64.5,64.64,64.06,64.26,1707228.0
2025-06-03,VWAGY,10.67,10.88,10.65,10.85,151541.0
2025-06-04,BACHY,14.51,14.63,14.45,14.59,53562.0
2025-06-04,BASFY,11.9075,12.02,11.9,11.95,129896.0
2025-06-04,BYDDY,103.68,105.04,103.6,104.86,463214.0
2025-06-04,DTEGY,38.23,38.63,38.23,38.51,539874.0
2025-06-04,NSRGY,106.04,106.59,105.52,106.2,1205105.0
2025-06-04,NTDOY,20.75,21.33,20.75,20.98,1483535.0
2025-06-04,RHHBY,40.59,40.98,39.6513,40.87,1315935.0
2025-06-04,SFTBY,25.65,26.09,25.53,25.93,417503.0
2025-06-04,TCEHY,65.79,65.94,65.25,65.73,1637968.0
2025-06-04,VWAGY,10.75,10.84,10.71,10.77,310474.0
2025-06-05,BACHY,14.6,14.98,14.51,14.64,73566.0
2025-06-05,BASFY,11.95,12.0,11.89,11.92,258175.0
2025-06-05,BYDDY,105.35,106.24,104.68,105.15,512422.0
2025-06-05,DTEGY,38.89,39.04,38.79,38.9,342763.0
2025-06-05,NSRGY,106.46,106.72,105.74,105.93,1213701.0
2025-06-05,NTDOY,20.56,20.86,20.5,20.68,2314900.0
2025-06-05,RHHBY,40.77,40.97,40.64,40.76,1347767.0
2025-06-05,SFTBY,25.65,26.13,25.43,25.64,563200.0
2025-06-05,TCEHY,65.63,66.15,65.43,65.76,1274861.0
2025-06-05,VWAGY,10.73,10.79,10.66,10.7,676646.0
2025-06-06,BACHY,14.725,14.83,14.43,14.54,95623.0
2025-06-06,BASFY,12.09,12.09,11.84,11.9,217795.0
2025-06-06,BYDDY,103.4,104.7,102.65,104.37,768637.0
2025-06-06,DTEGY,38.87,38.94,38.44,38.65,469404.0
2025-06-06,NSRGY,105.22,105.62,105.01,105.48,532282.0
2025-06-06,NTDOY,20.69,20.8,20.64,20.73,1341624.0
2025-06-06,RHHBY,40.51,40.89,40.51,40.86,1849950.0
2025-06-06,SFTBY,25.34,25.99,25.34,25.8,404487.0
2025-06-06,TCEHY,65.74,66.08,65.06,66.02,1547760.0
2025-06-06,VWAGY,10.65,10.6625,10.54,10.56,460573.0
2025-06-09,BACHY,14.4,14.67,14.4,14.66,27430.0
2025-06-09,BASFY,11.94,12.04,11.909,11.97,380763.0
2025-06-09,BYDDY,101.79,101.98,100.49,101.11,755890.0
2025-06-09,DTEGY,38.26,38.4,38.16,38.22,463877.0
2025-06-09,NSRGY,104.65,106.29,101.11,105.42,539076.0
2025-06-09,NTDOY,20.87,20.985,20.8,20.95,1107623.0
2025-06-09,RHHBY,40.88,40.97,40.43,40.88,2003694.0
2025-06-09,SFTBY,26.75,27.19,26.41,27.06,2019525.0
2025-06-09,TCEHY,65.72,66.27,65.61,66.13,3480194.0
2025-06-09,VWAGY,10.5,10.59,10.47,10.53,339340.0
2025-06-10,BACHY,15.25,15.25,14.72,14.79,41213.0
2025-06-10,BASFY,12.23,12.4,12.218,12.35,666439.0
2025-06-10,BYDDY,105.08,107.12,104.9,106.64,1211097.0
2025-06-10,DTEGY,37.95,37.99,37.52,37.57,528620.0
2025-06-10,NSRGY,104.92,105.01,104.28,104.36,292955.0
2025-06-10,NTDOY,20.94,20.94,20.72,20.89,590434.0
2025-06-10,RHHBY,40.99,41.13,40.88,41.02,4083548.0
2025-06-10,SFTBY,27.65,27.65,27.07,27.43,1104623.0
2025-06-10,TCEHY,65.4,65.83,65.03,65.71,4879759.0
2025-06-10,VWAGY,10.62,10.71,10.61,10.68,236934.0
2025-06-11,BACHY,14.88,14.94,14.86,14.89,46718.0
2025-06-11,BASFY,12.4301,12.45,12.26,12.29,153060.0
2025-06-11,BYDDY,107.5,109.96,107.49,109.19,769710.0
2025-06-11,DTEGY,37.54,37.633,37.03,37.06,484049.0
2025-06-11,NSRGY,104.43,104.62,103.41,103.65,764456.0
2025-06-11,NTDOY,20.2,20.26,20.11,20.17,964783.0
2025-06-11,RHHBY,41.19,41.32,41.03,41.06,2143481.0
2025-06-11,SFTBY,27.5401,28.18,27.54,27.61,928507.0
2025-06-11,TCEHY,65.96,66.23,65.44,65.68,2203251.0
2025-06-11,VWAGY,10.68,10.72,10.58,10.58,182031.0
2025-06-12,BACHY,14.6,15.39,14.6,14.82,55519.0
2025-06-12,BASFY,12.31,12.43,12.27,12.33,135803.0
2025-06-12,BYDDY,104.91,105.33,104.0,104.0,449113.0
2025-06-12,DTEGY,36.46,36.56,35.8725,36.0,475912.0
2025-06-12,NSRGY,104.52,105.38,104.52,105.24,309979.0
2025-06-12,NTDOY,20.6,20.6,20.33,20.49,722038.0
2025-06-12,RHHBY,41.64,41.97,41.58,41.89,1488125.0
2025-06-12,SFTBY,27.77,28.2,27.72,27.97,591651.0
2025-06-12,TCEHY,65.05,65.72,65.02,65.65,2475435.0
2025-06-12,VWAGY,10.61,10.7,10.6,10.64,141455.0
2025-06-13,BACHY,14.5,15.13,14.36,14.45,116051.0
2025-06-13,BASFY,12.2,12.2,12.0,12.06,175756.0
2025-06-13,BYDDY,101.1,101.98,100.51,101.27,620560.0
2025-06-13,DTEGY,34.81,35.7535,34.76,35.44,407206.0
2025-06-13,NSRGY,104.07,104.3,103.05,103.19,569249.0
2025-06-13,NTDOY,20.4,20.93,20.4,20.72,4188192.0
2025-06-13,RHHBY,41.38,41.65,41.13,41.14,1674434.0
2025-06-13,SFTBY,28.92,28.99,28.4,28.65,2010910.0
2025-06-13,TCEHY,65.03,65.22,64.4,64.81,1802258.0
2025-06-13,VWAGY,10.33,10.42,10.3,10.34,195376.0
2025-06-16,BACHY,14.885,14.89,14.56,14.59,88726.0
2025-06-16,BASFY,12.18,12.3,12.11,12.11,221893.0
2025-06-16,BYDDY,100.25,100.99,100.1,100.26,527815.0
2025-06-16,DTEGY,35.53,36.3,35.5,36.08,296017.0
2025-06-16,NSRGY,102.8,103.3,101.45,101.48,427363.0
2025-06-16,NTDOY,20.76,20.85,20.61,20.72,1151901.0
2025-06-16,RHHBY,40.68,40.97,40.09,40.17,1716554.0
2025-06-16,SFTBY,29.5,30.0,29.25,29.73,446495.0
2025-06-16,TCEHY,65.15,65.48,64.81,64.88,3175829.0
2025-06-16,VWAGY,10.46,10.55,10.4,10.4,153947.0
2025-06-17,BACHY,15.12,15.12,14.48,14.54,77019.0
2025-06-17,BASFY,12.27,12.3,12.09,12.1,442509.0
2025-06-17,BYDDY,99.96,99.97,98.36,98.45,410603.0
2025-06-17,DTEGY,35.4275,35.57,35.01,35.16,590898.0
2025-06-17,NSRGY,101.1599,101.93,100.8175,101.26,7225685.0
2025-06-17,NTDOY,21.34,21.7,21.25,21.57,2613028.0
2025-06-17,RHHBY,40.33,40.39,39.9,39.95,2235133.0
2025-06-17,SFTBY,29.72,30.23,29.6,29.69,799536.0
2025-06-17,TCEHY,65.2,65.46,65.11,65.12,1152680.0
2025-06-17,VWAGY,10.38,10.38,10.2,10.2,222880.0
2025-06-18,BACHY,15.19,15.19,14.4,14.48,82960.0
2025-06-18,BASFY,11.97,12.09,11.94,11.97,255074.0
2025-06-18,BYDDY,98.0,98.3,97.12,97.19,340533.0
2025-06-18,DTEGY,35.02,35.14,34.75,34.88,446407.0
2025-06-18,NSRGY,101.79,102.28,101.51,101.77,2297664.0
2025-06-18,NTDOY,22.58,22.97,22.5,22.89,3578442.0
2025-06-18,RHHBY,39.55,39.83,39.4,39.63,1499800.0
2025-06-18,SFTBY,29.99,30.3,29.52,29.81,432454.0
2025-06-18,TCEHY,64.7,64.92,64.36,64.62,1920524.0
2025-06-18,VWAGY,10.17,10.24,10.14,10.16,170606.0
2025-06-20,BACHY,14.7,15.0,14.37,14.41,112720.0
2025-06-20,BASFY,11.98,12.0,11.84,11.86,174592.0
2025-06-20,BYDDY,96.27,96.89,95.17,96.36,779341.0
2025-06-20,DTEGY,35.25,35.3499,35.02,35.14,461120.0
2025-06-20,NSRGY,100.84,101.01,99.43,99.43,631046.0
2025-06-20,NTDOY,22.19,22.22,21.75,21.96,3738998.0
2025-06-20,RHHBY,39.88,39.94,38.8,39.06,5853581.0
2025-06-20,SFTBY,31.0,31.18,30.23,30.35,624460.0
2025-06-20,TCEHY,64.8,64.8,63.84,64.0,1635613.0
2025-06-20,VWAGY,10.23,10.26,10.12,10.13,492599.0
2025-06-23,BACHY,14.705,14.794,14.5,14.72,96235.0
2025-06-23,BASFY,11.8,12.0,11.75,12.0,266994.0
2025-06-23,BYDDY,96.37,97.19,95.91,96.83,398163.0
2025-06-23,DTEGY,35.37,36.14,35.36,36.11,487925.0
2025-06-23,NSRGY,99.33,100.8,99.3,100.57,488344.0
2025-06-23,NTDOY,21.65,21.75,21.54,21.75,1414501.0
2025-06-23,RHHBY,39.54,40.18,39.51,40.03,2830232.0
2025-06-23,SFTBY,30.18,31.07,30.09,31.06,725234.0
2025-06-23,TCEHY,64.14,64.51,63.61,64.5,4109548.0
2025-06-23,VWAGY,10.08,10.26,10.08,10.26,278647.0
2025-06-24,BACHY,14.72,14.95,14.44,14.93,83050.0
2025-06-24,BASFY,12.24,12.44,12.238,12.33,193569.0
2025-06-24,BYDDY,99.53,101.15,99.31,100.86,391094.0
2025-06-24,DTEGY,36.64,37.15,36.64,37.08,1742277.0
2025-06-24,NSRGY,101.63,102.68,101.24,101.83,455717.0
2025-06-24,NTDOY,22.03,22.27,22.03,22.245,1218983.0
2025-06-24,RHHBY,40.45,40.9,40.37,40.79,1408282.0
2025-06-24,SFTBY,32.23,32.95,32.23,32.89,2291309.0
2025-06-24,TCEHY,64.64,65.95,64.58,65.76,3595415.0
2025-06-24,VWAGY,10.5201,10.65,10.51,10.59,213767.0
2025-06-25,BACHY,15.0,15.11,15.0,15.06,211960.0
2025-06-25,BASFY,12.1201,12.1201,11.96,12.06,172059.0
2025-06-25,BYDDY,99.44,99.6,98.53,98.56,532619.0
2025-06-25,DTEGY,36.01,36.1705,35.79,35.93,535253.0
2025-06-25,NSRGY,99.05,100.6,98.71,98.94,428484.0
2025-06-25,NTDOY,22.8,22.98,22.56,22.74,3369491.0
2025-06-25,RHHBY,40.32,40.35,40.13,40.23,1506283.0
2025-06-25,SFTBY,32.21,32.3,31.69,32.2,851801.0
2025-06-25,TCEHY,65.6,65.8,64.85,65.06,2232674.0
2025-06-25,VWAGY,10.67,10.68,10.57,10.61,176333.0
2025-06-26,BACHY,14.965,15.1,14.71,15.04,54721.0
2025-06-26,BASFY,12.11,12.25,12.1,12.23,172153.0
2025-06-26,BYDDY,95.76,96.43,95.6,95.72,778750.0
2025-06-26,DTEGY,36.4099,36.41,35.93,36.11,468377.0
2025-06-26,NSRGY,98.76,100.28,98.45,99.11,539256.0
2025-06-26,NTDOY,23.01,23.37,23.01,23.23,2448351.0
2025-06-26,RHHBY,40.84,41.25,40.79,41.19,3863967.0
2025-06-26,SFTBY,33.68,34.49,33.51,34.38,1488779.0
2025-06-26,TCEHY,65.0,65.86,64.75,65.2,1456895.0
2025-06-26,VWAGY,10.5,10.54,10.45,10.5,236877.0
2025-06-27,BACHY,14.7,15.0,14.7,14.82,45142.0
2025-06-27,BASFY,12.4,12.5725,12.398,12.53,325349.0
2025-06-27,BYDDY,95.18,95.22,94.01,94.69,616843.0
2025-06-27,DTEGY,36.34,36.59,36.27,36.38,1664958.0
2025-06-27,NSRGY,98.48,99.94,98.48,99.28,454817.0
2025-06-27,NTDOY,23.63,23.69,23.41,23.64,2325060.0
2025-06-27,RHHBY,41.02,41.09,40.66,40.82,1694285.0
2025-06-27,SFTBY,34.54,35.54,34.51,35.26,933507.0
2025-06-27,TCEHY,65.38,65.46,64.93,65.01,1194149.0
2025-06-27,VWAGY,10.625,10.96,10.6,10.82,316115.0
2025-06-30,BACHY,14.5,14.9,14.25,14.6,60020.0
2025-06-30,BASFY,12.3,12.5,12.2,12.3,228186.0
2025-06-30,BYDDY,94.5,94.5,93.7,93.8,459105.0
2025-06-30,DTEGY,36.31,36.59,36.23,36.59,413369.0
2025-06-30,NSRGY,98.9,99.57,98.685,99.32,404877.0
2025-06-30,NTDOY,23.93,24.093,23.86,24.02,1706112.0
2025-06-30,RHHBY,40.78,40.89,40.5,40.79,896769.0
2025-06-30,SFTBY,36.87,36.87,36.01,36.43,658869.0
2025-06-30,TCEHY,64.35,64.51,63.82,64.5,2254465.0
2025-06-30,VWAGY,10.72,10.78,10.64,10.74,263004.0
2025-07-01,BACHY,14.3,14.61,14.27,14.6,145093.0
2025-07-01,BASFY,12.16,12.38,12.16,12.36,264615.0
2025-07-01,BYDDY,93.8,94.69,93.04,93.84,512354.0
2025-07-01,DTEGY,36.65,36.88,36.57,36.74,310760.0
2025-07-01,NSRGY,99.18,99.98,98.69,99.64,921217.0
2025-07-01,NTDOY,23.5,23.5,23.06,23.11,1654093.0
2025-07-01,RHHBY,40.79,41.26,40.74,41.12,820469.0
2025-07-01,SFTBY,36.81,37.76,36.65,36.7,1144672.0
2025-07-01,TCEHY,64.21,64.68,64.21,64.5,641258.0
2025-07-01,VWAGY,10.53,10.81,10.53,10.75,379739.0
2025-07-02,BACHY,14.7,14.78,14.35,14.73,69218.0
2025-07-02,BASFY,12.54,12.7,12.54,12.7,136578.0
2025-07-02,BYDDY,93.47,93.54,92.82,93.33,359747.0
2025-07-02,DTEGY,36.63,36.74,36.478,36.66,347875.0
2025-07-02,NSRGY,99.81,100.2,99.375,99.95,485835.0
2025-07-02,NTDOY,22.5,22.82,22.32,22.82,3638986.0
2025-07-02,RHHBY,40.9001,41.19,40.73,41.13,2138077.0
2025-07-02,SFTBY,37.15,37.39,36.49,36.93,929570.0
2025-07-02,TCEHY,63.82,63.82,63.35,63.79,1408869.0
2025-07-02,VWAGY,10.87,10.97,10.85,10.94,497608.0
2025-07-03,BACHY,14.91,14.91,14.59,14.63,54676.0
2025-07-03,BASFY,12.695,12.7,12.29,12.37,141984.0
2025-07-03,BYDDY,93.99,94.2,93.46,93.71,186269.0
2025-07-03,DTEGY,36.38,36.61,36.25,36.6,292299.0
2025-07-03,NSRGY,100.0,100.28,99.47,100.09,235385.0
2025-07-03,NTDOY,22.71,22.87,22.55,22.75,387161.0
2025-07-03,RHHBY,40.7,40.75,40.33,40.44,975090.0
2025-07-03,SFTBY,36.74,37.25,36.55,37.0,406563.0
2025-07-03,TCEHY,63.49,63.83,63.38,63.57,846852.0
2025-07-03,VWAGY,11.0,11.06,10.93,10.99,248887.0
2025-07-07,BACHY,14.49,14.9,14.49,14.59,97321.0
2025-07-07,BASFY,12.16,12.17,11.98,12.05,243675.0
2025-07-07,BYDDY,93.62,93.64,92.22,92.25,480977.0
2025-07-07,DTEGY,36.215,36.45,36.114,36.26,374212.0
2025-07-07,NSRGY,98.63,98.71,97.97,98.19,536880.0
2025-07-07,NTDOY,22.57,22.81,22.36,22.54,1034929.0
2025-07-07,RHHBY,40.33,40.516,40.1,40.32,2102926.0
2025-07-07,SFTBY,36.74,36.87,35.3,35.39,1728893.0
2025-07-07,TCEHY,63.65,64.24,63.63,63.83,1286813.0
2025-07-07,VWAGY,10.87,10.88,10.74,10.79,606201.0
2025-07-08,BYDDY,93.43,93.98,92.93,93.75,355652.0
2025-07-08,DTEGY,36.31,36.51,36.22,36.49,294322.0
2025-07-08,NTDOY,22.2,22.48,22.15,22.35,1183750.0
2025-07-08,RHHBY,39.88,40.59,39.855,40.26,1729976.0
2025-07-08,SFTBY,36.09,36.29,35.68,35.98,335819.0
2025-07-08,TCEHY,64.22,64.48,63.9,63.98,700584.0
2025-07-09,BACHY,14.91,14.91,14.71,14.73,46898.0
2025-07-09,BASFY,12.86,12.92,12.69,12.77,246702.0
2025-07-09,BYDDY,93.25,93.49,92.32,92.65,602247.0
2025-07-09,DTEGY,36.37,36.57,36.19,36.53,426126.0
2025-07-09,NSRGY,98.45,98.58,97.85,98.23,551003.0
2025-07-09,NTDOY,22.15,22.32,22.05,22.13,955275.0
2025-07-09,RHHBY,40.38,40.98,40.365,40.95,1180680.0
2025-07-09,SFTBY,35.98,36.33,35.61,36.09,451772.0
2025-07-09,TCEHY,63.35,63.68,63.15,63.47,1407733.0
2025-07-09,VWAGY,11.1301,11.21,11.088,11.15,412253.0
2025-07-10,BACHY,14.76,15.03,14.49,15.03,104984.0
2025-07-10,BASFY,12.77,12.87,12.74,12.86,223831.0
2025-07-10,BYDDY,91.95,91.95,90.85,91.72,428270.0
2025-07-10,DTEGY,35.79,35.88,35.07,35.76,369664.0
2025-07-10,NSRGY,97.29,97.71,97.24,97.59,473106.0
2025-07-10,NTDOY,21.45,21.76,21.41,21.73,709114.0
2025-07-10,RHHBY,40.95,41.39,40.88,41.37,1770418.0
2025-07-10,SFTBY,36.29,37.1,36.24,36.67,180958.0
2025-07-10,TCEHY,63.45,63.45,62.71,63.19,1447246.0
2025-07-10,VWAGY,11.275,11.34,11.248,11.32,304454.0
2025-07-11,BYDDY,91.9,91.9,91.36,91.83,338755.0
2025-07-11,NTDOY,21.46,21.51,21.36,21.4,1002836.0
2025-07-11,SFTBY,35.6,36.2,35.6,35.72,322547.0
2025-07-11,TCEHY,63.19,63.49,63.01,63.12,1113163.0
2025-07-14,BACHY,14.975,15.03,14.94,15.02,49327.0
2025-07-14,BASFY,12.51,12.53,12.42,12.45,81359.0
2025-07-14,BYDDY,92.66,92.66,91.96,92.48,251955.0
2025-07-14,DTEGY,35.64,35.73,35.6,35.68,1198347.0
2025-07-14,NSRGY,96.72,97.18,96.6,96.99,464836.0
2025-07-14,NTDOY,21.03,21.34,21.03,21.14,1198144.0
2025-07-14,RHHBY,40.3,40.42,40.24,40.26,233388.0
2025-07-14,SFTBY,34.71,34.88,34.56,34.81,242495.0
2025-07-14,TCEHY,63.28,63.72,63.28,63.66,1015317.0
2025-07-14,VWAGY,11.15,11.162,11.06,11.08,194742.0
2025-07-15,BACHY,14.96,14.96,14.71,14.87,40911.0
2025-07-15,BASFY,12.68,12.7,12.5,12.53,143467.0
2025-07-15,BYDDY,94.64,94.97,93.69,94.65,443724.0
2025-07-15,DTEGY,35.44,35.44,35.01,35.04,545127.0
2025-07-15,NSRGY,96.54,96.55,95.42,95.45,654062.0
2025-07-15,NTDOY,21.32,21.34,20.99,20.99,866225.0
2025-07-15,RHHBY,40.35,40.38,39.64,39.7,1234643.0
2025-07-15,SFTBY,35.75,35.75,35.0,35.01,1314157.0
2025-07-15,TCEHY,65.92,66.03,65.36,66.0,2794425.0
2025-07-15,VWAGY,11.16,11.17,11.03,11.06,228661.0
2025-07-16,BACHY,14.99,14.99,14.84,14.94,50125.0
2025-07-16,BASFY,12.33,12.33,12.16,12.28,218545.0
2025-07-16,BYDDY,94.03,94.05,93.23,93.6,357441.0
2025-07-16,DTEGY,35.39,35.56,35.11,35.24,1764903.0
2025-07-16,NSRGY,95.66,96.64,95.57,96.43,421698.0
2025-07-16,NTDOY,21.15,21.7,21.08,21.69,2332098.0
2025-07-16,RHHBY,39.9,40.3,39.88,40.19,2617365.0
2025-07-16,SFTBY,35.0,35.63,34.7,35.5,686063.0
2025-07-16,TCEHY,66.0,66.35,65.41,66.26,2951972.0
2025-07-16,VWAGY,10.79,10.81,10.68,10.8,278788.0
2025-07-17,BACHY,14.69,14.81,14.69,14.76,68971.0
2025-07-17,BASFY,12.2725,12.33,12.2175,12.32,164098.0
2025-07-17,BYDDY,94.38,95.49,94.21,95.15,298878.0
2025-07-17,DTEGY,35.25,35.58,35.22,35.56,719539.0
2025-07-17,NSRGY,95.46,95.72,95.02,95.53,498844.0
2025-07-17,NTDOY,21.8,22.05,21.69,22.01,1525344.0
2025-07-17,RHHBY,39.71,40.11,39.69,39.93,2043361.0
2025-07-17,SFTBY,36.35,36.35,35.52,36.1,531033.0
2025-07-17,TCEHY,65.8,66.5,65.68,66.27,1187345.0
2025-07-17,VWAGY,10.77,10.833,10.72,10.78,153448.0
2025-07-18,BACHY,14.78,14.99,14.57,14.94,103832.0
2025-07-18,BASFY,12.4,12.42,12.24,12.26,99582.0
2025-07-18,BYDDY,96.19,97.27,96.11,96.75,362584.0
2025-07-18,DTEGY,35.37,35.49,35.24,35.29,428306.0
2025-07-18,NSRGY,97.14,97.54,96.36,96.48,568086.0
2025-07-18,NTDOY,21.81,21.98,21.71,21.95,4567510.0
2025-07-18,RHHBY,40.44,40.47,40.02,40.05,1385529.0
2025-07-18,SFTBY,37.28,38.18,37.28,37.5,576071.0
2025-07-18,TCEHY,66.26,66.74,65.8,66.03,2977059.0
2025-07-18,VWAGY,10.74,10.78,10.59,10.6,290909.0
2025-07-21,BACHY,14.78,14.87,14.75,14.81,30382.0
2025-07-21,BASFY,12.59,12.72,12.58,12.62,161389.0
2025-07-21,BYDDY,97.94,97.99,97.25,97.5,389127.0
2025-07-21,DTEGY,35.24,35.55,35.22,35.4,410423.0
2025-07-21,NSRGY,96.16,96.78,96.01,96.4,752538.0
2025-07-21,NTDOY,21.96,22.35,21.96,22.21,1757736.0
2025-07-21,RHHBY,39.95,40.16,39.67,39.74,2230331.0
2025-07-21,SFTBY,37.31,38.5,37.31,38.22,1069937.0
2025-07-21,TCEHY,66.06,67.02,66.06,66.6,4251814.0
2025-07-21,VWAGY,10.65,10.815,10.63,10.75,178090.0
2025-07-22,BACHY,14.83,14.92,14.81,14.92,43731.0
2025-07-22,BASFY,12.67,12.8,12.66,12.8,177734.0
2025-07-22,BYDDY,101.99,102.25,101.11,101.87,667021.0
2025-07-22,DTEGY,35.45,35.79,35.39,35.76,356273.0
2025-07-22,NSRGY,96.85,98.19,96.85,98.1,1339192.0
2025-07-22,NTDOY,21.88,21.88,21.64,21.65,5260182.0
2025-07-22,RHHBY,39.68,40.28,39.68,40.15,2308034.0
2025-07-22,SFTBY,39.06,39.15,38.0,38.41,1014045.0
2025-07-22,TCEHY,67.03,67.8,66.85,67.69,2299794.0
2025-07-22,VWAGY,10.68,10.8,10.67,10.78,367036.0
2025-07-23,BYDDY,102.24,102.43,100.91,101.3,303660.0
2025-07-23,NTDOY,21.84,22.24,21.81,22.16,1134648.0
2025-07-23,SFTBY,40.49,40.86,40.25,40.69,713260.0
2025-07-23,TCEHY,70.2,70.64,69.92,70.35,3042461.0
2025-07-24,BACHY,15.14,15.15,14.79,15.01,37644.0
2025-07-24,BASFY,13.47,13.5,13.37,13.41,301027.0
2025-07-24,BYDDY,101.1,101.1,99.76,99.85,403082.0
2025-07-24,DTEGY,37.29,37.76,37.29,37.65,496786.0
2025-07-24,NSRGY,92.59,94.11,92.46,93.55,2053711.0
2025-07-24,NTDOY,22.36,22.45,22.25,22.27,1397506.0
2025-07-24,RHHBY,41.85,42.02,41.72,41.9,317575.0
2025-07-24,SFTBY,41.1,41.67,40.99,40.99,502956.0
2025-07-24,TCEHY,70.7,70.94,70.24,70.4,1418031.0
2025-07-24,VWAGY,11.55,11.68,11.55,11.64,225700.0
2025-07-25,BACHY,14.815,14.86,14.8,14.82,36512.0
2025-07-25,BASFY,13.31,13.41,13.28,13.41,90215.0
2025-07-25,BYDDY,98.98,99.11,98.5,98.96,165688.0
2025-07-25,DTEGY,36.89,37.27,36.88,37.24,1025677.0
2025-07-25,NSRGY,91.24,91.34,90.8695,91.05,376394.0
2025-07-25,NTDOY,22.04,22.08,21.65,21.82,484072.0
2025-07-25,RHHBY,40.82,41.04,40.64,40.89,1918650.0
2025-07-25,SFTBY,41.0,41.67,40.7,41.56,362491.0
2025-07-25,TCEHY,70.3,70.44,69.61,70.18,1006768.0
2025-07-25,VWAGY,11.91,11.98,11.83,11.95,360223.0
2025-07-28,BACHY,14.78,14.8,14.75,14.76,35976.0
2025-07-28,BASFY,12.97,13.02,12.89,12.97,182889.0
2025-07-28,BYDDY,98.0,98.0,96.81,97.11,389257.0
2025-07-28,DTEGY,36.71,36.73,36.03,36.09,429607.0
2025-07-28,NSRGY,90.54,90.69,90.0,90.06,1594119.0
2025-07-28,NTDOY,21.58,21.66,21.38,21.4,583137.0
2025-07-28,RHHBY,41.06,41.07,40.38,40.65,1248619.0
2025-07-28,SFTBY,40.19,40.2,39.07,39.32,439457.0
2025-07-28,TCEHY,70.32,70.52,69.96,70.1,1125847.0
2025-07-28,VWAGY,11.55,11.55,11.3734,11.39,356347.0
2025-07-29,BACHY,14.89,14.89,14.61,14.61,57120.0
2025-07-29,BASFY,12.71,12.71,12.6,12.68,205276.0
2025-07-29,BYDDY,97.5,98.1,96.51,96.62,351932.0
2025-07-29,DTEGY,36.34,36.61,36.25,36.54,399392.0
2025-07-29,NSRGY,89.51,90.24,89.5,89.83,668122.0
2025-07-29,NTDOY,21.56,21.72,21.43,21.57,611697.0
2025-07-29,RHHBY,40.29,41.55,40.09,40.34,1532225.0
2025-07-29,SFTBY,39.59,39.8,38.51,38.54,571746.0
2025-07-29,TCEHY,70.28,70.71,70.11,70.13,1445782.0
2025-07-29,VWAGY,11.32,11.32,11.185,11.28,298649.0
2025-07-30,BACHY,14.57,14.57,14.47,14.47,34032.0
2025-07-30,BASFY,12.65,12.65,12.45,12.51,134744.0
2025-07-30,BYDDY,15.78,15.79,15.28,15.35,3423687.0
2025-07-30,DTEGY,36.44,36.64,36.4,36.52,273270.0
2025-07-30,NSRGY,88.78,88.92,87.65,87.65,1627777.0
2025-07-30,NTDOY,21.42,21.56,21.32,21.46,1341466.0
2025-07-30,RHHBY,40.02,40.23,39.85,39.9,1467491.0
2025-07-30,SFTBY,38.36,39.3,38.36,38.57,683526.0
2025-07-30,TCEHY,69.53,69.87,69.17,69.44,1356860.0
2025-07-30,VWAGY,11.05,11.06,10.85,10.91,229922.0
2025-07-31,BACHY,14.77,14.78,14.29,14.39,61229.0
2025-07-31,BASFY,12.27,12.36,12.25,12.29,215472.0
2025-07-31,BYDDY,14.83,14.83,14.62,14.65,3992458.0
2025-07-31,DTEGY,35.8999,36.05,35.75,35.92,411871.0
2025-07-31,NSRGY,87.2,87.7625,86.99,87.01,1780775.0
2025-07-31,NTDOY,21.18,21.27,20.97,21.0,1787186.0
2025-07-31,RHHBY,39.48,39.83,39.24,39.32,978568.0
2025-07-31,SFTBY,38.81,39.99,37.63,38.15,1637566.0
2025-07-31,TCEHY,69.7,70.32,69.7,70.07,1470413.0
2025-07-31,VWAGY,10.75,10.8,10.64,10.67,335282.0
2025-08-01,BACHY,14.59,14.59,14.21,14.3,71938.0
2025-08-01,BASFY,12.17,12.174,12.0,12.09,297153.0
2025-08-01,BYDDY,14.7,14.73,13.89,14.25,5075002.0
2025-08-01,DTEGY,36.1,36.15,35.815,36.06,1389034.0
2025-08-01,NSRGY,87.5001,88.98,87.0,87.32,1230842.0
2025-08-01,NTDOY,21.18,21.33,20.31,21.01,1752717.0
2025-08-01,RHHBY,37.85,38.95,37.7,38.85,3932063.0
2025-08-01,SFTBY,38.1,38.57,37.39,37.89,970837.0
2025-08-01,TCEHY,67.98,68.06,67.36,67.91,1763670.0
2025-08-01,VWAGY,10.6,10.6326,10.46,10.49,303130.0
2025-08-04,BACHY,14.3,14.49,13.9,14.43,112218.0
2025-08-04,BASFY,12.13,12.14,12.02,12.08,263746.0
2025-08-04,BYDDY,14.57,14.59,14.45,14.53,1821527.0
2025-08-04,DTEGY,36.475,36.78,36.29,36.56,643613.0
2025-08-04,NSRGY,88.33,88.49,87.94,88.1,1109180.0
2025-08-04,NTDOY,22.31,22.69,22.28,22.63,1296302.0
2025-08-04,RHHBY,39.23,39.43,39.09,39.41,2406444.0
2025-08-04,SFTBY,39.7,39.79,38.73,39.65,453993.0
2025-08-04,TCEHY,70.11,70.49,70.04,70.21,1803369.0
2025-08-04,VWAGY,10.5,10.54,10.45,10.46,174697.0
2025-08-05,BACHY,14.61,14.66,14.57,14.61,65988.0
2025-08-05,BASFY,12.23,12.37,12.16,12.35,553925.0
2025-08-05,BYDDY,14.24,14.33,14.1,14.13,2852444.0
2025-08-05,DTEGY,36.4301,36.63,36.36,36.47,455906.0
2025-08-05,NSRGY,88.99,89.43,88.65,89.18,811620.0
2025-08-05,NTDOY,22.51,22.77,22.51,22.7,2369414.0
2025-08-05,RHHBY,39.42,39.53,39.18,39.39,1873466.0
2025-08-05,SFTBY,40.0,40.48,39.51,39.86,1071022.0
2025-08-05,TCEHY,70.9,71.65,70.85,71.51,1676564.0
2025-08-05,VWAGY,10.64,10.7,10.59,10.69,307604.0
2025-08-06,BACHY,14.61,14.9,14.32,14.39,94458.0
2025-08-06,BASFY,12.505,12.51,12.39,12.47,118691.0
2025-08-06,BYDDY,14.14,14.15,14.04,14.09,2942491.0
2025-08-06,DTEGY,36.37,36.58,36.17,36.48,362460.0
2025-08-06,NSRGY,88.47,88.61,87.36,87.93,1749762.0
2025-08-06,NTDOY,22.74,22.96,22.62,22.95,953971.0
2025-08-06,RHHBY,38.74,40.629,38.33,38.45,2300013.0
2025-08-06,SFTBY,41.5,42.22,41.45,42.19,1024810.0
2025-08-06,TCEHY,72.41,73.33,72.35,73.28,2997857.0
2025-08-06,VWAGY,10.8401,10.89,10.8,10.85,299994.0
2025-08-07,BACHY,14.555,14.58,14.46,14.46,68064.0
2025-08-07,BASFY,13.09,13.22,12.91,13.05,294352.0
2025-08-07,BYDDY,14.28,14.34,14.21,14.28,1869298.0
2025-08-07,DTEGY,34.72,34.882,34.52,34.76,1071098.0
2025-08-07,NSRGY,89.34,89.65,88.92,89.47,2248117.0
2025-08-07,NTDOY,23.23,23.47,23.23,23.47,2268736.0
2025-08-07,RHHBY,38.34,38.65,38.27,38.62,2384745.0
2025-08-07,SFTBY,43.0,44.87,42.4,43.35,457598.0
2025-08-07,TCEHY,72.39,72.39,71.8,71.95,1333676.0
2025-08-07,VWAGY,11.0775,11.12,11.0,11.05,244411.0
2025-08-08,BACHY,14.424,14.57,14.36,14.51,68866.0
2025-08-08,BASFY,13.1,13.301,13.085,13.24,193668.0
2025-08-08,BYDDY,14.18,14.23,14.1,14.23,1190842.0
2025-08-08,DTEGY,34.5,34.65,34.35,34.36,2101552.0
2025-08-08,NSRGY,89.25,89.583,89.09,89.09,617253.0
2025-08-08,NTDOY,24.12,24.5,24.09,24.485,1565817.0
2025-08-08,RHHBY,37.955,38.26,37.89,38.19,2544445.0
2025-08-08,SFTBY,46.72,47.4,46.7,47.15,898141.0
2025-08-08,TCEHY,71.4,71.88,71.32,71.68,1411393.0
2025-08-08,VWAGY,11.18,11.34,11.17,11.34,278495.0
2025-08-11,BACHY,14.32,14.4325,14.32,14.39,40113.0
2025-08-11,BASFY,13.04,13.1,12.92,12.97,191383.0
2025-08-11,BYDDY,14.15,14.2,14.06,14.09,3061336.0
2025-08-11,DTEGY,34.6375,34.89,34.6,34.82,491002.0
2025-08-11,NSRGY,88.82,89.0,88.47,88.73,520844.0
2025-08-11,NTDOY,24.49,24.52,24.21,24.28,912007.0
2025-08-11,RHHBY,37.61,37.895,37.51,37.53,3288699.0
2025-08-11,SFTBY,47.39,47.64,47.0,47.11,1091903.0
2025-08-11,TCEHY,71.5,71.6,70.92,71.16,2573038.0
2025-08-11,VWAGY,11.41,11.46,11.36,11.42,847942.0
2025-08-12,BACHY,14.44,14.54,14.44,14.51,67675.0
2025-08-12,BASFY,12.8801,13.13,12.87,13.13,176648.0
2025-08-12,BYDDY,14.12,14.35,14.07,14.31,3189368.0
2025-08-12,DTEGY,35.01,35.55,35.0,35.5,452356.0
2025-08-12,NSRGY,88.27,89.13,88.08,89.11,659109.0
2025-08-12,NTDOY,23.82,24.08,23.82,23.84,2675918.0
2025-08-12,RHHBY,37.69,38.22,37.61,38.14,2433568.0
2025-08-12,SFTBY,50.32,50.61,49.85,50.58,2004684.0
2025-08-12,TCEHY,71.35,72.02,71.23,71.81,3477768.0
2025-08-12,VWAGY,11.55,11.65,11.55,11.65,592385.0
2025-08-13,BACHY,14.57,14.7,14.57,14.63,50207.0
2025-08-13,BASFY,13.09,13.38,13.09,13.37,203136.0
2025-08-13,BYDDY,14.8,14.92,14.67,14.91,2654335.0
2025-08-13,DTEGY,35.33,35.64,35.29,35.57,277329.0
2025-08-13,NSRGY,89.2001,90.056,89.1,89.61,470913.0
2025-08-13,NTDOY,23.91,24.14,23.91,24.07,1497996.0
2025-08-13,RHHBY,38.31,38.74,38.23,38.58,2562500.0
2025-08-13,SFTBY,50.58,50.6,49.23,49.35,1268920.0
2025-08-13,TCEHY,75.3,77.2,74.0,77.08,4507590.0
2025-08-13,VWAGY,11.65,11.75,11.65,11.73,266664.0
2025-08-14,BACHY,14.555,14.64,14.31,14.35,88529.0
2025-08-14,BASFY,13.35,18.39,13.27,13.39,132302.0
2025-08-14,BYDDY,14.48,14.5,14.3,14.36,1221051.0
2025-08-14,DTEGY,35.6,35.78,35.6,35.74,391762.0
2025-08-14,NSRGY,88.99,89.4,88.84,89.35,614175.0
2025-08-14,NTDOY,24.02,24.22,23.94,24.15,664880.0
2025-08-14,RHHBY,38.54,38.72,38.46,38.71,2406692.0
2025-08-14,SFTBY,52.62,52.95,52.09,52.32,1694460.0
2025-08-14,TCEHY,75.29,75.35,74.38,74.79,2245079.0
2025-08-14,VWAGY,11.6901,11.85,11.65,11.76,1700523.0
2025-08-15,BACHY,14.35,14.52,14.11,14.16,77592.0
2025-08-15,BASFY,13.61,13.63,13.48,13.49,140224.0
2025-08-15,BYDDY,14.4,14.42,14.34,14.39,795531.0
2025-08-15,DTEGY,35.94,36.23,35.94,36.16,326658.0
2025-08-15,NSRGY,89.6801,89.995,89.6,89.84,796323.0
2025-08-15,NTDOY,24.22,24.46,24.22,24.43,1558869.0
2025-08-15,RHHBY,39.39,39.83,39.39,39.58,3502545.0
2025-08-15,SFTBY,55.94,56.2,55.48,55.7,1353992.0
2025-08-15,TCEHY,75.69,75.98,75.36,75.61,900149.0
2025-08-15,VWAGY,11.86,11.92,11.84,11.88,614782.0
2025-08-18,BACHY,14.36,14.36,13.94,13.98,148634.0
2025-08-18,BASFY,13.51,13.55,13.44,13.52,261000.0
2025-08-18,BYDDY,14.55,14.62,14.48,14.51,2910982.0
2025-08-18,DTEGY,36.09,36.33,36.09,36.24,687622.0
2025-08-18,NSRGY,89.23,89.6,89.1,89.33,603587.0
2025-08-18,NTDOY,24.78,24.92,24.74,24.89,1010441.0
2025-08-18,RHHBY,39.47,39.7,39.42,39.6,2064442.0
2025-08-18,SFTBY,56.33,57.63,56.26,57.43,3279327.0
2025-08-18,TCEHY,75.34,75.52,75.02,75.23,2071472.0
2025-08-18,VWAGY,11.72,11.762,11.68,11.72,341909.0
2025-08-19,BACHY,14.03,14.03,13.95,13.98,80900.0
2025-08-19,BASFY,13.82,13.9,13.77,13.77,233674.0
2025-08-19,BYDDY,14.67,14.67,14.44,14.46,1511425.0
2025-08-19,DTEGY,36.5,36.68,36.355,36.41,520997.0
2025-08-19,NSRGY,90.56,91.19,90.56,90.92,579144.0
2025-08-19,NTDOY,24.28,24.28,23.99,24.14,769228.0
2025-08-19,RHHBY,40.0,40.38,39.3776,40.18,1065539.0
2025-08-19,SFTBY,54.46,54.65,52.9,53.25,1224757.0
2025-08-19,TCEHY,76.0,76.1799,75.35,75.46,2092044.0
2025-08-19,VWAGY,11.9,11.99,11.9,11.9,376775.0
2025-08-20,BACHY,13.84,14.15,13.84,14.14,52904.0
2025-08-20,BASFY,13.96,14.0925,13.95,13.98,163788.0
2025-08-20,BYDDY,14.46,14.48,14.33,14.4,3610123.0
2025-08-20,DTEGY,36.69,36.86,36.67,36.84,486519.0
2025-08-20,NSRGY,93.5,94.9,93.5,94.74,1708536.0
2025-08-20,NTDOY,23.27,23.49,23.22,23.29,992797.0
2025-08-20,RHHBY,40.43,40.97,40.42,40.93,1517359.0
2025-08-20,SFTBY,50.12,50.4,49.26,49.86,811731.0
2025-08-20,TCEHY,75.5,75.87,75.07,75.72,1878663.0
2025-08-20,VWAGY,11.94,12.02,11.94,12.01,246591.0
2025-08-21,BACHY,14.11,14.14,14.07,14.07,105178.0
2025-08-21,BASFY,13.74,13.77,13.67,13.75,94649.0
2025-08-21,BYDDY,14.26,14.34,14.22,14.32,831071.0
2025-08-21,DTEGY,36.525,36.86,36.49,36.72,300975.0
2025-08-21,NSRGY,94.04,94.16,93.61,93.61,405317.0
2025-08-21,NTDOY,23.11,23.19,23.0,23.12,467786.0
2025-08-21,RHHBY,40.31,40.63,40.28,40.46,2299287.0
2025-08-21,SFTBY,48.81,49.81,48.62,49.49,707235.0
2025-08-21,TCEHY,75.74,76.48,75.74,76.46,998550.0
2025-08-21,VWAGY,11.99,11.99,11.89,11.93,165235.0
2025-08-22,BACHY,14.32,14.32,14.15,14.28,133544.0
2025-08-22,BASFY,13.77,14.1,13.76,14.02,357095.0
2025-08-22,BYDDY,14.56,14.89,14.54,14.84,2417510.0
2025-08-22,DTEGY,36.62,37.031,36.55,36.84,354356.0
2025-08-22,NSRGY,93.86,94.59,93.79,94.24,2147399.0
2025-08-22,NTDOY,23.01,23.7,23.01,23.59,1077271.0
2025-08-22,RHHBY,40.67,41.07,40.65,40.86,1608869.0
2025-08-22,SFTBY,49.99,52.35,49.52,51.83,706469.0
2025-08-22,TCEHY,76.84,78.2,76.78,77.88,1420596.0
2025-08-22,VWAGY,12.0,12.25,12.0,12.2,382058.0
2025-08-25,BACHY,14.25,14.25,14.03,14.03,120840.0
2025-08-25,BASFY,13.89,13.92,13.7,13.72,138466.0
2025-08-25,BYDDY,14.87,14.87,14.67,14.67,1391069.0
2025-08-25,DTEGY,36.6,36.88,36.46,36.55,540096.0
2025-08-25,NSRGY,94.09,94.1,92.56,92.65,985821.0
2025-08-25,NTDOY,23.47,23.48,23.14,23.19,1036359.0
2025-08-25,RHHBY,40.62,40.8,40.1,40.14,1021842.0
2025-08-25,SFTBY,51.52,52.99,51.52,51.75,284112.0
2025-08-25,TCEHY,78.66,78.74,78.11,78.29,3342788.0
2025-08-25,VWAGY,12.18,12.2,11.96,11.99,287776.0
2025-08-26,BACHY,13.96,14.35,13.86,13.9,259023.0
2025-08-26,BASFY,13.82,13.87,13.7563,13.82,127020.0
2025-08-26,BYDDY,15.11,15.19,15.03,15.15,1920771.0
2025-08-26,DTEGY,37.34,37.34,36.77,36.89,966048.0
2025-08-26,NSRGY,93.3,93.35,92.36,92.73,375591.0
2025-08-26,NTDOY,23.07,23.07,22.83,22.92,495774.0
2025-08-26,RHHBY,40.31,40.38,40.105,40.3,2082771.0
2025-08-26,SFTBY,51.01,52.25,51.01,52.22,258895.0
2025-08-26,TCEHY,78.7,78.98,78.2,78.3,1313655.0
2025-08-26,VWAGY,12.06,12.13,12.027,12.08,827307.0
2025-08-27,BACHY,13.83,13.83,13.7,13.7,99093.0
2025-08-27,BASFY,13.38,13.46,13.3,13.42,327442.0
2025-08-27,BYDDY,14.83,14.83,14.61,14.66,1735913.0
2025-08-27,DTEGY,36.66,36.95,36.61,36.94,490111.0
2025-08-27,NSRGY,92.44,92.78,92.12,92.34,440179.0
2025-08-27,NTDOY,22.5,22.61,22.39,22.56,638553.0
2025-08-27,RHHBY,40.53,40.98,40.355,40.95,4172585.0
2025-08-27,SFTBY,52.23,52.7,51.47,52.17,340857.0
2025-08-27,TCEHY,76.39,76.4,75.85,76.13,1674709.0
2025-08-27,VWAGY,11.94,11.99,11.85,11.9,109792.0
2025-08-28,BACHY,13.84,13.87,13.81,13.87,62316.0
2025-08-28,BASFY,13.44,13.44,13.319,13.42,104259.0
2025-08-28,BYDDY,14.44,14.56,14.41,14.54,1799113.0
2025-08-28,DTEGY,36.53,36.73,36.44,36.69,292361.0
2025-08-28,NSRGY,93.37,93.5,92.97,93.28,487792.0
2025-08-28,NTDOY,22.57,22.94,22.57,22.84,1146479.0
2025-08-28,RHHBY,40.57,41.08,40.478,40.92,5033862.0
2025-08-28,SFTBY,53.89,54.76,53.35,54.74,671436.0
2025-08-28,TCEHY,76.48,77.19,76.26,76.9,1663229.0
2025-08-28,VWAGY,12.005,12.04,11.94,11.99,307354.0
2025-08-29,BACHY,13.51,14.18,13.3485,13.75,354038.0
2025-08-29,BASFY,13.205,13.3,13.205,13.29,106856.0
2025-08-29,BYDDY,14.49,14.53,13.27,13.65,14848819.0
2025-08-29,DTEGY,36.4799,36.68,36.44,36.65,436060.0
2025-08-29,NSRGY,93.94,94.53,93.94,94.24,783812.0
2025-08-29,NTDOY,22.79,22.79,22.33,22.34,528021.0
2025-08-29,RHHBY,40.67,40.95,40.6307,40.8,2417547.0
2025-08-29,SFTBY,53.88,54.6,53.54,53.72,698910.0
2025-08-29,TCEHY,76.86,77.85,76.64,77.59,2052668.0
2025-08-29,VWAGY,11.875,11.95,11.86,11.91,88314.0
2025-09-02,BACHY,13.67,13.9,13.39,13.88,147188.0
2025-09-02,BASFY,13.14,13.22,13.04,13.14,153987.0
2025-09-02,BYDDY,13.9,14.08,13.76,14.04,7981499.0
2025-09-02,DTEGY,36.6,36.874,36.57,36.64,437815.0
2025-09-02,NSRGY,92.99,93.93,92.25,93.34,650856.0
2025-09-02,NTDOY,22.0,22.07,21.829,22.0,669613.0
2025-09-02,RHHBY,40.82,41.07,40.71,41.02,1667281.0
2025-09-02,SFTBY,49.95,51.7,49.9,50.76,896130.0
2025-09-02,TCEHY,76.39,77.32,75.95,77.27,5694159.0
2025-09-02,VWAGY,11.72,11.74,11.61,11.69,154070.0
2025-09-03,BACHY,14.18,14.18,13.74,13.78,178381.0
2025-09-03,BASFY,13.08,13.12,12.98,13.03,161787.0
2025-09-03,BYDDY,13.89,13.9,13.8,13.85,1947876.0
2025-09-03,DTEGY,36.3599,36.4,36.16,36.3,353224.0
2025-09-03,NSRGY,93.06,93.31,92.86,93.0,594239.0
2025-09-03,NTDOY,22.02,22.23,22.02,22.12,614478.0
2025-09-03,RHHBY,41.34,42.08,41.31,42.04,3894543.0
2025-09-03,SFTBY,49.99,49.99,49.2,49.27,802314.0
2025-09-03,TCEHY,76.6,77.33,76.6,77.08,1441660.0
2025-09-03,VWAGY,11.76,11.79,11.73,11.74,260737.0
2025-09-04,BYDDY,13.36,13.38,13.22,13.31,2939867.0
2025-09-04,NTDOY,22.23,22.55,22.23,22.52,483233.0
2025-09-04,SFTBY,52.06,52.96,51.62,52.79,379422.0
2025-09-04,TCEHY,76.18,76.2,75.6,76.2,1713777.0
2025-09-05,BYDDY,13.5,13.52,13.36,13.41,2975784.0
2025-09-05,NTDOY,22.55,22.55,22.27,22.46,1350886.0
2025-09-05,SFTBY,53.7,53.7,52.0,52.46,550011.0
2025-09-05,TCEHY,77.73,77.75,77.08,77.67,1456287.0
2025-09-08,BACHY,13.5,13.91,13.5,13.9,164048.0
2025-09-08,BASFY,12.98,12.99,12.86,12.97,74211.0
2025-09-08,BYDDY,13.51,13.54,13.43,13.54,1326461.0
2025-09-08,DTEGY,35.7,35.88,35.59,35.84,500722.0
2025-09-08,NSRGY,94.18,94.35,93.83,94.0,720020.0
2025-09-08,NTDOY,23.31,23.5,23.16,23.49,653352.0
2025-09-08,RHHBY,42.49,42.76,42.21,42.46,2384817.0
2025-09-08,SFTBY,53.44,54.32,53.22,53.99,243238.0
2025-09-08,TCEHY,79.0,79.47,78.84,79.4,1698069.0
2025-09-08,VWAGY,12.07,12.32,12.0,12.3,917340.0
2025-09-09,BACHY,14.0,14.0,13.94,13.98,39939.0
2025-09-09,BASFY,12.84,12.871,12.72,12.77,87615.0
2025-09-09,BYDDY,13.53,13.63,13.52,13.62,1686778.0
2025-09-09,DTEGY,35.98,36.06,35.85,35.95,293611.0
2025-09-09,NSRGY,92.9399,93.055,92.19,92.29,694293.0
2025-09-09,NTDOY,23.41,23.42,23.1,23.4,1223498.0
2025-09-09,RHHBY,42.37,42.54,42.31,42.4,2150858.0
2025-09-09,SFTBY,52.5,52.5,51.16,51.91,834713.0
2025-09-09,TCEHY,80.15,81.25,80.15,81.16,2352141.0
2025-09-09,VWAGY,12.205,12.25,12.13,12.15,207759.0
2025-09-10,BACHY,14.0,14.26,14.0,14.16,70338.0
2025-09-10,BASFY,12.76,12.8411,12.69,12.8,106152.0
2025-09-10,BYDDY,13.46,13.49,13.4,13.4,4203562.0
2025-09-10,DTEGY,35.16,35.36,35.05,35.16,148611.0
2025-09-10,NSRGY,92.33,92.44,91.84,91.97,167570.0
2025-09-10,NTDOY,23.23,23.59,23.23,23.27,1489413.0
2025-09-10,RHHBY,41.995,42.01,41.605,41.88,2374182.0
2025-09-10,SFTBY,55.31,56.79,55.01,56.24,538478.0
2025-09-10,TCEHY,81.87,81.87,80.51,80.61,1458279.0
2025-09-10,VWAGY,12.05,12.07,11.975,12.01,294596.0
2025-09-11,BACHY,14.26,14.38,14.25,14.36,63152.0
2025-09-11,BASFY,12.81,13.0,12.81,12.94,73158.0
2025-09-11,BYDDY,13.47,13.65,13.47,13.6,2352983.0
2025-09-11,DTEGY,35.3799,35.45,35.2,35.3,503487.0
2025-09-11,NSRGY,92.01,92.63,92.01,92.5,435006.0
2025-09-11,NTDOY,23.74,24.29,23.74,24.25,2156411.0
2025-09-11,RHHBY,41.76,42.23,41.73,42.03,1203396.0
2025-09-11,SFTBY,60.16,61.21,60.06,60.75,1295338.0
2025-09-11,TCEHY,80.81,82.2,80.81,82.07,2174073.0
2025-09-11,VWAGY,11.92,12.23,11.9175,12.22,460290.0
2025-09-12,BACHY,14.35,14.46,14.22,14.23,57908.0
2025-09-12,BASFY,12.88,12.91,12.748,12.89,130453.0
2025-09-12,BYDDY,13.41,13.42,13.32,13.34,2030886.0
2025-09-12,DTEGY,35.22,35.34,35.105,35.25,593582.0
2025-09-12,NSRGY,92.065,92.1423,91.38,91.56,599293.0
2025-09-12,NTDOY,24.0,24.22,23.69,23.69,5252988.0
2025-09-12,RHHBY,41.65,41.79,40.3,41.4,1378484.0
2025-09-12,SFTBY,61.04,61.5,60.81,61.15,692326.0
2025-09-12,TCEHY,82.42,82.82,82.26,82.3,961595.0
2025-09-12,VWAGY,12.052,12.11,12.01,12.09,300838.0
2025-09-15,BASFY,12.88,12.953,12.8,12.94,146577.0
2025-09-15,BYDDY,13.89,13.93,13.85,13.89,2928446.0
2025-09-15,DTEGY,35.04,35.24,35.03,35.09,364844.0
2025-09-15,NSRGY,91.07,91.25,90.51,90.65,259700.0
2025-09-15,NTDOY,24.06,24.11,23.51,23.85,5111916.0
2025-09-15,RHHBY,41.18,41.23,40.86,40.95,2019543.0
2025-09-15,SFTBY,61.0,61.81,60.26,61.43,867081.0
2025-09-15,TCEHY,82.88,83.17,82.7,82.89,1248021.0
2025-09-15,VWAGY,11.99,12.08,11.99,12.03,69875.0
2025-09-16,BACHY,14.265,14.27,14.15,14.16,75677.0
2025-09-16,BASFY,12.9,13.01,12.87,12.95,57577.0
2025-09-16,BYDDY,14.06,14.23,14.03,14.2,4052537.0
2025-09-16,DTEGY,34.91,35.05,34.71,34.89,388511.0
2025-09-16,NSRGY,91.13,91.3,90.85,90.94,900081.0
2025-09-16,NTDOY,23.39,23.66,23.23,23.55,2850520.0
2025-09-16,RHHBY,41.09,41.19,40.91,41.19,581036.0
2025-09-16,SFTBY,61.62,62.5,61.5,62.44,576652.0
2025-09-16,TCEHY,82.91,83.93,82.74,83.84,1753737.0
2025-09-16,VWAGY,11.99,12.01,11.82,11.97,306462.0
2025-09-17,BACHY,14.23,14.25,14.2,14.23,152223.0
2025-09-17,BASFY,12.75,13.01,12.75,12.89,737342.0
2025-09-17,BYDDY,14.55,14.56,14.34,14.45,1841795.0
2025-09-17,DTEGY,34.59,34.69,34.41,34.69,245858.0
2025-09-17,NTDOY,23.2,23.2,22.45,22.72,1382648.0
2025-09-17,RHHBY,40.96,41.62,40.96,41.24,993274.0
2025-09-17,SFTBY,60.76,61.8,60.4,60.9,812230.0
2025-09-17,TCEHY,84.82,85.27,84.58,85.04,1727004.0
2025-09-17,VWAGY,11.82,11.93,11.76,11.82,286925.0
2025-09-18,BACHY,14.2,14.2,14.01,14.05,85449.0
2025-09-18,BASFY,12.65,12.68,12.5875,12.66,147540.0
2025-09-18,BYDDY,14.49,14.54,14.4,14.49,1282997.0
2025-09-18,DTEGY,34.44,34.59,34.38,34.55,247518.0
2025-09-18,NSRGY,90.6799,90.83,90.27,90.56,923069.0
2025-09-18,NTDOY,22.2,22.42,22.09,22.09,1294197.0
2025-09-18,RHHBY,41.13,41.3,41.0,41.19,977853.0
2025-09-18,SFTBY,62.85,62.9,61.25,62.1,410048.0
2025-09-18,TCEHY,82.43,82.93,82.15,82.65,1868992.0
2025-09-18,VWAGY,11.59,11.62,11.5,11.51,596776.0
2025-09-19,BACHY,13.98,14.04,13.84,13.87,87469.0
2025-09-19,BASFY,12.57,12.61,12.535,12.57,173536.0
2025-09-19,BYDDY,14.59,14.64,14.5,14.53,1244285.0
2025-09-19,DTEGY,34.27,34.342,34.12,34.22,151654.0
2025-09-19,NSRGY,91.44,91.52,90.91,91.21,942541.0
2025-09-19,NTDOY,21.57,21.86,21.55,21.84,1358568.0
2025-09-19,RHHBY,41.71,41.88,41.62,41.8,1066895.0
2025-09-19,SFTBY,61.62,62.8,61.23,62.09,325017.0
2025-09-19,TCEHY,82.66,82.83,82.25,82.36,1229730.0
2025-09-19,VWAGY,11.5,11.54,10.98,11.04,1364650.0
2025-09-22,BACHY,14.13,14.13,13.7,13.74,90183.0
2025-09-22,BASFY,12.42,12.48,12.3575,12.47,218129.0
2025-09-22,BYDDY,14.05,14.16,13.95,13.98,5270951.0
2025-09-22,DTEGY,33.76,33.89,33.61,33.82,546065.0
2025-09-22,NSRGY,90.7,92.25,90.25,90.43,1582086.0
2025-09-22,NTDOY,21.61,21.65,21.42,21.61,1190011.0
2025-09-22,RHHBY,42.65,42.69,42.18,42.62,1515902.0
2025-09-22,SFTBY,61.05,62.14,59.71,62.09,1482953.0
2025-09-22,TCEHY,82.6,83.06,82.4,82.75,1551866.0
2025-09-22,VWAGY,10.62,10.87,10.62,10.86,505897.0
2025-09-23,BACHY,13.73,13.7625,13.7,13.72,72726.0
2025-09-23,BASFY,12.58,12.64,12.51,12.63,293124.0
2025-09-23,BYDDY,13.67,13.68,13.54,13.57,2768337.0
2025-09-23,DTEGY,33.65,33.65,33.29,33.33,1090946.0
2025-09-23,NSRGY,90.75,90.82,90.27,90.33,1802186.0
2025-09-23,NTDOY,21.5,21.67,21.5,21.55,575969.0
2025-09-23,RHHBY,41.98,42.073,41.705,41.81,841323.0
2025-09-23,SFTBY,61.85,62.5,61.05,61.62,319349.0
2025-09-23,TCEHY,81.98,82.18,81.51,81.53,1175939.0
2025-09-23,VWAGY,11.04,11.22,11.02,11.15,982074.0
2025-09-24,BACHY,13.52,13.64,13.52,13.57,116235.0
2025-09-24,BASFY,12.39,12.461,12.39,12.41,300906.0
2025-09-24,BYDDY,13.5,13.51,13.43,13.46,3149548.0
2025-09-24,DTEGY,33.53,33.65,33.4995,33.55,157249.0
2025-09-24,NSRGY,89.55,89.9,89.26,89.27,3030828.0
2025-09-24,NTDOY,21.92,22.07,21.82,21.88,677554.0
2025-09-24,RHHBY,41.04,41.28,40.81,40.91,1202175.0
2025-09-24,SFTBY,64.0,64.9,63.2,63.37,1049226.0
2025-09-24,TCEHY,83.36,83.37,82.7,82.79,3571920.0
2025-09-24,VWAGY,10.9,11.2,10.89,11.11,180818.0
2025-09-25,BACHY,13.68,13.68,13.24,13.25,121175.0
2025-09-25,BASFY,12.2,12.32,12.18,12.22,251942.0
2025-09-25,BYDDY,13.81,13.83,13.71,13.79,1519327.0
2025-09-25,DTEGY,33.52,33.65,33.23,33.31,1307191.0
2025-09-25,NSRGY,89.88,90.014,88.53,88.61,2944403.0
2025-09-25,NTDOY,21.48,21.6,21.3,21.31,825668.0
2025-09-25,RHHBY,40.46,40.56,39.76,40.02,2668231.0
2025-09-25,SFTBY,64.0,64.95,63.3,64.9,893275.0
2025-09-25,TCEHY,83.49,83.51,82.83,83.31,1307248.0
2025-09-25,VWAGY,11.1,11.1,10.88,10.89,187232.0
2025-09-26,BACHY,13.266,13.52,13.05,13.52,154199.0
2025-09-26,BASFY,12.27,12.42,12.27,12.4,198483.0
2025-09-26,BYDDY,13.6,13.68,13.58,13.66,1418257.0
2025-09-26,DTEGY,33.54,33.66,33.44,33.48,478483.0
2025-09-26,NSRGY,88.888,89.23,88.8,89.11,1212437.0
2025-09-26,NTDOY,21.47,21.74,21.47,21.66,722319.0
2025-09-26,RHHBY,39.86,40.01,39.5,39.55,2582492.0
2025-09-26,SFTBY,63.29,63.79,62.03,63.13,255814.0
2025-09-26,TCEHY,83.0,83.49,82.6,83.39,969607.0
2025-09-26,VWAGY,10.87,10.89,10.75,10.87,686682.0
2025-09-29,BACHY,13.58,13.6,13.32,13.55,200357.0
2025-09-29,BASFY,12.43,12.5,12.405,12.47,112949.0
2025-09-29,BYDDY,13.95,13.97,13.86,13.92,1578203.0
2025-09-29,NSRGY,89.57,90.82,89.37,90.27,847835.0
2025-09-29,NTDOY,21.55,21.66,21.4,21.57,687809.0
2025-09-29,RHHBY,39.93,40.19,39.78,40.06,2350071.0
2025-09-29,SFTBY,63.23,64.83,63.21,64.66,362211.0
2025-09-29,TCEHY,84.6,85.35,84.6,84.98,1215151.0
2025-09-29,VWAGY,10.91,10.96,10.9,10.93,34135.0
2025-09-30,BACHY,13.4,13.67,13.4,13.64,67406.0
2025-09-30,BASFY,12.36,12.46,12.32,12.43,119952.0
2025-09-30,BYDDY,14.1,14.15,14.02,14.09,2258618.0
2025-09-30,DTEGY,33.93,34.01,33.9,33.96,84345.0
2025-09-30,NSRGY,91.36,92.04,91.32,91.81,597773.0
2025-09-30,NTDOY,21.49,21.59,21.3,21.34,1303834.0
2025-09-30,RHHBY,40.12,42.9988,40.05,41.41,2201733.0
2025-09-30,SFTBY,63.0,63.3,62.14,63.3,580279.0
2025-09-30,TCEHY,85.61,85.75,85.0,85.15,1784724.0
2025-09-30,VWAGY,10.86,11.01,10.86,11.0,216668.0
2025-10-01,BACHY,13.37,13.8,13.37,13.66,64657.0
2025-10-01,BASFY,12.56,12.5705,12.45,12.49,55923.0
2025-10-01,BYDDY,14.08,14.18,14.08,14.15,1441059.0
2025-10-01,DTEGY,34.28,34.44,34.28,34.36,29632.0
2025-10-01,NSRGY,92.82,93.08,92.23,92.69,545130.0
2025-10-01,NTDOY,21.98,22.16,21.89,21.96,910751.0
2025-10-01,RHHBY,43.71,44.46,43.7,44.12,829083.0
2025-10-01,SFTBY,62.47,64.46,62.03,64.36,2041492.0
2025-10-01,TCEHY,85.41,85.95,85.24,85.77,2481130.0
2025-10-01,VWAGY,11.075,11.12,10.985,11.05,217952.0
2025-10-02,BACHY,13.8,13.8,13.6,13.6,72387.0
2025-10-02,BASFY,12.73,12.78,12.659,12.78,169232.0
2025-10-02,BYDDY,14.52,14.58,14.4,14.4,1909780.0
2025-10-02,DTEGY,34.29,34.3,33.999,34.14,661952.0
2025-10-02,NSRGY,93.495,93.632,92.87,93.26,646574.0
2025-10-02,NTDOY,21.51,21.8,21.44,21.48,933655.0
2025-10-02,RHHBY,44.85,45.0,44.41,44.6,1431504.0
2025-10-02,SFTBY,65.0,66.52,64.95,66.11,384761.0
2025-10-02,TCEHY,86.67,87.12,86.36,86.57,1877552.0
2025-10-02,VWAGY,11.155,11.19,11.02,11.09,121263.0
2025-10-03,BACHY,13.54,14.235,13.5,13.52,134726.0
2025-10-03,BASFY,12.86,13.0,12.85,12.93,170357.0
2025-10-03,BYDDY,14.1,14.13,13.88,13.9,2807499.0
2025-10-03,DTEGY,34.21,34.21,33.98,34.08,2228569.0
2025-10-03,NSRGY,93.01,93.49,92.91,92.98,794952.0
2025-10-03,NTDOY,21.52,21.56,21.41,21.46,692211.0
2025-10-03,RHHBY,45.05,45.46,45.01,45.27,2277795.0
2025-10-03,SFTBY,68.24,68.65,66.96,67.04,944259.0
2025-10-03,TCEHY,86.62,86.8,86.3,86.51,1249913.0
2025-10-03,VWAGY,11.06,11.08,10.97,11.04,168388.0
2025-10-06,BYDDY,13.87,14.0,13.82,13.98,1564968.0
2025-10-06,NTDOY,21.49,21.54,21.39,21.39,694478.0
2025-10-06,SFTBY,70.0,72.0,70.0,71.51,682716.0
2025-10-06,TCEHY,86.82,87.68,86.82,87.33,1174717.0
2025-10-07,BYDDY,13.94,14.0,13.79,13.81,1834634.0
2025-10-07,NTDOY,21.41,21.47,21.2,21.2,680653.0
2025-10-07,SFTBY,71.25,71.25,68.36,68.78,410215.0
2025-10-07,TCEHY,87.33,87.5,86.0,86.13,1031591.0
2025-10-08,BYDDY,14.04,14.09,13.97,14.09,1340136.0
2025-10-08,NTDOY,21.17,21.17,21.01,21.14,866698.0
2025-10-08,SFTBY,68.54,69.13,67.0,69.13,410404.0
2025-10-08,TCEHY,86.62,86.94,86.15,86.83,1210024.0
2025-10-09,BYDDY,14.1,14.15,13.81,13.86,2384838.0
2025-10-09,NTDOY,20.77,20.77,20.44,20.48,833157.0
2025-10-09,SFTBY,75.75,76.5,74.13,74.8,443126.0
2025-10-09,TCEHY,86.93,86.93,85.01,85.36,2044422.0
2025-10-10,BYDDY,13.86,13.95,13.1,13.12,4212290.0
2025-10-10,NTDOY,20.25,20.25,19.55,19.6,1688754.0
2025-10-10,SFTBY,71.04,72.24,68.28,68.41,526308.0
2025-10-10,TCEHY,83.79,84.22,79.41,79.96,5222864.0
2025-10-13,BYDDY,13.57,13.66,13.47,13.5,1673773.0
2025-10-13,NTDOY,20.0,20.09,19.76,19.84,960583.0
2025-10-13,SFTBY,71.39,73.74,70.7,73.13,358804.0
2025-10-13,TCEHY,81.8,82.3,81.51,81.63,2118668.0
2025-10-14,BYDDY,13.5,13.53,13.33,13.48,2220390.0
2025-10-14,NTDOY,20.46,20.58,20.2,20.45,1011430.0
2025-10-14,SFTBY,68.3,70.59,67.77,69.27,1105722.0
2025-10-14,TCEHY,79.45,80.99,79.41,80.25,1849004.0
2025-10-15,BYDDY,13.9,13.93,13.71,13.79,2300409.0
2025-10-15,NTDOY,20.53,20.74,20.53,20.61,654318.0
2025-10-15,SFTBY,73.65,74.0,72.0,73.15,336889.0
2025-10-15,TCEHY,80.52,80.96,80.0,80.26,1696742.0
2025-10-16,BYDDY,13.78,13.94,13.72,13.79,2749983.0
2025-10-16,NTDOY,19.93,20.19,19.91,20.1,958806.0
2025-10-16,SFTBY,77.95,79.46,76.74,77.72,1205439.0
2025-10-16,TCEHY,79.99,80.19,79.42,79.68,1594640.0
2025-10-17,BACHY,13.875,13.972,13.84,13.9,173563.0
2025-10-17,BASFY,12.63,12.73,12.62,12.72,117228.0
2025-10-17,BYDDY,13.42,13.65,13.4,13.64,2175157.0
2025-10-17,DTEGY,34.66,34.88,34.65,34.84,347628.0
2025-10-17,NSRGY,105.93,106.895,105.85,106.55,242072.0
2025-10-17,NTDOY,20.8,21.07,20.75,20.94,1151088.0
2025-10-17,RHHBY,44.55,45.21,44.491,45.11,1922478.0
2025-10-17,SFTBY,76.26,78.16,75.52,77.99,794576.0
2025-10-17,TCEHY,78.9,80.44,78.88,80.21,2521308.0
2025-10-17,VWAGY,10.75,10.95,10.69,10.83,517654.0
2025-10-20,BYDDY,13.5,13.66,13.44,13.65,1184714.0
2025-10-20,NTDOY,21.41,21.46,21.26,21.3,886985.0
2025-10-20,SFTBY,82.4,84.99,82.3,83.76,712869.0
2025-10-20,TCEHY,80.75,82.02,80.54,81.73,2720496.0
2025-10-21,BYDDY,13.4,13.44,13.25,13.29,2215233.0
2025-10-21,NTDOY,21.89,21.89,21.65,21.71,1114337.0
2025-10-21,SFTBY,82.68,83.3,81.06,81.82,381961.0
2025-10-21,TCEHY,81.05,81.05,80.51,80.8,1591797.0
2025-10-22,BYDDY,13.21,13.27,13.12,13.21,1924001.0
2025-10-22,NTDOY,21.59,21.65,21.29,21.34,1092179.0
2025-10-22,SFTBY,77.07,77.99,74.43,75.69,500077.0
2025-10-22,TCEHY,80.26,80.56,79.15,79.95,1694745.0
2025-10-23,BACHY,13.803,14.2,13.8,14.16,65325.0
2025-10-23,BASFY,12.609,12.69,12.59,12.63,2217903.0
2025-10-23,BYDDY,13.32,13.48,13.29,13.45,1653772.0
2025-10-23,DTEGY,34.5899,34.59,33.98,34.18,865241.0
2025-10-23,NSRGY,101.5901,101.74,100.96,101.34,578070.0
2025-10-23,NTDOY,21.35,21.47,21.23,21.336,713484.0
2025-10-23,RHHBY,42.23,42.77,42.21,42.4,5600003.0
2025-10-23,SFTBY,73.86,75.46,73.32,75.31,363465.0
2025-10-23,TCEHY,81.38,82.5,81.19,81.82,1888828.0
2025-10-23,VWAGY,10.43,10.46,10.4,10.4,312990.0
2025-10-24,BACHY,14.18,14.36,14.08,14.1,109483.0
2025-10-24,BASFY,12.63,12.67,12.61,12.63,292482.0
2025-10-24,BYDDY,13.43,13.43,13.36,13.37,1191910.0
2025-10-24,DTEGY,33.94,33.96,33.68,33.69,542148.0
2025-10-24,NSRGY,100.82,100.87,100.34,100.51,359738.0
2025-10-24,NTDOY,21.08,21.08,20.85,20.9,1044306.0
2025-10-24,RHHBY,42.82,42.85,42.25,42.39,2723643.0
2025-10-24,SFTBY,79.09,79.68,78.5,78.76,271021.0
2025-10-24,TCEHY,82.3,82.53,82.04,82.16,1357154.0
2025-10-24,VWAGY,10.51,10.64,10.5,10.59,226128.0
2025-10-27,BYDDY,13.6,13.61,13.52,13.58,1693618.0
2025-10-27,NTDOY,21.3,21.3,21.14,21.2,685794.0
2025-10-27,SFTBY,82.72,83.93,82.52,83.66,256862.0
2025-10-27,TCEHY,84.7,84.85,84.41,84.68,1903147.0
2025-10-28,BACHY,14.21,14.44,14.0,14.23,43628.0
2025-10-28,BASFY,12.52,12.6,12.41,12.58,224427.0
2025-10-28,BYDDY,13.53,13.59,13.46,13.55,2482805.0
2025-10-28,DTEGY,33.88,34.09,33.77,33.87,672018.0
2025-10-28,NSRGY,99.55,100.18,99.23,99.8,407915.0
2025-10-28,NTDOY,21.31,21.72,21.27,21.65,3445975.0
2025-10-28,RHHBY,41.5535,41.56,40.89,41.19,2061399.0
2025-10-28,SFTBY,88.25,88.9,86.01,86.89,695818.0
2025-10-28,TCEHY,83.15,83.85,83.0,83.84,1538043.0
2025-10-28,VWAGY,10.7,10.8,10.68,10.77,402516.0
2025-10-29,BACHY,14.3,14.34,14.2,14.2,52170.0
2025-10-29,BASFY,12.72,12.79,12.52,12.59,178464.0
2025-10-29,BYDDY,13.6,13.61,13.46,13.51,1159790.0
2025-10-29,DTEGY,33.69,34.1345,32.65,32.74,792692.0
2025-10-29,NSRGY,99.15,99.21,98.23,98.37,416072.0
2025-10-29,NTDOY,21.46,21.46,21.036,21.15,1907850.0
2025-10-29,RHHBY,41.05,41.07,40.32,40.52,1364797.0
2025-10-29,SFTBY,89.5,90.0,75.0,88.66,784784.0
2025-10-29,TCEHY,83.88,84.77,83.88,84.3,1609131.0
2025-10-29,VWAGY,10.78,10.92,10.5,10.65,788477.0
2025-10-30,BACHY,14.2235,14.33,14.17,14.21,58657.0
2025-10-30,BYDDY,13.22,13.25,12.89,12.95,4371829.0
2025-10-30,DTEGY,31.67,32.15,31.55,31.6,1193956.0
2025-10-30,NSRGY,97.05,97.29,96.12,96.27,1098974.0
2025-10-30,NTDOY,21.04,21.04,20.78,20.83,1279106.0
2025-10-30,RHHBY,40.68,40.84,40.55,40.63,1893252.0
2025-10-30,SFTBY,85.68,86.44,84.77,85.1,352915.0
2025-10-30,TCEHY,83.41,83.85,83.27,83.47,2713954.0
2025-10-30,VWAGY,10.57,10.665,10.47,10.47,1045694.0
2025-10-31,BACHY,14.05,14.15,14.04,14.1,43270.0
2025-10-31,BASFY,12.34,12.34,12.26,12.28,197521.0
2025-10-31,BYDDY,12.84,12.95,12.77,12.94,1969648.0
2025-10-31,DTEGY,31.18,31.23,31.02,31.12,1545227.0
2025-10-31,NSRGY,95.19,95.68,94.875,95.52,539214.0
2025-10-31,NTDOY,21.0,21.57,21.0,21.44,1202573.0
2025-10-31,RHHBY,40.42,40.51,40.1,40.25,686930.0
2025-10-31,SFTBY,88.0,89.8,86.99,87.91,261625.0
2025-10-31,TCEHY,81.2,81.43,80.57,81.37,1886285.0
2025-10-31,VWAGY,10.53,10.54,10.45,10.47,1116734.0
2025-11-03,BACHY,14.16,14.58,14.16,14.44,132667.0
2025-11-03,BASFY,12.35,12.39,12.29,12.32,182460.0
2025-11-03,BYDDY,12.73,12.78,12.55,12.61,3074589.0
2025-11-03,DTEGY,31.02,31.08,30.73,30.77,1474865.0
2025-11-03,NSRGY,95.93,96.33,95.78,96.05,380149.0
2025-11-03,NTDOY,21.42,21.69,21.31,21.63,2043490.0
2025-11-03,RHHBY,40.45,40.54,40.07,40.19,1757092.0
2025-11-03,SFTBY,87.91,89.25,87.39,88.52,223144.0
2025-11-03,TCEHY,80.6,80.81,80.12,80.63,965830.0
2025-11-03,VWAGY,10.69,10.73,10.65,10.71,307014.0
2025-11-04,BACHY,14.58,14.58,14.41,14.46,194826.0
2025-11-04,BASFY,11.98,12.02,11.93,11.97,348337.0
2025-11-04,BYDDY,12.35,12.41,12.26,12.29,3094884.0
2025-11-04,DTEGY,30.35,30.75,30.31,30.65,954502.0
2025-11-04,NSRGY,97.1199,97.61,96.84,97.44,579786.0
2025-11-04,NTDOY,22.25,22.75,22.04,22.14,2457815.0
2025-11-04,RHHBY,40.26,40.82,40.25,40.5,2704741.0
2025-11-04,SFTBY,81.15,82.21,80.5,81.06,609076.0
2025-11-04,TCEHY,80.4,81.08,80.21,80.25,1895093.0
2025-11-04,VWAGY,10.53,10.57,10.5,10.52,572294.0
2025-11-05,BACHY,14.495,14.58,14.42,14.57,115290.0
2025-11-05,BASFY,12.2801,12.35,12.24,12.34,230704.0
2025-11-05,BYDDY,12.2,12.32,12.2,12.28,1442187.0
2025-11-05,DTEGY,30.55,30.68,30.43,30.64,516178.0
2025-11-05,NSRGY,97.2399,97.74,97.0175,97.54,737427.0
2025-11-05,NTDOY,22.4,22.48,21.83,22.0,1952690.0
2025-11-05,RHHBY,40.57,40.94,40.52,40.73,1605106.0
2025-11-05,SFTBY,75.45,78.39,74.1,76.26,748830.0
2025-11-05,TCEHY,80.66,81.68,80.66,81.31,1598616.0
2025-11-05,VWAGY,10.785,10.88,10.74,10.88,411056.0
2025-11-06,BACHY,14.58,14.66,14.56,14.63,43345.0
2025-11-06,BASFY,12.34,12.38,12.3,12.36,205812.0
2025-11-06,BYDDY,12.53,12.55,12.38,12.45,1130721.0
2025-11-06,DTEGY,30.56,30.62,30.36,30.52,1693537.0
2025-11-06,NSRGY,97.56,98.03,97.38,97.55,653509.0
2025-11-06,NTDOY,22.78,22.89,22.47,22.61,1545095.0
2025-11-06,RHHBY,40.85,41.17,40.73,41.01,1973169.0
2025-11-06,SFTBY,76.28,76.4,72.6,72.79,665214.0
2025-11-06,TCEHY,82.7,82.92,82.08,82.39,1828383.0
2025-11-06,VWAGY,10.95,10.98,10.84,10.86,1121160.0
2025-11-07,BACHY,14.635,14.86,14.515,14.68,196884.0
2025-11-07,BASFY,12.17,12.36,12.17,12.35,104958.0
2025-11-07,BYDDY,12.44,12.48,12.28,12.37,3307073.0
2025-11-07,DTEGY,30.49,31.0,30.49,30.97,1014252.0
2025-11-07,NSRGY,97.59,98.55,97.59,98.55,516488.0
2025-11-07,NTDOY,22.33,22.518,22.0,22.4,1290867.0
2025-11-07,RHHBY,41.49,41.94,41.43,41.82,2544436.0
2025-11-07,SFTBY,68.84,70.5,66.93,70.47,846360.0
2025-11-07,TCEHY,80.97,81.57,80.48,81.48,1967051.0
2025-11-07,VWAGY,11.09,11.1,10.99,11.05,381557.0
2025-11-10,BACHY,14.86,14.86,14.7475,14.82,50304.0
2025-11-10,BASFY,12.45,12.47,12.34,12.44,306525.0
2025-11-10,BYDDY,13.12,13.18,12.96,13.09,1762611.0
2025-11-10,DTEGY,30.76,31.01,30.74,30.95,1314453.0
2025-11-10,NSRGY,98.5599,98.95,97.84,98.69,428968.0
2025-11-10,NTDOY,21.853,21.95,21.58,21.93,577255.0
2025-11-10,RHHBY,43.3,43.94,43.11,43.73,3913637.0
2025-11-10,SFTBY,72.8,73.0,70.66,72.4,650517.0
2025-11-10,TCEHY,83.45,83.83,83.07,83.57,1628372.0
2025-11-10,VWAGY,11.14,11.2,11.11,11.19,221722.0
2025-11-11,BACHY,15.0,15.07,14.57,15.04,103948.0
2025-11-11,BASFY,12.52,12.63,12.5,12.62,244949.0
2025-11-11,BYDDY,13.0,13.06,12.96,12.96,830899.0
2025-11-11,DTEGY,31.32,31.51,31.3,31.48,388978.0
2025-11-11,NSRGY,101.5,101.94,101.43,101.71,356014.0
2025-11-11,NTDOY,21.86,22.18,21.86,22.12,1292038.0
2025-11-11,RHHBY,44.4,45.5,44.4,45.4,5110772.0
2025-11-11,SFTBY,77.54,77.58,72.95,75.0,590442.0
2025-11-11,TCEHY,83.46,84.32,83.31,83.77,1537148.0
2025-11-11,VWAGY,11.3801,11.53,11.38,11.5,360465.0
2025-11-12,BACHY,15.25,15.25,14.57,15.12,49046.0
2025-11-12,BASFY,12.6,12.7,12.6,12.64,144107.0
2025-11-12,BYDDY,12.88,12.9,12.77,12.79,1941199.0
2025-11-12,DTEGY,31.51,31.86,31.51,31.75,414443.0
2025-11-12,NSRGY,102.04,102.53,101.87,101.88,625782.0
2025-11-12,NTDOY,22.25,22.54,22.25,22.48,766421.0
2025-11-12,RHHBY,45.28,45.67,45.27,45.39,1550970.0
2025-11-12,SFTBY,71.11,72.13,70.54,70.6,1104746.0
2025-11-12,TCEHY,84.5,84.63,83.38,84.0,1724527.0
2025-11-12,VWAGY,11.66,11.735,11.61,11.62,279808.0
2025-11-13,BACHY,15.185,15.25,15.145,15.16,60988.0
2025-11-13,BASFY,12.7,12.83,12.69,12.69,353653.0
2025-11-13,BYDDY,13.14,13.18,12.91,12.95,1636085.0
2025-11-13,DTEGY,31.4,31.81,31.15,31.73,834020.0
2025-11-13,NSRGY,101.78,102.56,101.71,101.85,976488.0
2025-11-13,NTDOY,21.955,22.12,21.64,21.65,1139870.0
2025-11-13,RHHBY,45.51,46.0,45.5,45.59,3197946.0
2025-11-13,SFTBY,66.94,67.43,63.46,63.99,1512930.0
2025-11-13,TCEHY,85.94,86.0,81.53,83.34,4079155.0
2025-11-13,VWAGY,11.68,11.8,11.68,11.73,548511.0
2025-11-14,BYDDY,12.68,12.96,12.67,12.83,2118537.0
2025-11-14,NTDOY,21.24,22.595,21.23,21.86,1378533.0
2025-11-14,SFTBY,62.15,65.25,61.0,63.85,1148196.0
2025-11-14,TCEHY,81.65,83.0,79.71,81.87,2915085.0
2025-11-17,BYDDY,12.84,12.9,12.62,12.69,937428.0
2025-11-17,NTDOY,21.6,21.84,21.22,21.34,787119.0
2025-11-17,SFTBY,65.31,65.95,63.0,63.55,763095.0
2025-11-17,TCEHY,81.18,81.85,80.58,80.93,1954970.0
2025-11-18,BYDDY,12.41,12.46,12.35,12.39,1814981.0
2025-11-18,NTDOY,21.33,21.48,21.05,21.215,837663.0
2025-11-18,SFTBY,60.6,61.48,59.2,59.89,997835.0
2025-11-18,TCEHY,79.97,80.49,79.44,80.16,2465804.0
2025-11-19,BYDDY,12.31,12.33,12.18,12.24,1355676.0
2025-11-19,NTDOY,20.9,21.14,20.8,20.93,649745.0
2025-11-19,SFTBY,60.66,62.12,60.32,60.98,901461.0
2025-11-19,TCEHY,79.66,79.9,79.04,79.55,2061742.0
2025-11-20,BYDDY,12.22,12.26,11.91,11.92,1784699.0
2025-11-20,NTDOY,20.945,21.26,20.68,20.73,823496.0
2025-11-20,SFTBY,60.96,62.55,56.78,56.93,1239965.0
2025-11-20,TCEHY,79.87,79.97,77.72,77.83,2766055.0
2025-11-21,BYDDY,11.85,12.04,11.81,12.0,2239061.0
2025-11-21,NTDOY,21.17,21.27,20.97,21.17,984721.0
2025-11-21,SFTBY,55.29,55.68,52.3,55.63,1432416.0
2025-11-21,TCEHY,78.09,79.34,77.71,79.04,2827205.0
2025-11-24,BYDDY,12.12,12.24,12.12,12.21,1347646.0
2025-11-24,NTDOY,21.32,21.44,20.92,21.35,650201.0
2025-11-24,SFTBY,54.85,56.55,54.71,56.26,776054.0
2025-11-24,TCEHY,80.0,80.97,80.0,80.83,3078770.0
2025-11-25,BYDDY,12.29,12.34,12.22,12.28,1765234.0
2025-11-25,NTDOY,21.17,21.17,20.87,21.11,785169.0
2025-11-25,SFTBY,49.25,50.06,47.58,50.04,1695684.0
2025-11-25,TCEHY,80.79,80.84,79.87,79.99,2471888.0
2025-11-26,BYDDY,12.57,12.65,12.06,12.4,1998786.0
2025-11-26,NTDOY,20.86,21.32,20.86,21.22,912446.0
2025-11-26,SFTBY,52.98,53.6,52.19,52.8,1148004.0
2025-11-26,TCEHY,79.55,79.88,78.27,78.95,3181480.0
2025-11-28,BYDDY,12.4,12.59,12.36,12.53,565255.0
2025-11-28,NTDOY,21.42,21.42,21.03,21.16,755625.0
2025-11-28,SFTBY,53.53,54.4,53.05,53.81,325853.0
2025-11-28,TCEHY,78.85,79.28,78.46,79.04,1125684.0
2025-12-01,BYDDY,12.5,12.63,12.5,12.62,1715946.0
2025-12-01,NTDOY,20.94,21.11,20.88,20.96,1005942.0
2025-12-01,SFTBY,53.0,53.66,52.41,52.99,854812.0
2025-12-01,TCEHY,79.5,80.36,79.42,79.81,1661661.0
2025-12-02,BYDDY,12.76,12.82,12.68,12.75,1159124.0
2025-12-02,NTDOY,20.72,20.75,20.49,20.59,952391.0
2025-12-02,SFTBY,51.26,52.18,51.06,51.65,643578.0
2025-12-02,TCEHY,79.0,79.24,78.55,79.16,2040968.0
2025-12-03,BYDDY,12.56,12.6,12.51,12.57,1055084.0
2025-12-03,NTDOY,20.1,20.51,20.1,20.28,1101258.0
2025-12-03,SFTBY,53.0,54.98,52.36,54.94,996184.0
2025-12-03,TCEHY,78.34,78.8,78.0,78.51,1637890.0
2025-12-04,BYDDY,12.57,12.59,12.53,12.59,1130586.0
2025-12-04,NTDOY,20.59,20.9,20.5,20.58,1003438.0
2025-12-04,SFTBY,58.3,59.29,58.02,58.34,663112.0
2025-12-04,TCEHY,78.59,78.62,77.85,78.12,1724252.0
2025-12-05,BYDDY,12.69,12.72,12.51,12.6,1835530.0
2025-12-05,NTDOY,20.07,20.29,19.83,19.94,3056581.0
2025-12-05,SFTBY,62.6,63.2,60.45,62.12,1031350.0
2025-12-05,TCEHY,78.24,78.61,77.96,78.19,1132131.0
2025-12-08,BYDDY,12.7,12.75,12.58,12.72,3480128.0
2025-12-08,NTDOY,19.71,19.92,19.6,19.61,2218844.0
2025-12-08,SFTBY,60.33,60.65,58.6,58.94,540472.0
2025-12-08,TCEHY,77.76,78.04,74.58,77.77,1960925.0
2025-12-09,BYDDY,12.5,12.55,12.45,12.5,1185786.0
2025-12-09,NTDOY,18.89,19.07,18.84,18.9,2695186.0
2025-12-09,SFTBY,61.49,61.49,59.25,60.45,334484.0
2025-12-09,TCEHY,77.24,77.39,76.91,77.31,1359930.0
2025-12-10,BYDDY,12.53,12.6,12.46,12.56,1445910.0
2025-12-10,NTDOY,18.39,18.58,18.35,18.53,1799918.0
2025-12-10,SFTBY,58.61,59.57,58.42,59.4,583540.0
2025-12-10,TCEHY,77.5,77.93,77.28,77.33,2048787.0
2025-12-11,BACHY,14.1,14.13,14.04,14.12,44431.0
2025-12-11,BASFY,12.94,13.09,12.94,13.07,214973.0
2025-12-11,BYDDY,12.54,12.58,12.44,12.57,1044511.0
2025-12-11,DTEGY,31.38,31.73,31.38,31.66,1044370.0
2025-12-11,NSRGY,97.78,98.48,97.65,97.68,831379.0
2025-12-11,NTDOY,18.43,18.68,18.42,18.6,1874484.0
2025-12-11,RHHBY,50.02,50.3,49.43,50.1,5476735.0
2025-12-11,SFTBY,56.38,60.0,55.3,59.05,1239909.0
2025-12-11,TCEHY,77.61,77.99,77.31,77.66,2050716.0
2025-12-11,VWAGY,12.73,12.8,12.68,12.69,330662.0
2025-12-12,BACHY,14.16,14.17,13.97,14.04,80125.0
2025-12-12,BASFY,13.14,13.24,13.07,13.18,83168.0
2025-12-12,BYDDY,12.57,12.67,12.34,12.36,808533.0
2025-12-12,DTEGY,31.4501,31.62,31.39,31.57,2963069.0
2025-12-12,NSRGY,97.56,98.35,97.56,97.9,160930.0
2025-12-12,NTDOY,18.95,18.95,18.38,18.56,2040728.0
2025-12-12,RHHBY,49.67,50.08,49.6,50.05,2774914.0
2025-12-12,SFTBY,56.5,57.05,53.35,54.95,1096735.0
2025-12-12,TCEHY,78.92,79.04,77.55,77.81,1919445.0
2025-12-15,BACHY,14.045,14.12,14.045,14.08,90015.0
2025-12-15,BASFY,12.98,13.0,12.87,12.94,143079.0
2025-12-15,BYDDY,12.26,12.33,12.2,12.21,894682.0
2025-12-15,DTEGY,31.38,31.48,31.19,31.3,2381165.0
2025-12-15,NSRGY,98.54,99.25,98.54,98.75,291822.0
2025-12-15,NTDOY,18.5,18.68,18.29,18.32,1478474.0
2025-12-15,RHHBY,50.25,50.8,50.25,50.57,5612584.0
2025-12-15,SFTBY,53.75,54.72,52.57,52.59,616409.0
2025-12-15,TCEHY,77.53,77.8,76.84,77.15,1756909.0
2025-12-15,VWAGY,12.8,12.82,12.69,12.74,132869.0
2025-12-16,BYDDY,12.11,12.15,12.04,12.11,1128027.0
2025-12-16,NTDOY,18.4,18.4,18.16,18.16,1966490.0
2025-12-16,SFTBY,52.71,54.07,52.71,53.57,941629.0
2025-12-16,TCEHY,76.58,77.05,76.22,76.98,1671461.0
2025-12-17,BACHY,13.89,13.89,13.89,13.89,308.0
2025-12-17,BASFY,12.87,13.02,12.87,12.98,77542.0
2025-12-17,BYDDY,12.2,12.23,12.0,12.03,1941064.0
2025-12-17,DTEGY,31.36,31.98,31.36,31.88,556454.0
2025-12-17,NSRGY,99.0,99.88,99.0,99.82,462857.0
2025-12-17,NTDOY,18.0,18.02,17.62,17.65,2219301.0
2025-12-17,RHHBY,49.86,50.45,49.51,49.81,4824665.0
2025-12-17,SFTBY,53.46,54.5,50.58,51.25,800479.0
2025-12-17,TCEHY,77.93,77.93,76.38,76.52,2190429.0
2025-12-17,VWAGY,12.31,12.4,12.29,12.33,168936.0
2025-12-18,BACHY,14.045,14.11,14.03,14.06,86691.0
2025-12-18,BASFY,12.87,12.93,12.795,12.84,139929.0
2025-12-18,BYDDY,12.05,12.12,12.01,12.02,923336.0
2025-12-18,DTEGY,31.9,32.23,31.855,32.05,776879.0
2025-12-18,NSRGY,100.25,100.71,100.0,100.36,382723.0
2025-12-18,NTDOY,17.58,17.71,17.53,17.55,1660867.0
2025-12-18,RHHBY,49.98,50.43,49.89,50.14,3591683.0
2025-12-18,SFTBY,52.87,53.75,52.44,52.51,433920.0
2025-12-18,TCEHY,77.85,78.4,77.58,77.6,2013949.0
2025-12-18,VWAGY,12.27,12.36,12.24,12.28,120655.0
2025-12-19,BASFY,12.82,12.8401,12.77,12.8,119026.0
2025-12-19,BYDDY,12.0,12.06,11.95,12.0,1801681.0
2025-12-19,DTEGY,32.045,32.24,31.92,32.11,1074014.0
2025-12-19,NSRGY,99.15,99.38,98.8,99.15,492877.0
2025-12-19,NTDOY,17.1,17.19,16.95,17.01,2592881.0
2025-12-19,RHHBY,50.86,51.49,50.84,51.48,2176870.0
2025-12-19,SFTBY,54.3,55.74,54.3,55.31,517032.0
2025-12-19,TCEHY,78.84,79.36,78.73,78.81,2689063.0
2025-12-19,VWAGY,12.27,12.36,12.2201,12.23,197350.0
2025-12-22,BACHY,14.2,14.2,14.07,14.09,54061.0
2025-12-22,BASFY,12.82,12.86,12.75,12.82,369764.0
2025-12-22,BYDDY,12.0,12.06,11.95,12.0,2132815.0
2025-12-22,DTEGY,32.09,32.38,32.09,32.24,829627.0
2025-12-22,NSRGY,98.14,98.63,98.1,98.5,499333.0
2025-12-22,NTDOY,16.42,16.83,16.35,16.7,2861950.0
2025-12-22,RHHBY,50.86,51.67,50.8,51.37,6621283.0
2025-12-22,SFTBY,56.93,57.35,55.99,56.2,777968.0
2025-12-22,TCEHY,78.76,79.12,78.69,78.93,1275586.0
2025-12-23,BACHY,14.14,14.21,14.14,14.19,36438.0
2025-12-23,BASFY,12.87,12.87,12.75,12.82,242131.0
2025-12-23,BYDDY,11.91,11.92,11.83,11.91,1446394.0
2025-12-23,DTEGY,32.16,32.53,32.16,32.44,607425.0
2025-12-23,NSRGY,98.92,98.99,98.16,98.29,1064366.0
2025-12-23,NTDOY,16.72,16.87,16.66,16.7,3321857.0
2025-12-23,RHHBY,52.27,52.48,52.17,52.38,4123708.0
2025-12-23,SFTBY,56.57,56.75,55.0,55.67,2284434.0
2025-12-23,TCEHY,77.17,77.59,76.61,77.59,2154397.0
2025-12-23,VWAGY,12.2901,12.3,12.17,12.25,334433.0
2025-12-24,BACHY,13.95,14.3,13.95,14.2,87204.0
2025-12-24,BASFY,13.2,13.2,12.74,12.88,71373.0
2025-12-24,BYDDY,12.0,12.0,11.96,12.0,473994.0
2025-12-24,DTEGY,32.0,32.85,32.0,32.48,244132.0
2025-12-24,NSRGY,98.0,99.111,98.0,98.45,203485.0
2025-12-24,NTDOY,16.62,16.78,16.57,16.7,1571576.0
2025-12-24,RHHBY,53.0,53.0,52.42,52.53,1224209.0
2025-12-24,SFTBY,55.67,56.88,55.55,55.86,511245.0
2025-12-24,TCEHY,77.25,77.88,77.25,77.42,584329.0
2025-12-24,VWAGY,11.93,12.25,11.88,12.25,88695.0
2025-12-26,BACHY,14.25,14.32,14.2,14.31,39931.0
2025-12-26,BASFY,12.88,12.89,12.8,12.83,287284.0
2025-12-26,BYDDY,12.2,12.59,12.18,12.5,2630985.0
2025-12-26,DTEGY,32.4,32.56,32.2,32.54,487479.0
2025-12-26,NSRGY,98.1,98.73,98.1,98.48,266919.0
2025-12-26,NTDOY,17.16,17.27,17.12,17.15,1439355.0
2025-12-26,RHHBY,52.54,52.94,52.21,52.29,668087.0
2025-12-26,SFTBY,56.3,56.99,56.03,56.76,154660.0
2025-12-26,TCEHY,77.8,78.39,77.75,78.08,1254996.0
2025-12-26,VWAGY,11.88,12.27,11.88,12.19,162220.0
2025-12-29,BACHY,14.33,14.33,14.12,14.21,29734.0
2025-12-29,BASFY,13.03,13.06,12.92,12.95,160959.0
2025-12-29,BYDDY,12.53,12.55,12.38,12.46,1324250.0
2025-12-29,DTEGY,32.57,32.85,32.52,32.65,709173.0
2025-12-29,NSRGY,98.93,99.85,98.93,99.49,465691.0
2025-12-29,NTDOY,17.08,17.25,17.01,17.11,2228781.0
2025-12-29,RHHBY,52.04,52.23,51.8,51.85,2392458.0
2025-12-29,SFTBY,57.0,58.15,56.8,57.36,205636.0
2025-12-29,TCEHY,76.65,76.97,76.5,76.95,2280886.0
2025-12-29,VWAGY,12.28,12.3,12.189,12.19,276280.0
2025-12-30,BACHY,14.38,14.41,14.35,14.39,36506.0
2025-12-30,BASFY,12.74,13.09,12.74,13.02,185382.0
2025-12-30,BYDDY,12.49,12.57,12.49,12.53,1893204.0
2025-12-30,DTEGY,32.63,32.86,32.27,32.79,527459.0
2025-12-30,NSRGY,98.97,99.58,98.96,99.3,527289.0
2025-12-30,NTDOY,16.92,16.97,16.83,16.85,1026245.0
2025-12-30,RHHBY,51.93,52.02,51.64,51.7,1815910.0
2025-12-30,SFTBY,57.35,57.35,56.73,56.93,323408.0
2025-12-30,TCEHY,77.47,77.47,76.96,77.05,1031237.0
2025-12-30,VWAGY,12.325,12.46,12.17,12.29,268988.0
2025-12-31,BACHY,14.63,14.63,14.23,14.28,44842.0
2025-12-31,BASFY,12.75,13.04,12.75,12.98,125698.0
2025-12-31,BYDDY,12.29,12.35,12.1,12.11,1566849.0
2025-12-31,DTEGY,32.79,32.79,32.44,32.65,301858.0
2025-12-31,NSRGY,98.11,99.17,98.11,98.88,329836.0
2025-12-31,NTDOY,16.75,17.07,16.64,16.86,904060.0
2025-12-31,RHHBY,51.65,52.04,47.83,51.47,792765.0
2025-12-31,SFTBY,56.78,57.38,56.25,56.7,287887.0
2025-12-31,TCEHY,77.0,77.28,76.51,76.55,1014797.0
2025-12-31,VWAGY,11.9001,12.37,11.9,12.21,199849.0
2026-01-02,BACHY,14.52,14.54,14.45,14.51,45030.0
2026-01-02,BASFY,13.03,13.1125,13.01,13.11,196359.0
2026-01-02,BYDDY,12.69,12.8,12.64,12.76,2580841.0
2026-01-02,DTEGY,32.62,32.76,32.44,32.64,679009.0
2026-01-02,NSRGY,98.15,99.59,98.15,99.02,862283.0
2026-01-02,NTDOY,16.86,17.15,16.75,16.85,1866508.0
2026-01-02,RHHBY,51.99,52.07,51.19,51.5,2616026.0
2026-01-02,SFTBY,56.99,58.44,56.99,57.42,561369.0
2026-01-02,TCEHY,79.86,80.56,79.54,80.55,2507361.0
2026-01-02,VWAGY,12.44,12.59,12.43,12.52,172892.0
2026-01-05,BACHY,14.63,14.63,14.23,14.31,29331.0
2026-01-05,BASFY,12.75,12.84,12.7,12.82,186128.0
2026-01-05,BYDDY,12.46,12.47,12.25,12.47,2430178.0
2026-01-05,DTEGY,32.5,32.51,32.01,32.3,837381.0
2026-01-05,NSRGY,96.0,96.75,95.19,96.68,763264.0
2026-01-05,NTDOY,16.9,17.15,16.9,17.0,3636482.0
2026-01-05,RHHBY,51.29,51.41,50.9,51.39,2381562.0
2026-01-05,SFTBY,59.07,60.49,58.88,59.2,565615.0
2026-01-05,TCEHY,79.9,81.18,79.6,81.07,2218538.0
2026-01-05,VWAGY,12.23,12.24,12.13,12.17,118369.0
2026-01-06,BACHY,14.63,14.63,14.18,14.21,133816.0
2026-01-06,BASFY,12.82,13.13,12.82,13.1,116231.0
2026-01-06,BYDDY,12.75,12.76,12.61,12.61,1485484.0
2026-01-06,DTEGY,32.46,32.53,32.06,32.2,708160.0
2026-01-06,NSRGY,95.4701,95.89,95.44,95.6,1514294.0
2026-01-06,NTDOY,17.01,17.14,17.0,17.04,1882210.0
2026-01-06,RHHBY,51.66,52.44,51.65,52.04,3021518.0
2026-01-06,SFTBY,60.0,60.69,59.33,59.55,298346.0
2026-01-06,TCEHY,81.0,81.45,80.85,81.0,2184906.0
2026-01-06,VWAGY,12.11,12.16,12.07,12.14,88798.0
2026-01-07,BACHY,14.52,14.6,14.14,14.27,138056.0
2026-01-07,BASFY,12.98,12.98,12.83,12.87,103843.0
2026-01-07,BYDDY,12.31,12.34,12.1,12.1,2219610.0
2026-01-07,DTEGY,32.12,32.15,31.86,31.9,622212.0
2026-01-07,NSRGY,94.0199,94.11,92.83,93.24,687093.0
2026-01-07,NTDOY,16.5,16.7,16.32,16.33,1981336.0
2026-01-07,RHHBY,52.35,53.25,52.32,53.17,5364877.0
2026-01-07,SFTBY,59.41,60.18,58.68,58.8,352158.0
2026-01-07,TCEHY,79.99,79.99,79.31,79.59,1703894.0
2026-01-07,VWAGY,12.13,12.17,12.0,12.02,111251.0
2026-01-08,BACHY,14.355,14.36,14.13,14.19,35602.0
2026-01-08,BASFY,12.6955,12.91,12.6955,12.9,150804.0
2026-01-08,BYDDY,12.1,12.22,12.07,12.19,808754.0
2026-01-08,DTEGY,32.64,33.01,32.64,32.97,653372.0
2026-01-08,NSRGY,92.28,93.3,92.28,92.99,1646779.0
2026-01-08,NTDOY,16.2,16.26,16.09,16.15,2829256.0
2026-01-08,RHHBY,52.92,53.27,52.65,52.65,13710098.0
2026-01-08,SFTBY,13.8,14.15,13.68,13.9,1302935.0
2026-01-08,TCEHY,79.12,79.39,78.68,78.95,2669167.0
2026-01-08,VWAGY,11.73,11.97,11.71,11.95,182033.0
2026-01-09,BACHY,14.18,14.18,13.88,14.13,39831.0
2026-01-09,BASFY,13.07,13.13,13.02,13.05,143802.0
2026-01-09,BYDDY,12.15,12.19,12.08,12.12,1549923.0
2026-01-09,DTEGY,32.87,33.17,32.85,33.06,386411.0
2026-01-09,NSRGY,93.42,94.28,93.31,94.16,876999.0
2026-01-09,NTDOY,16.22,16.37,16.2,16.29,1527897.0
2026-01-09,RHHBY,53.01,53.54,52.98,53.47,9957034.0
2026-01-09,SFTBY,13.62,14.55,13.6,14.1,2138065.0
2026-01-09,TCEHY,78.59,79.03,78.3,78.94,1149447.0
2026-01-09,VWAGY,12.28,12.31,12.07,12.15,180680.0
2026-01-12,BACHY,14.17,14.3,14.15,14.29,80896.0
2026-01-12,BASFY,13.07,13.07,12.955,13.02,197142.0
2026-01-12,BYDDY,12.26,12.48,12.26,12.44,1616813.0
2026-01-12,DTEGY,33.66,33.7,33.39,33.43,571293.0
2026-01-12,NSRGY,94.33,94.41,93.69,93.78,919594.0
2026-01-12,NTDOY,16.49,16.52,16.29,16.42,2622675.0
2026-01-12,RHHBY,53.67,53.9,53.02,53.1,4063709.0
2026-01-12,SFTBY,14.22,14.55,14.07,14.21,2184608.0
2026-01-12,TCEHY,79.75,82.47,79.7,82.4,5202816.0
2026-01-12,VWAGY,12.06,12.15,11.97,11.98,94226.0
2026-01-13,BACHY,14.28,14.34,14.26,14.33,32031.0
2026-01-13,BASFY,13.04,13.05,12.92,12.97,274321.0
2026-01-13,BYDDY,12.5,12.5,12.36,12.39,1156829.0
2026-01-13,DTEGY,33.17,33.32,32.5,32.54,1682534.0
2026-01-13,NSRGY,93.92,94.2,93.395,93.8,1266227.0
2026-01-13,NTDOY,15.66,15.75,15.55,15.62,5351882.0
2026-01-13,RHHBY,53.21,53.37,52.79,53.3,3373602.0
2026-01-13,SFTBY,14.23,14.24,13.56,13.7,3715277.0
2026-01-13,TCEHY,80.74,81.02,79.97,80.1,4894093.0
2026-01-13,VWAGY,11.93,12.073,11.92,11.95,178963.0
2026-01-14,BACHY,14.26,14.32,14.25,14.31,56895.0
2026-01-14,BASFY,13.1,13.31,13.1,13.28,250912.0
2026-01-14,BYDDY,12.36,12.45,12.35,12.4,1306323.0
2026-01-14,DTEGY,32.4,32.81,32.24,32.68,1096669.0
2026-01-14,NSRGY,94.35,95.8805,94.2871,95.68,680408.0
2026-01-14,NTDOY,15.96,16.22,15.96,16.03,4292588.0
2026-01-14,RHHBY,53.8,54.07,53.62,53.96,2535232.0
2026-01-14,SFTBY,13.4,13.5,13.06,13.23,2178150.0
2026-01-14,TCEHY,80.59,81.25,80.15,81.13,3942305.0
2026-01-14,VWAGY,12.07,12.27,11.91,12.23,200824.0
2026-01-15,BACHY,14.43,14.51,13.92,14.47,37698.0
2026-01-15,BASFY,13.37,13.44,13.2575,13.34,187671.0
2026-01-15,BYDDY,12.65,13.0,12.59,12.84,2811851.0
2026-01-15,DTEGY,32.25,32.43,32.13,32.21,696271.0
2026-01-15,NSRGY,95.46,95.5,94.87,95.07,514546.0
2026-01-15,NTDOY,16.59,16.68,16.33,16.38,1761397.0
2026-01-15,RHHBY,54.16,54.52,53.36,53.84,5154929.0
2026-01-15,SFTBY,13.1,13.15,12.68,12.69,1808600.0
2026-01-15,TCEHY,79.89,80.51,79.22,80.18,2217022.0
2026-01-15,VWAGY,11.94,11.9633,11.88,11.91,149202.0
2026-01-16,BYDDY,12.85,12.85,12.52,12.7,2556319.0
2026-01-16,NTDOY,16.57,16.7,16.5,16.62,1689139.0
2026-01-16,SFTBY,12.65,12.74,12.46,12.55,2225930.0
2026-01-16,TCEHY,79.01,79.05,77.99,78.6,2087585.0
2026-01-20,BACHY,14.63,14.63,14.2175,14.23,63973.0
2026-01-20,BYDDY,12.41,12.44,12.28,12.31,2397306.0
2026-01-20,DTEGY,31.5,31.61,31.36,31.48,1474222.0
2026-01-20,NTDOY,16.27,16.49,16.15,16.33,2657531.0
2026-01-20,RHHBY,54.26,54.76,53.96,54.47,3795419.0
2026-01-20,SFTBY,12.0,12.17,11.91,12.01,2817686.0
2026-01-20,TCEHY,76.9,77.29,76.02,76.06,4054834.0
2026-01-20,VWAGY,11.52,11.57,11.35,11.39,548812.0
2026-01-21,BACHY,14.5,14.5,14.23,14.27,115471.0
2026-01-21,BASFY,13.08,13.4,13.08,13.3,506655.0
2026-01-21,BYDDY,12.67,12.8,12.63,12.75,1880884.0
2026-01-21,DTEGY,30.72,31.16,30.7,31.13,67202.0
2026-01-21,NSRGY,93.09,93.33,91.76,91.98,460601.0
2026-01-21,NTDOY,16.29,16.34,16.06,16.2,2468011.0
2026-01-21,RHHBY,54.11,54.5,54.0,54.29,4737827.0
2026-01-21,SFTBY,12.18,13.0,12.12,12.58,4810003.0
2026-01-21,TCEHY,77.13,77.44,76.53,76.94,3117707.0
2026-01-21,VWAGY,11.53,12.06,11.43,11.62,151734.0
2026-01-22,BACHY,14.31,14.35,14.31,14.34,20518.0
2026-01-22,BASFY,13.4001,13.73,13.25,13.41,392101.0
2026-01-22,BYDDY,12.84,12.89,12.82,12.83,1419075.0
2026-01-22,DTEGY,31.63,31.85,31.49,31.77,755680.0
2026-01-22,NSRGY,92.57,93.33,92.25,92.3,863222.0
2026-01-22,NTDOY,15.79,15.86,15.68,15.81,5354554.0
2026-01-22,RHHBY,54.54,55.13,51.31,54.81,1700438.0
2026-01-22,SFTBY,13.85,14.2,13.65,13.73,2320756.0
2026-01-22,TCEHY,76.9,77.25,76.27,76.31,3922818.0
2026-01-22,VWAGY,12.09,12.31,12.09,12.27,229926.0
2026-01-23,BACHY,14.23,14.6,14.21,14.26,66290.0
2026-01-23,BASFY,13.48,13.64,13.42,13.64,412615.0
2026-01-23,BYDDY,12.76,12.8,12.66,12.78,1777077.0
2026-01-23,DTEGY,31.38,32.0,31.28,31.98,550167.0
2026-01-23,NSRGY,91.11,92.67,91.06,92.22,816327.0
2026-01-23,NTDOY,16.4,16.81,16.25,16.67,5053930.0
2026-01-23,RHHBY,54.78,55.45,54.58,55.19,3037907.0
2026-01-23,SFTBY,13.5,13.5,13.06,13.19,2041976.0
2026-01-23,TCEHY,76.14,76.84,75.72,76.72,2355383.0
2026-01-23,VWAGY,12.375,12.42,12.31,12.35,122324.0
2026-01-26,BACHY,14.22,14.32,14.22,14.3,21998.0
2026-01-26,BASFY,13.76,13.8,13.69,13.75,155788.0
2026-01-26,BYDDY,12.58,12.68,12.55,12.63,1242446.0
2026-01-26,DTEGY,32.21,32.36,31.91,32.06,530481.0
2026-01-26,NSRGY,92.61,93.4735,92.35,92.62,619125.0
2026-01-26,NTDOY,17.0,17.03,16.81,16.9,1908868.0
2026-01-26,RHHBY,55.94,56.63,55.94,56.24,2128545.0
2026-01-26,SFTBY,13.12,13.27,13.0,13.17,1819591.0
2026-01-26,TCEHY,77.07,77.28,76.61,77.04,1835457.0
2026-01-26,VWAGY,12.37,12.41,12.3,12.31,285786.0
2026-01-27,BACHY,14.38,14.48,14.13,14.48,37550.0
2026-01-27,BASFY,13.705,13.8,13.7,13.76,109156.0
2026-01-27,BYDDY,12.63,12.71,12.57,12.68,1148031.0
2026-01-27,DTEGY,32.54,32.71,32.26,32.41,697251.0
2026-01-27,NSRGY,94.11,95.87,93.98,95.67,911047.0
2026-01-27,NTDOY,16.85,17.2,16.85,16.96,1235536.0
2026-01-27,RHHBY,56.53,57.29,56.53,56.96,5131856.0
2026-01-27,SFTBY,13.23,13.4,12.95,13.09,1886067.0
2026-01-27,TCEHY,78.02,78.33,77.74,78.08,2049418.0
2026-01-27,VWAGY,12.2,12.2525,12.17,12.21,48295.0
2026-01-28,BACHY,14.57,14.91,14.57,14.85,84065.0
2026-01-28,BASFY,13.78,13.81,13.635,13.71,182067.0
2026-01-28,BYDDY,13.03,13.05,12.95,13.01,1340780.0
2026-01-28,DTEGY,32.16,32.65,32.12,32.54,564338.0
2026-01-28,NSRGY,94.4901,94.95,93.59,93.69,735519.0
2026-01-28,NTDOY,16.65,16.72,16.51,16.6,1664298.0
2026-01-28,RHHBY,54.78,55.16,53.02,54.4,3059072.0
2026-01-28,SFTBY,13.71,13.77,13.23,13.3,3032378.0
2026-01-28,TCEHY,79.43,79.45,78.14,78.64,2904903.0
2026-01-28,VWAGY,12.25,12.28,12.17,12.2,117879.0
2026-01-29,BACHY,15.2,15.2,15.03,15.14,108685.0
2026-01-29,BASFY,13.82,13.84,13.6,13.79,165223.0
2026-01-29,BYDDY,12.97,13.05,12.7,12.94,1406243.0
2026-01-29,DTEGY,32.87,33.05,32.72,32.98,572791.0
2026-01-29,NSRGY,94.91,95.87,94.73,95.57,1579439.0
2026-01-29,NTDOY,16.14,16.37,16.07,16.28,2569410.0
2026-01-29,RHHBY,56.65,57.29,55.2,57.21,8126512.0
2026-01-29,SFTBY,13.6,14.35,13.26,14.28,3367364.0
2026-01-29,TCEHY,79.41,79.89,78.28,79.34,2875617.0
2026-01-29,VWAGY,12.46,12.46,12.23,12.37,122368.0
2026-01-30,BACHY,14.39,15.01,14.39,14.89,56209.0
2026-01-30,BYDDY,12.51,12.57,12.28,12.37,1735445.0
2026-01-30,DTEGY,33.1,33.57,33.1,33.49,229056.0
2026-01-30,NSRGY,95.77,95.84,94.8,95.1,355301.0
2026-01-30,NTDOY,16.49,16.49,15.3,15.4,4215453.0
2026-01-30,RHHBY,57.08,57.148,56.51,56.52,5235068.0
2026-01-30,SFTBY,13.72,14.0,13.7,13.81,1216855.0
2026-01-30,TCEHY,77.85,78.02,74.98,76.39,5555671.0
2026-01-30,VWAGY,12.22,12.25,12.06,12.09,210979.0
2026-02-02,BYDDY,11.86,11.87,11.5,11.56,5599464.0
2026-02-02,NTDOY,15.86,16.38,15.85,16.26,3275201.0
2026-02-02,SFTBY,13.42,13.89,13.4,13.58,2084416.0
2026-02-02,TCEHY,76.61,77.13,76.01,76.27,3603470.0
2026-02-03,BACHY,14.71,14.71,14.58,14.62,24345.0
2026-02-03,BASFY,13.69,13.984,13.67,13.95,181552.0
2026-02-03,BYDDY,11.48,11.52,11.24,11.34,5225358.0
2026-02-03,DTEGY,33.49,34.2,33.47,34.12,662306.0
2026-02-03,NSRGY,96.7,98.46,96.64,98.03,614832.0
2026-02-03,NTDOY,15.77,15.87,15.03,15.245,4351616.0
2026-02-03,RHHBY,56.66,56.98,56.47,56.54,1072494.0
2026-02-03,SFTBY,13.67,13.76,12.66,13.26,4599056.0
2026-02-03,TCEHY,74.12,74.45,72.76,73.73,5523956.0
2026-02-03,VWAGY,11.96,12.13,11.9275,11.95,127040.0
2026-02-04,BACHY,14.79,14.824,14.69,14.73,51717.0
2026-02-04,BASFY,14.56,14.71,14.54,14.63,402832.0
2026-02-04,BYDDY,11.46,11.48,11.2,11.27,3425990.0
2026-02-04,DTEGY,35.97,36.0,35.67,35.86,565499.0
2026-02-04,NSRGY,99.7399,100.79,99.68,100.2,659779.0
2026-02-04,NTDOY,14.42,15.09,14.37,14.79,6093437.0
2026-02-04,RHHBY,58.01,58.4,57.3,57.7,6387125.0
2026-02-04,SFTBY,13.58,13.75,13.09,13.3,1266891.0
2026-02-04,TCEHY,71.26,71.28,69.96,70.68,5428118.0
2026-02-04,VWAGY,12.4,12.5,12.395,12.45,347976.0
2026-02-05,BACHY,14.97,15.0,14.83,14.87,47104.0
2026-02-05,BASFY,14.4,14.48,14.295,14.42,509609.0
2026-02-05,BYDDY,11.51,11.6,11.4,11.51,2516954.0
2026-02-05,DTEGY,35.87,36.25,35.7,36.12,557928.0
2026-02-05,NSRGY,100.44,101.21,99.8286,100.6,1456716.0
2026-02-05,NTDOY,14.04,14.16,13.47,13.58,8549582.0
2026-02-05,RHHBY,57.45,57.84,57.12,57.2,5517007.0
2026-02-05,SFTBY,12.5,13.1,12.4,12.92,3274923.0
2026-02-05,TCEHY,71.09,71.46,69.82,69.86,4090970.0
2026-02-05,VWAGY,11.99,12.1,11.94,12.02,293172.0
2026-02-06,BACHY,14.9,15.02,14.9,15.0,84830.0
2026-02-06,BASFY,14.19,14.32,14.1699,14.25,146110.0
2026-02-06,BYDDY,11.88,12.08,11.87,12.07,1836747.0
2026-02-06,DTEGY,36.12,36.12,35.81,35.9,626460.0
2026-02-06,NSRGY,101.31,102.19,101.31,101.58,676038.0
2026-02-06,NTDOY,13.72,13.99,13.558,13.82,3517970.0
2026-02-06,RHHBY,56.9,57.98,56.735,57.67,10231510.0
2026-02-06,SFTBY,13.0,14.09,12.83,13.85,3521247.0
2026-02-06,TCEHY,70.8,71.53,70.66,71.49,3552793.0
2026-02-06,VWAGY,11.84,11.98,11.81,11.98,212267.0
2026-02-09,BACHY,15.0,15.05,15.0,15.04,50059.0
2026-02-09,BASFY,14.49,14.53,14.41,14.51,161337.0
2026-02-09,BYDDY,11.95,12.06,11.91,12.0,1269347.0
2026-02-09,DTEGY,36.09,36.42,35.84,36.35,455094.0
2026-02-09,NSRGY,102.345,102.53,101.74,102.32,394814.0
2026-02-09,NTDOY,13.95,14.25,13.905,14.15,3378142.0
2026-02-09,RHHBY,57.86,57.89,57.0,57.19,5639673.0
2026-02-09,SFTBY,13.48,14.93,13.45,14.59,5463239.0
2026-02-09,TCEHY,71.75,72.09,71.54,71.8,3126987.0
2026-02-09,VWAGY,12.04,12.09,12.0,12.09,168275.0
2026-02-10,BACHY,15.6,15.6,15.01,15.08,241316.0
2026-02-10,BASFY,15.1,15.18,15.05,15.14,524217.0
2026-02-10,BYDDY,12.19,12.3,12.17,12.29,1376619.0
2026-02-10,DTEGY,36.0,36.09,35.88,36.01,472383.0
2026-02-10,NSRGY,102.99,103.47,102.34,102.49,1223475.0
2026-02-10,NTDOY,14.5,14.57,14.4,14.44,2141145.0
2026-02-10,RHHBY,57.58,57.63,56.73,57.0,5233066.0
2026-02-10,SFTBY,15.25,15.63,15.09,15.41,1538225.0
2026-02-10,TCEHY,70.5,70.98,70.27,70.68,3351114.0
2026-02-10,VWAGY,12.19,12.4,12.19,12.34,235319.0
2026-02-11,BACHY,15.04,15.09,14.9925,15.09,79982.0
2026-02-11,BASFY,15.18,15.35,15.155,15.32,290688.0
2026-02-11,BYDDY,12.58,12.64,12.5,12.64,1229723.0
2026-02-11,DTEGY,35.63,36.61,35.13,36.23,689225.0
2026-02-11,NSRGY,100.4,101.91,99.54,101.14,618063.0
2026-02-11,NTDOY,14.71,14.73,14.45,14.54,2884374.0
2026-02-11,RHHBY,57.32,57.99,56.94,57.89,4033224.0
2026-02-11,SFTBY,15.66,16.24,15.44,15.95,3315427.0
2026-02-11,TCEHY,69.7,69.96,68.91,69.5,3711910.0
2026-02-11,VWAGY,12.3,12.33,12.235,12.31,99550.0
2026-02-12,BACHY,15.04,15.09,14.91,14.99,79374.0
2026-02-12,BASFY,15.52,15.6,15.16,15.22,381430.0
2026-02-12,BYDDY,12.61,12.62,12.32,12.43,1583291.0
2026-02-12,DTEGY,37.77,38.34,37.7,38.15,856643.0
2026-02-12,NSRGY,102.26,103.7,101.71,102.52,443778.0
2026-02-12,NTDOY,14.1,14.27,13.77,13.79,3224058.0
2026-02-12,RHHBY,58.24,58.87,58.05,58.84,1988619.0
2026-02-12,SFTBY,16.55,16.8,14.2,15.64,2366320.0
2026-02-12,TCEHY,68.65,68.65,66.8,67.37,4952067.0
2026-02-12,VWAGY,12.13,12.29,12.05,12.15,274089.0
2026-02-13,BACHY,14.985,15.3045,14.63,14.83,40976.0
2026-02-13,BASFY,15.09,15.2,15.04,15.16,316689.0
2026-02-13,BYDDY,12.12,12.34,12.03,12.26,2619779.0
2026-02-13,DTEGY,38.39,38.5,38.02,38.34,704207.0
2026-02-13,NSRGY,103.6,103.95,102.88,103.58,497626.0
2026-02-13,NTDOY,13.8,13.862,13.59,13.72,3185678.0
2026-02-13,RHHBY,58.46,58.81,58.36,58.67,2763864.0
2026-02-13,SFTBY,14.43,14.83,14.29,14.6,2938150.0
2026-02-13,TCEHY,67.5,68.4,67.36,68.28,2618423.0
2026-02-13,VWAGY,12.16,12.2,12.1,12.17,180683.0
2026-02-17,BACHY,14.47,15.49,14.47,14.85,43563.0
2026-02-17,BASFY,14.97,15.05,14.9,15.03,369909.0
2026-02-17,BYDDY,12.28,12.49,12.27,12.44,1337503.0
2026-02-17,DTEGY,39.25,39.64,39.09,39.45,857838.0
2026-02-17,NSRGY,103.58,103.7,102.02,102.89,535395.0
2026-02-17,NTDOY,13.79,13.99,13.64,13.92,3372150.0
2026-02-17,RHHBY,59.37,60.22,59.31,60.1,2097112.0
2026-02-17,SFTBY,14.75,14.75,14.25,14.51,3282414.0
2026-02-17,TCEHY,67.84,68.28,67.64,67.88,1479546.0
2026-02-17,VWAGY,12.2,12.3,12.1,12.29,148152.0
2026-02-18,BACHY,15.0,15.0,14.84,14.85,62864.0
2026-02-18,BASFY,14.59,14.79,14.48,14.62,886326.0
2026-02-18,BYDDY,12.5,12.55,12.45,12.52,1257250.0
2026-02-18,DTEGY,38.95,39.12,38.17,38.22,803870.0
2026-02-18,NSRGY,102.11,103.05,100.99,103.03,580403.0
2026-02-18,NTDOY,14.15,14.15,13.87,13.95,1342557.0
2026-02-18,RHHBY,59.89,60.07,59.56,59.67,1699003.0
2026-02-18,SFTBY,14.35,14.39,14.08,14.2,1487111.0
2026-02-18,TCEHY,68.5,68.84,68.02,68.33,2584160.0
2026-02-18,VWAGY,12.18,12.3,12.16,12.26,118871.0
2026-02-19,BACHY,14.75,15.0,14.75,14.88,27075.0
2026-02-19,BASFY,14.31,14.4,14.27,14.31,566566.0
2026-02-19,BYDDY,12.45,12.49,12.35,12.49,966742.0
2026-02-19,DTEGY,38.24,38.67,38.19,38.37,554193.0
2026-02-19,NSRGY,105.16,105.87,104.4,104.68,905155.0
2026-02-19,NTDOY,13.85,14.04,13.73,13.85,1334475.0
2026-02-19,RHHBY,59.28,59.44,58.58,59.0,2409971.0
2026-02-19,SFTBY,14.1,14.32,13.91,14.31,1115298.0
2026-02-19,TCEHY,68.26,68.42,67.73,68.13,1373012.0
2026-02-19,VWAGY,12.03,12.04,11.96,12.0,110259.0
2026-02-20,BACHY,14.885,15.17,14.86,15.02,94813.0
2026-02-20,BASFY,14.42,14.56,14.365,14.44,224350.0
2026-02-20,BYDDY,12.16,12.43,12.13,12.41,992935.0
2026-02-20,DTEGY,38.54,38.73,38.36,38.71,582149.0
2026-02-20,NSRGY,102.83,104.67,102.6,104.23,686601.0
2026-02-20,NTDOY,13.85,14.02,13.75,13.98,2157269.0
2026-02-20,RHHBY,58.94,59.45,58.76,59.23,1448953.0
2026-02-20,SFTBY,13.93,14.09,13.78,13.86,1676104.0
2026-02-20,TCEHY,66.67,68.07,66.48,68.05,1997981.0
2026-02-20,VWAGY,12.06,12.22,11.99,12.08,253626.0
2026-02-23,BACHY,15.21,15.21,15.04,15.08,135608.0
2026-02-23,BASFY,14.39,14.5,14.37,14.46,280455.0
2026-02-23,BYDDY,12.69,12.77,12.57,12.62,1871011.0
2026-02-23,DTEGY,38.94,39.41,38.87,39.19,743486.0
2026-02-23,NSRGY,103.36,105.47,103.23,104.95,483863.0
2026-02-23,NTDOY,14.03,14.13,13.98,14.01,2652817.0
2026-02-23,RHHBY,59.15,60.07,59.12,59.98,5481502.0
2026-02-23,SFTBY,13.65,13.99,12.25,13.37,3607242.0
2026-02-23,TCEHY,68.51,69.01,67.89,67.98,1581041.0
2026-02-23,VWAGY,11.875,11.89,11.77,11.79,297888.0
2026-02-24,BACHY,14.96,15.07,14.9,14.99,109928.0
2026-02-24,BASFY,14.41,14.48,14.368,14.39,68473.0
2026-02-24,BYDDY,12.69,12.81,12.62,12.76,1126150.0
2026-02-24,DTEGY,39.61,39.78,39.26,39.29,541698.0
2026-02-24,NSRGY,107.86,108.19,106.77,107.38,809884.0
2026-02-24,NTDOY,13.84,13.84,13.683,13.76,1481179.0
2026-02-24,RHHBY,60.41,60.85,60.1,60.7,2896416.0
2026-02-24,SFTBY,13.37,13.85,13.09,13.82,1744495.0
2026-02-24,TCEHY,66.65,67.21,66.53,66.97,2649595.0
2026-02-24,VWAGY,11.92,12.05,11.91,12.0,142341.0
2026-02-25,BACHY,14.76,15.0,14.76,14.93,59229.0
2026-02-25,BASFY,14.46,14.52,14.357,14.49,191402.0
2026-02-25,BYDDY,12.64,12.66,12.51,12.65,1323954.0
2026-02-25,DTEGY,39.52,39.81,38.5081,39.57,703077.0
2026-02-25,NSRGY,107.26,107.68,106.35,107.04,432357.0
2026-02-25,NTDOY,13.75,13.8,13.63,13.675,1505160.0
2026-02-25,RHHBY,59.84,60.06,59.48,59.56,3122435.0
2026-02-25,SFTBY,13.28,13.31,13.1,13.13,2774123.0
2026-02-25,TCEHY,66.87,67.18,66.53,66.87,2935390.0
2026-02-25,VWAGY,11.84,11.87,11.77,11.85,159975.0
2026-02-26,BYDDY,12.16,12.17,11.98,12.07,2653286.0
2026-02-26,NTDOY,14.0,14.44,13.96,14.2,2089924.0
2026-02-26,SFTBY,13.35,13.65,12.95,13.18,2085505.0
2026-02-26,TCEHY,65.81,65.82,65.05,65.6,3020008.0
2026-02-27,BACHY,14.76,14.78,14.71,14.75,66278.0
2026-02-27,BASFY,14.25,14.54,14.25,14.41,193150.0
2026-02-27,BYDDY,12.05,12.08,11.98,12.01,901715.0
2026-02-27,DTEGY,40.06,40.58,40.06,40.37,327097.0
2026-02-27,NSRGY,107.97,109.59,107.89,109.04,698938.0
2026-02-27,NTDOY,14.0,14.15,13.665,14.06,2639910.0
2026-02-27,RHHBY,59.81,60.29,59.3,59.68,1811484.0
2026-02-27,SFTBY,12.95,13.29,12.86,13.06,1643440.0
2026-02-27,TCEHY,66.1,66.19,65.7,65.7,2185854.0
2026-02-27,VWAGY,11.94,12.01,11.89,11.96,165812.0
2026-03-02,BYDDY,12.45,12.67,12.45,12.66,3647883.0
2026-03-02,NTDOY,13.95,13.95,13.67,13.8,3075187.0
2026-03-02,SFTBY,12.51,13.01,12.5,12.91,899990.0
2026-03-02,TCEHY,65.02,65.94,65.02,65.55,2590898.0
2026-03-03,BYDDY,12.08,12.18,11.88,12.09,1797680.0
2026-03-03,NTDOY,13.38,13.55,13.05,13.42,4396682.0
2026-03-03,SFTBY,12.25,12.54,11.65,12.4,3353988.0
2026-03-03,TCEHY,64.06,64.78,63.29,64.42,3908643.0
2026-03-04,BYDDY,12.19,12.32,12.13,12.3,1138109.0
2026-03-04,NTDOY,13.88,14.17,13.751,14.14,4828930.0
2026-03-04,SFTBY,12.05,12.47,12.0,12.43,2481107.0
2026-03-04,TCEHY,65.31,65.39,64.75,65.13,3705652.0
2026-03-05,BYDDY,11.82,11.88,11.69,11.83,4447799.0
2026-03-05,NTDOY,13.66,13.79,13.4,13.63,4035422.0
2026-03-05,SFTBY,12.66,12.66,11.51,11.93,2555812.0
2026-03-05,TCEHY,64.03,64.43,63.57,64.11,3406096.0
2026-03-06,BYDDY,11.74,11.89,11.72,11.83,1438961.0
2026-03-06,NTDOY,13.445,13.7,13.43,13.51,3702710.0
2026-03-06,SFTBY,11.87,11.94,11.5,11.64,1950131.0
2026-03-06,TCEHY,65.0,65.97,64.9,65.44,3030957.0
2026-03-09,BYDDY,12.4,12.58,12.31,12.51,3083782.0
2026-03-09,NTDOY,13.54,14.5,13.54,14.3,7306598.0
2026-03-09,SFTBY,11.28,12.14,11.04,11.88,2399498.0
2026-03-09,TCEHY,65.89,67.22,65.35,67.0,3547712.0
2026-03-10,BYDDY,12.3,12.43,12.22,12.28,1202979.0
2026-03-10,NTDOY,14.46,15.19,14.46,14.9,8446025.0
2026-03-10,SFTBY,11.8,12.08,11.5,11.8,2238682.0
2026-03-10,TCEHY,70.48,74.47,70.48,73.96,10685577.0
2026-03-11,BYDDY,12.41,12.49,12.36,12.43,928615.0
2026-03-11,NTDOY,15.44,15.95,15.38,15.9,4453717.0
2026-03-11,SFTBY,12.38,12.38,11.86,12.04,1756707.0
2026-03-11,TCEHY,70.89,71.17,70.1,71.16,4953763.0
2026-03-12,BYDDY,12.38,12.47,12.3,12.39,1449844.0
2026-03-12,NTDOY,15.96,16.0,15.5,15.81,3966120.0
2026-03-12,SFTBY,11.9,11.98,11.05,11.2,3030672.0
2026-03-12,TCEHY,70.0,70.0,69.11,69.17,3491464.0
2026-03-13,BYDDY,12.37,12.45,12.25,12.28,975910.0
2026-03-13,NTDOY,16.0,16.18,15.91,15.95,2522730.0
2026-03-13,SFTBY,11.44,11.44,11.0,11.02,1573577.0
2026-03-13,TCEHY,70.58,70.92,69.77,69.94,2644984.0
2026-03-16,BYDDY,13.15,13.32,13.13,13.27,3143914.0
2026-03-16,NTDOY,16.0,16.22,16.0,16.16,1936197.0
2026-03-16,SFTBY,11.44,11.59,11.21,11.44,1475914.0
2026-03-16,TCEHY,71.39,72.19,71.15,71.87,3285648.0
2026-03-17,BYDDY,13.33,13.38,13.25,13.25,1362451.0
2026-03-17,NTDOY,15.58,15.7,15.524,15.63,2908944.0
2026-03-17,SFTBY,11.33,11.4,11.21,11.33,1351385.0
2026-03-17,TCEHY,70.49,71.45,69.13,69.2,3447986.0
2026-03-18,BYDDY,12.96,12.96,12.8,12.82,2354991.0
2026-03-18,NTDOY,15.36,15.42,15.12,15.2,1201339.0
2026-03-18,SFTBY,11.5,11.71,11.3,11.3,1021008.0
2026-03-18,TCEHY,67.04,68.49,65.55,66.0,8406907.0
2026-03-19,BYDDY,12.94,13.12,12.91,13.09,2375043.0
2026-03-19,NTDOY,15.0,15.34,15.0,15.24,2264782.0
2026-03-19,SFTBY,11.22,11.37,10.84,11.28,1020056.0
2026-03-19,TCEHY,64.11,65.93,63.56,64.83,5459413.0
2026-03-20,BYDDY,13.11,13.15,12.89,12.95,1430077.0
2026-03-20,NTDOY,15.24,15.32,14.66,14.7,2200709.0
2026-03-20,SFTBY,10.83,11.5,10.55,10.91,1940407.0
2026-03-20,TCEHY,64.53,64.53,63.39,63.5,3688243.0
2026-03-23,BYDDY,13.17,13.44,13.15,13.35,2139937.0
2026-03-23,NTDOY,14.97,15.53,14.88,15.02,2730444.0
2026-03-23,SFTBY,11.51,11.78,11.3,11.52,1980145.0
2026-03-23,TCEHY,65.09,65.42,64.08,64.56,4493968.0
2026-03-24,BYDDY,13.48,13.6,13.4,13.58,1778256.0
2026-03-24,NTDOY,14.07,14.32,13.96,14.3,5935234.0
2026-03-24,SFTBY,11.35,11.35,10.93,11.1,1733359.0
2026-03-24,TCEHY,64.86,65.29,64.6,65.09,4315876.0
2026-03-25,BYDDY,13.59,13.59,13.5,13.57,1088547.0
2026-03-25,NTDOY,14.1,14.43,14.09,14.2,3124741.0
2026-03-25,SFTBY,11.97,12.79,11.85,12.65,5898211.0
2026-03-25,TCEHY,65.0,65.09,64.18,64.36,3605035.0
2026-03-26,BYDDY,13.1,13.24,13.05,13.1,1637530.0
2026-03-26,NTDOY,14.07,14.19,14.0,14.11,3281090.0
2026-03-26,SFTBY,12.06,12.24,11.64,11.64,3007556.0
2026-03-26,TCEHY,63.27,63.45,62.58,62.74,4749747.0
2026-03-27,BYDDY,13.32,13.4,12.37,12.39,2973721.0
2026-03-27,NTDOY,14.17,14.36,14.02,14.09,3320195.0
2026-03-27,SFTBY,11.8,11.99,11.12,11.45,1712370.0
2026-03-27,TCEHY,62.67,62.68,61.64,62.18,3383944.0
2026-03-30,BYDDY,13.37,13.37,13.2,13.29,2929178.0
2026-03-30,NTDOY,14.12,14.27,13.97,14.17,2787963.0
2026-03-30,SFTBY,11.56,11.75,10.87,11.0,2395977.0
2026-03-30,TCEHY,61.68,61.71,60.92,61.03,2986525.0
2026-03-31,BYDDY,13.4,13.69,13.38,13.63,1743947.0
2026-03-31,NTDOY,14.0,14.3,13.87,14.29,3819903.0
2026-03-31,SFTBY,11.18,12.14,11.13,12.09,2594730.0
2026-03-31,TCEHY,61.94,63.28,61.71,63.22,4471907.0
2026-04-01,BYDDY,13.42,13.48,13.27,13.32,2112630.0
2026-04-01,NTDOY,14.18,14.43,14.16,14.22,1630801.0
2026-04-01,SFTBY,12.05,12.12,11.76,11.95,1946673.0
2026-04-01,TCEHY,63.51,64.78,63.48,63.5,4704623.0
2026-04-02,BYDDY,13.23,13.32,13.1,13.31,1349130.0
2026-04-02,NTDOY,13.68,13.93,13.6,13.88,1745203.0
2026-04-02,SFTBY,11.24,11.7,11.08,11.49,2293276.0
2026-04-02,TCEHY,62.21,62.79,61.75,62.27,3181231.0
2026-04-06,BYDDY,13.31,13.36,13.15,13.2,1455493.0
2026-04-06,NTDOY,14.04,14.09,13.85,13.9,1749987.0
2026-04-06,SFTBY,11.5,11.77,11.35,11.45,1040218.0
2026-04-06,TCEHY,62.29,62.88,62.16,62.4,3117298.0
2026-04-07,BYDDY,13.15,13.23,13.02,13.15,1213685.0
2026-04-07,NTDOY,13.88,13.9,13.62,13.79,2277542.0
2026-04-07,SFTBY,11.3,11.32,10.74,11.16,1554250.0
2026-04-07,TCEHY,62.47,62.65,61.66,62.5,2417235.0
2026-04-08,BYDDY,13.55,13.65,13.45,13.57,1711248.0
2026-04-08,NTDOY,13.65,13.84,13.6,13.65,1556744.0
2026-04-08,SFTBY,12.01,12.3,11.96,12.05,2873128.0
2026-04-08,TCEHY,65.32,65.4,64.44,64.76,3404337.0
2026-04-09,BYDDY,13.1,13.12,12.96,13.12,1512628.0
2026-04-09,NTDOY,13.53,13.53,13.28,13.38,1930894.0
2026-04-09,SFTBY,11.94,12.02,11.61,11.93,1722952.0
2026-04-09,TCEHY,64.74,65.01,64.31,64.87,3165028.0
2026-04-10,BYDDY,13.37,13.46,13.36,13.44,1130827.0
2026-04-10,NTDOY,13.19,13.19,12.99,13.0,1459394.0
2026-04-10,SFTBY,12.05,12.05,11.68,11.82,1452144.0
2026-04-10,TCEHY,64.56,64.74,63.93,63.98,2253244.0
2026-04-13,BYDDY,13.97,14.06,13.93,14.02,1980960.0
2026-04-13,NTDOY,13.0,13.13,12.92,13.1,2652874.0
2026-04-13,SFTBY,11.82,12.43,11.6,12.42,3492890.0
2026-04-13,TCEHY,62.55,64.67,62.41,63.61,4370420.0
2026-04-14,BYDDY,13.94,14.15,13.93,14.13,1552075.0
2026-04-14,NTDOY,13.19,13.19,12.91,12.95,2776228.0
2026-04-14,SFTBY,13.5,13.94,13.49,13.9,4168497.0
2026-04-14,TCEHY,63.32,64.2,63.22,63.73,3944407.0
2026-04-15,BYDDY,13.84,13.87,13.7,13.84,973832.0
2026-04-15,NTDOY,12.95,13.01,12.88,12.93,3732856.0
2026-04-15,SFTBY,13.85,14.19,13.81,14.07,1893673.0
2026-04-15,TCEHY,64.01,64.38,63.64,64.25,3448762.0
2026-04-16,BYDDY,14.31,14.4,14.24,14.35,1529451.0
2026-04-16,NTDOY,13.01,13.17,13.0,13.14,3082504.0
2026-04-16,SFTBY,14.65,14.9,14.41,14.87,2550378.0
2026-04-16,TCEHY,66.15,66.3,65.5,65.9,4968746.0
2026-04-17,BYDDY,14.41,14.46,14.25,14.27,1253443.0
2026-04-17,NTDOY,13.68,13.87,13.51,13.56,2746230.0
2026-04-17,SFTBY,14.8,14.84,14.58,14.74,2040632.0
2026-04-17,TCEHY,65.95,67.87,65.7,66.7,4270144.0
2026-04-20,BYDDY,14.09,14.12,14.0,14.11,660556.0
2026-04-20,NTDOY,13.51,13.51,13.3,13.36,2246030.0
2026-04-20,SFTBY,15.24,15.25,15.0,15.24,1682217.0
2026-04-20,TCEHY,66.81,67.39,66.5,66.81,2613640.0
2026-04-21,BYDDY,13.96,14.0,13.78,13.8,2025602.0
2026-04-21,NTDOY,13.25,13.35,13.04,13.06,1532886.0
2026-04-21,SFTBY,16.0,16.3,15.76,16.2,4485124.0
2026-04-21,TCEHY,66.23,66.29,65.03,65.1,3709536.0
2026-04-22,BYDDY,13.67,13.72,13.61,13.61,773089.0
2026-04-22,NTDOY,13.36,13.37,13.11,13.22,1924778.0
2026-04-22,SFTBY,17.61,18.39,17.48,18.38,3057633.0
2026-04-22,TCEHY,65.02,65.25,64.13,64.45,4953321.0
2026-04-23,BYDDY,13.29,13.3,13.13,13.18,1133828.0
2026-04-23,NTDOY,13.03,13.03,12.76,12.79,2413747.0
2026-04-23,SFTBY,18.4,18.63,17.76,18.05,2330088.0
2026-04-23,TCEHY,63.18,63.24,61.62,62.21,9784484.0
2026-04-24,BYDDY,12.96,12.96,12.78,12.94,1765454.0
2026-04-24,NTDOY,12.44,12.47,12.32,12.415,2793501.0
2026-04-24,SFTBY,19.25,19.38,18.85,19.36,2702361.0
2026-04-24,TCEHY,62.59,62.95,62.28,62.58,5001442.0
2026-04-27,BYDDY,13.4,13.59,13.4,13.54,1510555.0
2026-04-27,NTDOY,12.36,12.43,12.32,12.38,4825812.0
2026-04-27,SFTBY,18.35,18.53,17.45,17.92,2002113.0
2026-04-27,TCEHY,61.05,61.32,60.77,61.03,3781568.0
2026-04-28,BYDDY,13.21,13.39,13.1,13.19,1218769.0
2026-04-28,NTDOY,12.38,12.41,12.2,12.21,3514682.0
2026-04-28,SFTBY,15.8,16.18,15.57,15.75,5537061.0
2026-04-28,TCEHY,60.45,60.71,60.3,60.54,2980469.0
2026-04-29,BYDDY,13.69,13.7,13.5,13.5,2003656.0
2026-04-29,NTDOY,12.21,12.23,12.09,12.13,2377226.0
2026-04-29,SFTBY,16.0,16.16,15.63,16.0,1450088.0
2026-04-29,TCEHY,60.95,60.95,60.17,60.27,4055503.0
2026-04-30,BYDDY,13.13,13.33,13.06,13.32,1284487.0
2026-04-30,NTDOY,12.3,12.3,12.1,12.17,2858282.0
2026-04-30,SFTBY,16.5,17.0,16.33,17.0,1561496.0
2026-04-30,TCEHY,60.06,61.05,59.9,61.02,3006774.0
2026-05-01,BYDDY,13.42,13.46,13.32,13.34,780936.0
2026-05-01,NTDOY,12.07,12.12,12.01,12.06,1512811.0
2026-05-01,SFTBY,16.84,17.78,16.84,17.74,2107845.0
2026-05-01,TCEHY,60.93,61.36,60.91,61.2,2111011.0
2026-05-04,BYDDY,13.12,13.15,13.07,13.09,811447.0
2026-05-04,NTDOY,12.13,12.29,12.04,12.16,2740006.0
2026-05-04,SFTBY,17.55,18.25,17.55,18.02,2420958.0
2026-05-04,TCEHY,60.5,60.7,60.1,60.42,3780240.0
2026-05-05,BYDDY,12.96,13.01,12.86,12.97,1923839.0
2026-05-05,NTDOY,12.2,12.37,12.1,12.1,1867924.0
2026-05-05,SFTBY,18.02,18.5,18.02,18.3,2438221.0
2026-05-05,TCEHY,60.5,60.69,60.2,60.34,2159256.0
2026-05-06,BYDDY,12.76,12.84,12.65,12.78,1967669.0
2026-05-06,NTDOY,12.32,12.42,12.21,12.26,2995298.0
2026-05-06,SFTBY,18.84,19.99,18.7,19.89,2451402.0
2026-05-06,TCEHY,59.93,61.08,59.26,60.8,5320470.0
2026-05-07,BYDDY,12.8,13.07,12.77,12.93,3283591.0
2026-05-07,NTDOY,11.87,11.99,11.57,11.78,9586924.0
2026-05-07,SFTBY,19.85,20.0,19.15,19.22,3608546.0
2026-05-07,TCEHY,61.25,61.36,60.53,60.62,2976595.0
2026-05-08,BYDDY,12.84,12.84,12.7,12.79,1457899.0
2026-05-08,NTDOY,11.55,11.72,10.39,10.45,9786332.0
2026-05-08,SFTBY,19.5,20.19,19.28,20.15,2264907.0
2026-05-08,TCEHY,60.6,60.6,59.56,59.82,3304903.0
2026-05-11,BYDDY,12.91,12.99,12.91,12.98,1101182.0
2026-05-11,NTDOY,11.08,11.13,11.03,11.07,6004303.0
2026-05-11,SFTBY,18.49,18.74,18.29,18.72,2185213.0
2026-05-11,TCEHY,60.46,60.46,59.19,59.48,3297661.0
2026-05-12,BYDDY,12.75,12.8,12.65,12.72,1013235.0
2026-05-12,NTDOY,11.29,11.36,11.25,11.34,3288298.0
2026-05-12,SFTBY,18.54,18.93,17.99,18.53,2470125.0
2026-05-12,TCEHY,58.35,58.7,57.91,58.3,4647650.0
2026-05-13,BYDDY,12.56,12.94,12.5,12.88,2125352.0
2026-05-13,NTDOY,11.29,11.29,11.14,11.16,3211248.0
2026-05-13,SFTBY,19.77,19.78,19.03,19.65,1821732.0
2026-05-13,TCEHY,59.63,61.99,59.23,61.1,13721858.0
2026-05-14,BYDDY,12.63,12.65,12.5,12.6,1913180.0
2026-05-14,NTDOY,10.89,10.9,10.73,10.81,4881568.0
2026-05-14,SFTBY,18.28,18.5,18.09,18.49,1562455.0
2026-05-14,TCEHY,59.28,59.71,58.76,58.89,5524069.0
2026-05-15,BYDDY,12.36,12.43,12.16,12.18,2248329.0
2026-05-15,NTDOY,11.17,11.223,11.11,11.16,4429731.0
2026-05-15,SFTBY,18.1,18.48,17.76,17.8,2618970.0
2026-05-15,TCEHY,58.87,59.48,58.54,58.69,4659080.0
2026-05-18,BYDDY,12.05,12.07,11.97,12.01,1447559.0
2026-05-18,NTDOY,11.3,11.46,11.27,11.44,3505007.0
2026-05-18,SFTBY,18.12,18.16,17.45,18.1,2231672.0
2026-05-18,TCEHY,57.51,57.65,57.01,57.43,6895779.0
2026-05-19,BYDDY,11.99,12.0,11.92,11.92,1232267.0
2026-05-19,NTDOY,11.89,11.9,11.72,11.74,2900773.0
2026-05-19,SFTBY,16.76,17.55,16.54,17.26,2003784.0
2026-05-19,TCEHY,58.52,58.88,58.36,58.61,2938632.0
2026-05-20,BYDDY,11.55,11.59,11.42,11.54,3040901.0
2026-05-20,NTDOY,11.81,11.95,11.74,11.94,1235537.0
2026-05-20,SFTBY,16.2,18.48,16.08,17.75,5203176.0
2026-05-20,TCEHY,58.2,58.68,57.7,58.65,6754851.0
2026-05-21,BYDDY,11.57,11.58,11.42,11.54,3388636.0
2026-05-21,NTDOY,11.51,11.62,11.33,11.54,2508064.0
2026-05-21,SFTBY,19.0,20.49,19.0,20.19,3387662.0
2026-05-21,TCEHY,56.21,57.14,56.0,56.82,2973805.0
2026-05-22,BYDDY,11.54,11.69,11.52,11.6,1610611.0
2026-05-22,NTDOY,11.34,11.47,11.33,11.38,2161837.0
2026-05-22,SFTBY,20.91,21.6,20.88,21.1,2883352.0
2026-05-22,TCEHY,55.15,56.15,54.94,56.07,3899874.0
2026-05-26,BYDDY,11.86,11.95,11.8,11.84,3655871.0
2026-05-26,NTDOY,11.08,11.18,11.02,11.04,2812546.0
2026-05-26,SFTBY,24.85,25.0,23.7,24.72,3440784.0
2026-05-26,TCEHY,56.08,56.28,55.58,56.14,4422520.0
2026-05-27,BYDDY,11.54,11.64,11.53,11.57,1614762.0
2026-05-27,NTDOY,11.1,11.18,11.07,11.1,1904248.0
2026-05-27,SFTBY,23.19,23.19,22.18,22.84,2665876.0
2026-05-27,TCEHY,55.5,55.75,55.18,55.57,3149762.0
2026-05-28,BYDDY,11.61,11.62,11.45,11.52,3599431.0
2026-05-28,NTDOY,10.97,11.0,10.91,10.92,2587326.0
2026-05-28,SFTBY,22.64,24.74,22.5,24.22,2191251.0
2026-05-28,TCEHY,54.36,54.71,54.12,54.62,2754682.0
2026-05-29,BYDDY,11.62,11.64,11.55,11.59,2453860.0
2026-05-29,NTDOY,11.2,11.2,11.06,11.15,2532715.0
2026-05-29,SFTBY,23.73,23.82,23.25,23.65,1429869.0
2026-05-29,TCEHY,54.5,54.72,54.22,54.6,2976617.0
2026-06-01,BYDDY,11.6,11.75,11.54,11.68,2078944.0
2026-06-01,NTDOY,11.13,11.3,11.11,11.25,3073888.0
2026-06-01,SFTBY,27.02,28.97,26.69,28.68,4822883.0
2026-06-01,TCEHY,55.32,55.69,54.98,55.3,5015302.0
2026-06-02,BYDDY,12.19,12.25,12.14,12.14,1957543.0
2026-06-02,NTDOY,11.57,11.71,11.49,11.5,2714324.0
2026-06-02,SFTBY,27.08,27.67,26.65,27.38,1909621.0
2026-06-02,TCEHY,61.03,61.38,59.11,60.33,8593220.0
2026-06-03,BYDDY,11.82,11.86,11.7,11.72,2215021.0
2026-06-03,NTDOY,11.56,11.62,11.43,11.43,2750179.0
2026-06-03,SFTBY,26.55,26.55,24.76,26.2,2880133.0
2026-06-03,TCEHY,59.34,59.35,58.12,58.13,4796418.0
2026-06-04,BYDDY,11.74,11.74,11.63,11.65,935657.0
2026-06-04,NTDOY,11.35,11.45,11.2,11.43,2594342.0
2026-06-04,SFTBY,22.75,23.79,22.6,23.63,3587703.0
2026-06-04,TCEHY,58.38,58.98,58.06,58.18,5228544.0
2026-06-05,BYDDY,11.5,11.5,11.25,11.26,1746577.0
2026-06-05,NTDOY,11.69,11.74,11.45,11.51,2354043.0
2026-06-05,SFTBY,22.76,23.0,21.21,21.66,3664275.0
2026-06-05,TCEHY,57.97,57.98,56.64,56.95,3926626.0
2026-06-08,BYDDY,11.31,11.32,11.14,11.18,1192913.0
2026-06-08,NTDOY,11.89,12.5,11.84,12.23,5564242.0
2026-06-08,SFTBY,22.58,23.27,22.35,22.65,2267380.0
2026-06-08,TCEHY,57.04,57.4,56.52,56.65,3900964.0
2026-06-09,BYDDY,11.28,11.3,11.08,11.14,1949654.0
2026-06-09,NTDOY,12.2,12.2,10.81,11.13,6762799.0
2026-06-09,SFTBY,22.25,22.25,19.82,20.43,3475184.0
2026-06-09,TCEHY,57.97,58.47,57.09,57.63,8217354.0
2026-06-10,BYDDY,11.06,11.1,11.0,11.0,1943804.0
2026-06-10,NTDOY,11.15,11.19,11.05,11.1,2476291.0
2026-06-10,SFTBY,19.76,20.59,19.54,19.65,1804392.0
2026-06-10,TCEHY,59.1,59.57,58.93,59.18,5097390.0
2026-06-11,BYDDY,10.83,11.06,10.79,11.01,1505007.0
2026-06-11,NTDOY,11.05,11.23,11.01,11.229,2976852.0
2026-06-11,SFTBY,19.73,22.0,19.7,21.75,1831089.0
2026-06-11,TCEHY,58.08,59.3,57.74,59.18,4701481.0
2026-06-12,BYDDY,11.05,11.07,10.99,11.03,800720.0
2026-06-12,NTDOY,11.22,11.26,11.12,11.18,1556452.0
2026-06-12,SFTBY,20.57,22.06,20.47,21.91,4146573.0
2026-06-12,TCEHY,59.09,59.34,58.71,59.06,2238401.0
2026-06-15,BYDDY,11.0,11.01,10.89,10.94,1554551.0
2026-06-15,NTDOY,11.1,11.12,10.95,11.05,4025605.0
2026-06-15,SFTBY,22.25,23.55,21.92,23.07,2319482.0
2026-06-15,TCEHY,58.93,59.2,58.55,58.8,2132220.0
2026-06-16,BYDDY,10.7,10.72,10.53,10.62,3599461.0
2026-06-16,NTDOY,11.18,11.24,11.16,11.2,1542112.0
2026-06-16,SFTBY,22.02,22.73,21.9,21.9,3970275.0
2026-06-16,TCEHY,57.32,57.36,56.66,57.22,3151954.0
2026-06-17,BYDDY,10.42,10.6,10.39,10.39,3209269.0
2026-06-17,NTDOY,11.29,11.35,11.15,11.16,4490012.0
2026-06-17,SFTBY,21.63,23.07,21.55,21.86,5838530.0
2026-06-17,TCEHY,56.81,57.19,55.73,55.73,3483507.0
2026-06-18,BYDDY,10.27,10.3,10.21,10.29,1743646.0
2026-06-18,NTDOY,11.11,11.15,10.97,11.01,2068013.0
2026-06-18,SFTBY,22.47,23.68,22.46,23.41,8181586.0
2026-06-18,TCEHY,56.1,56.38,55.8,56.1,3573701.0
2026-06-22,BYDDY,10.01,10.02,9.91,9.93,2794151.0
2026-06-22,NTDOY,10.78,10.87,10.73,10.73,3799685.0
2026-06-22,SFTBY,22.81,22.9,22.1,22.23,5437325.0
2026-06-22,TCEHY,55.53,55.59,54.3,55.31,3977367.0
2026-06-23,BYDDY,9.68,9.71,9.6,9.62,2500094.0
2026-06-23,NTDOY,10.63,10.71,10.6,10.67,3209290.0
2026-06-23,SFTBY,19.64,20.6,19.31,20.35,7455054.0
2026-06-23,TCEHY,53.07,53.96,53.0,53.62,4419857.0
2026-06-24,BYDDY,9.65,9.7,9.6,9.61,1450247.0
2026-06-24,NTDOY,10.63,10.63,10.5,10.52,3074649.0
2026-06-24,SFTBY,20.45,20.64,19.88,20.08,7026687.0
2026-06-24,TCEHY,54.6,55.19,54.51,55.0,4673060.0
2026-06-25,BYDDY,9.68,9.71,9.6,9.67,1707626.0
2026-06-25,NTDOY,10.53,10.56,10.35,10.37,2768755.0
2026-06-25,SFTBY,21.8,21.96,20.32,20.88,2942573.0
2026-06-25,TCEHY,54.05,54.15,53.15,53.41,5799822.0
2026-06-26,BYDDY,9.31,9.37,9.28,9.37,1526866.0
2026-06-26,NTDOY,10.19,10.27,10.18,10.19,3998096.0
2026-06-26,SFTBY,19.2,19.99,18.75,19.71,6104157.0
2026-06-26,TCEHY,52.85,53.53,52.84,53.32,6916078.0
2026-06-29,BYDDY,9.3,9.34,9.28,9.31,2000688.0
2026-06-29,NTDOY,10.68,10.8,10.64,10.68,4006330.0
2026-06-29,SFTBY,18.34,19.33,17.85,19.06,10205435.0
2026-06-29,TCEHY,53.42,54.1,53.4,53.64,3582791.0
2026-06-30,BYDDY,9.31,9.32,9.21,9.27,1380991.0
2026-06-30,NTDOY,10.47,10.51,10.39,10.48,2211654.0
2026-06-30,SFTBY,18.39,19.05,18.27,18.82,4130049.0
2026-06-30,TCEHY,54.47,55.36,54.45,55.22,2773421.0
2026-07-01,BYDDY,9.55,9.95,9.55,9.78,2075824.0
2026-07-01,NTDOY,10.72,10.81,10.72,10.74,4565272.0
2026-07-01,SFTBY,18.06,18.27,17.69,17.71,5265298.0
2026-07-01,TCEHY,55.21,56.74,54.9,56.2,4437250.0
2026-07-02,BYDDY,10.14,10.3,10.0,10.14,2708149.0
2026-07-02,NTDOY,10.99,11.13,10.92,11.085,5067073.0
2026-07-02,SFTBY,19.35,19.88,18.14,18.45,4846127.0
2026-07-02,TCEHY,55.17,55.81,54.84,55.35,4541600.0
2026-07-06,BYDDY,10.65,10.69,10.56,10.63,2552573.0
2026-07-06,NTDOY,10.86,10.9,10.75,10.9,5417155.0
2026-07-06,SFTBY,18.56,18.86,18.5,18.63,2810776.0
2026-07-06,TCEHY,57.51,58.28,57.37,57.73,4512010.0
2026-07-07,BYDDY,10.63,10.64,10.51,10.6,1042662.0
2026-07-07,NTDOY,10.98,11.1,10.95,11.07,3383188.0
2026-07-07,SFTBY,17.7,17.87,17.11,17.43,2797653.0
2026-07-07,TCEHY,58.86,59.57,58.71,58.9,3685081.0
2026-07-08,BYDDY,10.74,10.83,10.7,10.75,1230860.0
2026-07-08,NTDOY,10.89,10.91,10.73,10.85,1510608.0
2026-07-08,SFTBY,17.59,18.27,17.54,18.15,1927875.0
2026-07-08,TCEHY,60.71,60.97,60.12,60.93,4866564.0
2026-07-09,BYDDY,10.52,10.55,10.5,10.51,1341257.0
2026-07-09,NTDOY,10.9,10.97,10.89,10.94,2643184.0
2026-07-09,SFTBY,18.07,19.02,18.0,18.73,4746474.0
2026-07-09,TCEHY,59.94,59.99,59.55,59.75,3695080.0
2026-07-10,BYDDY,10.78,10.87,10.75,10.81,862764.0
2026-07-10,NTDOY,10.83,11.0,10.8,10.97,2741499.0
2026-07-10,SFTBY,19.62,19.66,19.0,19.49,2770316.0
2026-07-10,TCEHY,59.0,59.35,58.81,59.31,3090285.0
2026-07-13,BYDDY,10.73,10.74,10.52,10.58,1373132.0
2026-07-13,NTDOY,10.96,10.97,10.84,10.86,2524277.0
2026-07-13,SFTBY,19.5,19.67,18.52,18.85,4169004.0
2026-07-13,TCEHY,58.4,58.69,57.87,58.01,3957790.0
2026-07-14,BYDDY,10.98,11.0,10.89,10.9,1236040.0
2026-07-14,NTDOY,10.83,10.9,10.79,10.83,8068688.0
2026-07-14,SFTBY,20.58,20.6,18.95,19.15,8291374.0
2026-07-14,TCEHY,58.11,58.7,58.09,58.34,2533952.0
2026-07-15,BYDDY,11.06,11.13,11.03,11.08,965053.0
2026-07-15,NTDOY,10.78,10.78,10.68,10.73,4321996.0
2026-07-15,SFTBY,19.6,19.62,18.49,18.93,3463158.0
2026-07-15,TCEHY,60.25,62.0,59.92,61.25,4425040.0
2026-07-16,BYDDY,11.5,11.54,11.43,11.43,1156905.0
2026-07-16,NTDOY,10.85,10.89,10.77,10.83,6180489.0
2026-07-16,SFTBY,18.18,18.26,17.42,17.76,4239774.0
2026-07-16,TCEHY,61.72,61.78,60.86,61.27,3079529.0
2026-07-17,BYDDY,11.25,11.33,11.16,11.31,740207.0
2026-07-17,NTDOY,11.15,11.28,11.03,11.07,8264656.0
2026-07-17,SFTBY,16.56,17.7,16.11,17.34,5336376.0
2026-07-17,TCEHY,58.92,59.46,58.59,59.06,3320456.0
2026-07-20,BYDDY,11.45,11.48,11.38,11.41,1469755.0
2026-07-20,NTDOY,11.12,11.12,10.86,10.96,17646878.0
2026-07-20,SFTBY,17.62,17.73,17.0,17.1,2522398.0
2026-07-20,TCEHY,60.86,62.0,60.38,61.28,3656480.0
2026-07-21,BYDDY,11.43,11.44,11.31,11.35,761127.0
2026-07-21,NTDOY,10.71,10.71,10.55,10.57,15421058.0
2026-07-21,SFTBY,17.77,18.36,17.58,18.16,2111565.0
2026-07-21,TCEHY,60.1,60.29,58.94,59.12,4189654.0
2026-07-22,BYDDY,11.17,11.2,11.14,11.14,2644345.0
2026-07-22,NTDOY,10.8,10.8,10.55,10.56,3450026.0
2026-07-22,SFTBY,17.28,17.96,17.2,17.67,1832298.0
2026-07-22,TCEHY,56.22,56.49,55.42,55.54,5313162.0
2026-07-23,BYDDY,11.17,11.22,11.05,11.05,791308.0
2026-07-23,NTDOY,10.62,10.67,10.46,10.48,2326079.0
2026-07-23,SFTBY,17.57,17.85,17.28,17.55,1484686.0
2026-07-23,TCEHY,56.21,56.25,54.88,55.36,5034628.0
2026-07-24,BYDDY,11.25,11.28,11.09,11.12,1368476.0
2026-07-24,NTDOY,10.6,10.72,10.56,10.63,2358097.0
2026-07-24,SFTBY,16.78,17.01,16.31,16.33,7917313.0
2026-07-24,TCEHY,55.24,55.82,54.95,55.58,3714506.0
2026-07-27,BYDDY,11.2,11.3,11.17,11.27,1491249.0
2026-07-27,NTDOY,11.27,11.74,11.17,11.46,7670029.0
2026-07-27,SFTBY,16.34,16.5,15.78,16.26,8124136.0
2026-07-27,TCEHY,56.35,57.25,56.35,57.17,3468647.0
2026-07-28,BYDDY,11.38,11.52,11.35,11.51,1232054.0
2026-07-28,NTDOY,11.72,11.85,11.64,11.7,5653206.0
2026-07-28,SFTBY,15.46,15.76,14.95,15.56,5007178.0
2026-07-28,TCEHY,57.15,57.83,56.97,57.7,3079263.0
2026-07-29,BYDDY,11.83,11.99,11.74,11.85,1305027.0
2026-07-29,NTDOY,12.08,12.3,12.08,12.11,3091071.0
2026-07-29,SFTBY,14.74,15.29,14.08,14.18,6033787.0
2026-07-29,TCEHY,58.9,60.12,58.8,59.2,4736755.0
2026-07-30,BYDDY,12.0,12.05,11.91,11.99,2657315.0
2026-07-30,NTDOY,12.27,12.355,11.56,12.01,5231523.0
2026-07-30,SFTBY,15.0,16.5,14.84,15.44,5882018.0
2026-07-30,TCEHY,59.59,60.76,59.55,60.55,4046971.0
2026-07-31,BYDDY,11.94,11.94,11.83,11.92,1102577.0
2026-07-31,NTDOY,11.93,11.987,11.73,11.82,1266482.0
2026-07-31,SFTBY,16.46,16.69,15.46,15.47,3912021.0
2026-07-31,TCEHY,60.55,61.45,60.19,61.43,3461566.0
2026-08-03,BYDDY,12.07,12.1,12.0,12.05,1384220.0
2026-08-03,NTDOY,12.03,12.17,12.0,12.13,1543013.0
2026-08-03,SFTBY,16.55,16.75,16.12,16.59,12427863.0
2026-08-03,TCEHY,62.17,62.85,62.0,62.58,2826601.0
2026-08-04,BYDDY,11.79,11.95,11.79,11.95,1165872.0
2026-08-04,NTDOY,11.93,12.07,11.89,12.07,2078776.0
2026-08-04,SFTBY,16.83,18.04,16.72,17.83,5400281.0
2026-08-04,TCEHY,61.75,62.88,61.72,62.78,2993562.0
2026-08-05,BYDDY,11.89,11.9,11.75,11.78,718702.0
2026-08-05,NTDOY,11.74,11.87,11.71,11.77,2979190.0
2026-08-05,SFTBY,18.75,18.75,17.85,18.14,5464578.0
2026-08-05,TCEHY,62.88,62.88,61.44,61.56,3464655.0
2026-08-06,BYDDY,11.45,11.49,11.36,11.48,1018178.0
2026-08-06,NTDOY,12.57,13.09,12.49,12.9,3504816.0
2026-08-06,SFTBY,17.5,18.42,17.38,17.73,9942854.0
2026-08-06,TCEHY,61.3,61.4,60.7,60.73,2647264.0
2026-08-07,BYDDY,11.47,11.55,11.46,11.51,482130.0
2026-08-07,NTDOY,12.7,12.74,12.6,12.72,1241068.0
2026-08-07,SFTBY,17.86,18.0,17.32,17.6,1512516.0
2026-08-07,TCEHY,61.03,62.33,61.03,61.92,3208350.0
2026-08-10,BYDDY,11.56,11.77,11.56,11.77,674982.0
2026-08-10,NTDOY,12.9,13.12,12.9,13.12,1595510.0
2026-08-10,SFTBY,17.37,17.48,16.76,16.76,1672430.0
2026-08-10,TCEHY,61.42,61.69,61.21,61.52,2403707.0
2026-08-11,BYDDY,11.48,11.53,11.3,11.36,1515765.0
2026-08-11,NTDOY,13.24,13.24,13.05,13.15,1002691.0
2026-08-11,SFTBY,17.11,17.28,16.8,17.11,1860649.0
2026-08-11,TCEHY,60.0,60.85,59.3,59.52,3613885.0
2026-08-12,BYDDY,11.34,11.38,11.31,11.33,505182.0
2026-08-12,NTDOY,13.2,13.33,13.18,13.18,1191029.0
2026-08-12,SFTBY,17.77,17.88,17.09,17.46,2532725.0
2026-08-12,TCEHY,58.34,58.35,55.8,56.28,6397599.0
2026-08-13,BYDDY,11.27,11.27,11.12,11.18,828338.0
2026-08-13,NTDOY,13.18,13.2,13.02,13.198,789395.0
2026-08-13,SFTBY,17.45,18.42,17.43,17.95,3785406.0
2026-08-13,TCEHY,56.32,56.49,55.18,55.27,4480129.0
2026-08-14,BYDDY,11.21,11.26,11.11,11.26,1362056.0
2026-08-14,NTDOY,13.89,14.04,13.89,13.99,2975783.0
2026-08-14,SFTBY,18.07,18.16,17.8,17.95,2524890.0
2026-08-14,TCEHY,56.2,56.53,55.64,56.5,3657604.0
2026-08-17,BYDDY,11.44,11.47,11.38,11.44,513088.0
2026-08-17,NTDOY,13.81,13.81,13.66,13.73,1742897.0
2026-08-17,SFTBY,18.48,18.61,17.97,18.17,2999197.0
2026-08-17,TCEHY,57.07,57.14,56.5,56.77,2897741.0
2026-08-18,BYDDY,11.44,11.47,11.32,11.35,556146.0
2026-08-18,NTDOY,13.65,14.09,13.589,13.945,3328759.0
2026-08-18,SFTBY,18.06,18.06,17.21,17.47,3495054.0
2026-08-18,TCEHY,56.45,56.57,55.95,56.39,2117527.0
2026-08-19,BYDDY,11.34,11.51,11.33,11.49,954610.0
2026-08-19,NTDOY,13.55,13.9,13.51,13.79,3743464.0
2026-08-19,SFTBY,16.88,17.2,16.33,16.58,3603594.0
2026-08-19,TCEHY,57.07,57.77,57.02,57.72,3555145.0
2026-08-20,BYDDY,11.65,11.65,11.54,11.62,743125.0
2026-08-20,NTDOY,13.78,13.88,13.55,13.63,2126721.0
2026-08-20,SFTBY,16.58,16.82,16.46,16.77,2619729.0
2026-08-20,TCEHY,57.0,57.89,56.78,57.17,3014375.0
2026-08-21,BYDDY,11.78,11.82,11.74,11.78,849516.0
2026-08-21,NTDOY,13.55,13.57,13.4,13.55,3068645.0
2026-08-21,SFTBY,16.63,16.74,16.39,16.53,2547372.0
2026-08-21,TCEHY,58.15,58.67,57.98,58.07,3403809.0
2026-08-24,BYDDY,11.75,11.75,11.52,11.58,781989.0
2026-08-24,NTDOY,13.69,13.84,13.69,13.82,1087599.0
2026-08-24,SFTBY,15.69,15.84,15.37,15.77,2378212.0
2026-08-24,TCEHY,56.33,57.2,56.28,57.09,4355736.0
2026-08-25,BYDDY,11.8,11.94,11.8,11.9,1271349.0
2026-08-25,NTDOY,13.85,13.89,13.83,13.87,552224.0
2026-08-25,SFTBY,15.84,16.24,15.84,16.04,2378599.0
2026-08-25,TCEHY,56.5,56.8,56.25,56.55,2948897.0
2026-08-26,BYDDY,11.76,11.88,11.65,11.65,806019.0
2026-08-26,NTDOY,13.86,13.98,13.82,13.84,630785.0
2026-08-26,SFTBY,16.0,16.38,16.0,16.34,1558672.0
2026-08-26,TCEHY,56.82,57.18,56.32,56.46,3090266.0
2026-08-27,BYDDY,11.57,11.6,11.48,11.5,768635.0
2026-08-27,NTDOY,13.63,13.74,13.59,13.72,1996812.0
2026-08-27,SFTBY,16.4,16.74,16.2,16.4,3439419.0
2026-08-27,TCEHY,56.99,57.43,56.78,56.89,2525083.0
2026-08-28,BYDDY,11.54,11.54,11.36,11.45,676462.0
2026-08-28,NTDOY,14.07,14.07,13.87,13.92,1607748.0
2026-08-28,SFTBY,16.03,16.28,15.71,15.79,2219994.0
2026-08-28,TCEHY,58.02,58.27,57.58,57.96,3567814.0
2026-08-31,BYDDY,11.08,11.12,11.02,11.03,1354073.0
2026-08-31,NTDOY,14.1,14.13,13.89,13.97,1510999.0
2026-08-31,SFTBY,16.01,16.37,15.99,16.15,1680221.0
2026-08-31,TCEHY,57.5,57.84,57.09,57.19,2698839.0
2026-09-01,BYDDY,11.15,11.33,11.03,11.04,767561.0
2026-09-01,NTDOY,13.99,14.1,13.93,13.99,1581751.0
2026-09-01,SFTBY,16.15,16.2,15.68,15.88,2392777.0
2026-09-01,TCEHY,56.0,56.82,55.86,56.09,2919025.0
2026-09-02,BYDDY,10.96,10.96,10.85,10.89,1118340.0
2026-09-02,NTDOY,13.87,13.89,13.77,13.83,764330.0
2026-09-02,SFTBY,15.38,15.85,15.27,15.66,2264080.0
2026-09-02,TCEHY,55.81,56.47,55.66,56.09,4020770.0
2026-09-03,BYDDY,10.88,11.03,10.84,11.01,1187666.0
2026-09-03,NTDOY,14.11,14.29,13.96,14.25,1082623.0
2026-09-03,SFTBY,16.16,16.76,15.86,16.44,5267534.0
2026-09-03,TCEHY,55.61,56.0,55.32,55.85,2755000.0
2026-09-04,BYDDY,10.9,11.0,10.9,10.93,513404.0
2026-09-04,NTDOY,14.0,14.18,13.95,14.07,1125022.0
2026-09-04,SFTBY,17.71,17.98,17.63,17.72,4584167.0
2026-09-04,TCEHY,56.35,56.72,56.1,56.6,2747452.0
2026-09-08,BYDDY,10.72,10.73,10.62,10.66,900232.0
2026-09-08,NTDOY,14.3,14.39,13.86,13.9,1251840.0
2026-09-08,SFTBY,21.65,21.7,20.21,20.85,9788848.0
2026-09-08,TCEHY,55.62,55.73,55.1,55.25,3004503.0
